amount,hour,previous_transactions_24h,failed_attempts,distance_from_home_km,account_age_days,card_present,international_transaction,transaction_type,merchant_category,is_fraud
4216.47,12,4,1,46.21,2953,Yes,Yes,POS,Other,0
5614.09,5,2,0,12.89,2350,Yes,Yes,Transfer,Other,0
3734.3,17,4,0,7.29,2316,Yes,Yes,ATM,Grocery,0
3368.85,13,3,0,40.62,84,Yes,No,POS,Restaurant,0
6069.86,15,4,0,26.47,2081,Yes,No,ATM,Restaurant,0
3575.02,6,4,0,23.7,2431,Yes,No,Online,Other,0
4695.86,6,1,0,14.87,1246,No,No,Online,Fuel,0
4400.89,15,4,0,69.37,1416,No,Yes,Online,Travel,1
6066.43,8,6,0,31.43,767,Yes,No,Online,Travel,0
41674.49,4,23,5,410.9,93,No,Yes,Online,Travel,1
7402.48,3,5,0,98.79,1023,Yes,No,Online,Grocery,0
2462.87,7,3,0,89.92,566,Yes,Yes,POS,Electronics,1
4896.46,2,3,0,21.61,2977,Yes,Yes,POS,Electronics,0
4530.66,2,1,0,11.08,708,Yes,No,POS,Other,0
2301.13,6,2,0,19.51,571,Yes,No,Online,Restaurant,0
5163.92,11,3,0,16.79,2397,Yes,Yes,POS,Other,0
44726.73,4,19,4,231.49,120,No,Yes,Online,Travel,1
1762.89,2,2,0,23.3,41,Yes,No,POS,Fuel,0
5589.35,21,3,0,33.8,1763,No,Yes,Online,Jewellery,0
1274.35,12,2,0,20.86,963,No,No,POS,Restaurant,0
2024.69,17,4,0,32.86,2087,No,No,POS,Fuel,0
3705.21,17,3,0,51.7,967,Yes,No,POS,Travel,0
6041.0,2,3,1,7.44,290,No,No,POS,Grocery,0
5371.45,14,4,2,27.18,819,Yes,No,ATM,Grocery,0
4172.36,20,6,1,61.76,1205,Yes,No,POS,Electronics,0
949.47,10,4,0,23.97,939,No,No,Online,Electronics,0
2380.9,20,5,0,28.2,1794,Yes,No,Transfer,Electronics,0
2777.76,22,3,0,27.56,376,Yes,No,POS,Grocery,0
1698.82,13,3,0,6.69,1953,No,No,Online,Restaurant,0
738.05,2,4,0,32.91,508,Yes,No,POS,Fuel,0
3826.36,14,3,0,5.45,1809,Yes,No,Transfer,Other,0
5480.16,21,1,0,10.88,1675,Yes,No,POS,Fuel,0
2623.29,13,1,0,32.26,497,No,Yes,POS,Jewellery,0
5992.48,19,1,0,24.97,1689,Yes,No,POS,Electronics,0
1147.87,12,4,1,17.83,2906,Yes,No,Transfer,Grocery,1
45922.85,0,16,2,419.98,53,No,Yes,Online,Jewellery,1
3772.58,22,1,0,29.64,2269,Yes,No,ATM,Grocery,0
2464.99,3,2,0,34.7,1601,Yes,No,ATM,Grocery,0
5195.26,10,2,0,20.19,2316,No,No,ATM,Jewellery,0
4663.17,3,4,0,89.58,1319,Yes,No,POS,Electronics,0
2593.9,15,5,0,0.33,935,No,Yes,Online,Other,0
1243.69,22,2,1,28.98,294,Yes,No,POS,Electronics,0
2382.77,23,6,0,8.48,1458,No,No,POS,Other,0
4736.38,5,1,0,34.67,2210,No,No,POS,Grocery,0
5326.38,17,3,0,19.17,2580,Yes,No,Transfer,Other,0
2472.8,20,1,1,11.95,1343,Yes,No,POS,Grocery,0
734.24,20,4,0,37.2,2078,Yes,No,ATM,Grocery,0
1093.93,12,2,3,29.33,2279,Yes,No,POS,Electronics,0
4492.16,4,5,0,19.5,728,Yes,No,Online,Jewellery,0
2563.16,11,5,0,3.76,588,No,No,Online,Travel,1
2607.8,18,1,0,33.12,1691,Yes,No,POS,Fuel,0
1597.26,14,4,0,15.34,1849,No,No,Online,Travel,0
1573.33,9,4,1,82.92,149,No,No,POS,Electronics,1
5929.17,5,6,0,57.44,2175,Yes,No,POS,Grocery,0
4595.6,15,3,1,21.87,1449,Yes,No,Online,Grocery,0
2150.4,10,3,0,23.31,1091,No,No,Online,Jewellery,0
3590.53,11,6,1,2.12,1406,Yes,No,Online,Travel,0
4015.31,22,3,0,21.26,1444,Yes,No,ATM,Electronics,0
9089.15,0,3,0,57.65,2163,Yes,No,Online,Electronics,0
1469.16,5,2,0,38.64,202,No,No,POS,Electronics,0
3980.59,22,2,0,49.22,2540,Yes,Yes,Transfer,Grocery,0
5910.63,22,3,0,34.07,818,Yes,Yes,Transfer,Jewellery,0
8446.3,7,3,0,10.21,2581,No,Yes,POS,Restaurant,0
2069.47,23,3,0,13.03,501,Yes,No,Transfer,Grocery,0
2539.63,5,0,0,11.78,1085,Yes,Yes,Transfer,Restaurant,0
5226.56,1,3,1,17.29,1130,Yes,No,Online,Electronics,0
935.6,7,2,1,39.83,537,Yes,No,ATM,Restaurant,0
81213.0,2,17,7,272.75,75,No,Yes,Transfer,Jewellery,1
11101.11,0,2,1,39.44,14,Yes,No,POS,Fuel,1
4535.66,4,2,1,23.46,2487,Yes,No,POS,Electronics,0
421.2,18,4,0,111.7,359,Yes,Yes,POS,Grocery,0
1781.07,14,3,0,6.34,2203,Yes,No,Online,Grocery,0
2118.3,14,1,0,19.59,61,Yes,No,POS,Grocery,0
6772.42,23,4,1,22.86,2598,Yes,No,POS,Other,0
3034.78,5,2,1,49.43,756,Yes,No,POS,Other,0
745.07,21,5,0,43.53,2843,No,No,POS,Grocery,0
3279.46,8,1,1,8.9,1421,Yes,No,ATM,Grocery,0
3740.67,22,2,0,4.69,1696,Yes,No,ATM,Electronics,0
2325.6,18,3,0,18.18,1438,Yes,No,POS,Jewellery,0
1551.52,5,3,0,32.97,2238,No,No,Online,Grocery,0
11833.23,5,2,1,19.65,658,Yes,No,Online,Grocery,0
5922.67,13,6,0,25.71,1475,Yes,No,Online,Electronics,0
6261.13,12,6,1,6.6,749,Yes,Yes,POS,Grocery,0
3039.32,5,2,3,32.59,2359,Yes,No,POS,Travel,0
2043.25,6,3,1,29.41,2574,No,No,POS,Other,0
2410.68,21,1,0,18.34,1614,Yes,No,Online,Other,0
1145.25,18,4,1,60.04,1873,Yes,No,Online,Travel,0
8981.66,4,2,0,17.6,2211,Yes,No,Online,Electronics,0
63757.98,23,12,7,309.85,109,No,Yes,Transfer,Jewellery,1
7753.89,3,3,0,36.71,832,No,No,Online,Other,0
2497.35,10,2,1,62.99,2843,Yes,No,Online,Electronics,0
4578.57,0,4,0,12.27,2063,Yes,No,POS,Restaurant,0
60445.59,3,12,7,476.97,138,No,Yes,Online,Travel,1
66009.35,1,14,3,310.37,158,No,Yes,Online,Jewellery,1
9681.45,5,5,0,59.69,1351,Yes,No,POS,Travel,0
2552.99,4,2,1,12.77,757,Yes,Yes,ATM,Electronics,0
49123.9,0,8,6,157.05,144,No,Yes,Transfer,Travel,1
5253.43,1,4,0,10.26,2060,Yes,No,Online,Restaurant,0
34766.99,4,12,6,80.68,127,No,Yes,Transfer,Travel,1
4310.44,20,5,0,11.5,1117,No,No,Online,Travel,0
3637.73,7,5,0,58.51,677,Yes,No,POS,Restaurant,0
469.52,18,3,0,17.29,1890,Yes,No,POS,Fuel,0
1733.64,13,1,0,26.0,2567,No,No,POS,Jewellery,0
1680.04,6,4,0,30.8,1978,Yes,No,Online,Fuel,0
6203.27,1,1,0,58.68,43,No,No,POS,Grocery,0
3485.9,18,4,0,78.89,2016,Yes,No,POS,Electronics,0
4760.26,0,3,0,33.99,1318,Yes,Yes,POS,Grocery,0
2666.87,10,4,1,43.75,2053,Yes,Yes,POS,Fuel,0
4914.71,0,2,0,12.3,1145,Yes,No,POS,Fuel,0
3044.17,18,3,0,73.72,1257,Yes,No,Online,Electronics,0
2888.99,23,1,0,45.21,1357,Yes,Yes,POS,Electronics,0
3863.22,7,3,1,130.58,1877,Yes,No,Online,Jewellery,1
3637.49,7,0,0,27.34,2524,No,No,POS,Grocery,0
14182.27,13,7,0,13.85,2721,Yes,No,POS,Electronics,0
1718.15,12,2,0,20.72,538,Yes,No,POS,Grocery,0
943.07,9,1,0,57.66,213,Yes,No,POS,Restaurant,0
4247.46,8,8,0,74.32,2501,No,No,ATM,Other,0
1917.01,4,1,0,95.73,2351,Yes,No,POS,Other,0
412.64,6,4,0,14.73,841,Yes,Yes,ATM,Electronics,1
67691.17,0,23,4,245.29,52,No,Yes,Online,Jewellery,1
12308.2,17,5,1,24.78,386,Yes,Yes,POS,Electronics,1
1682.0,18,4,1,12.22,1402,No,No,POS,Grocery,0
676.05,12,4,1,52.09,855,No,No,POS,Restaurant,0
11837.64,18,5,0,23.61,500,Yes,No,ATM,Grocery,0
1370.09,14,2,0,21.53,2437,Yes,Yes,Online,Travel,0
16814.3,8,3,0,21.62,2349,Yes,No,Online,Other,0
2583.3,8,5,1,19.85,1592,No,No,POS,Fuel,0
9706.45,12,4,0,7.74,121,No,No,POS,Fuel,0
2842.17,7,6,1,13.06,427,Yes,No,Online,Grocery,0
4596.63,18,1,0,44.71,2106,Yes,No,Online,Electronics,0
3091.52,4,4,2,10.86,1131,Yes,No,POS,Jewellery,1
2857.64,1,7,0,43.49,1210,Yes,Yes,Online,Electronics,0
4013.92,11,4,0,29.96,2445,Yes,No,Online,Fuel,0
4708.16,1,3,0,57.88,802,No,No,POS,Electronics,0
3806.92,4,4,1,27.58,2934,Yes,No,POS,Restaurant,0
3542.43,9,2,0,13.89,2881,Yes,No,Online,Other,0
1929.55,0,1,1,13.4,1792,Yes,No,POS,Fuel,0
78665.07,3,23,6,107.05,97,No,Yes,Transfer,Electronics,1
8954.61,13,3,0,14.85,2965,Yes,No,Online,Restaurant,0
1861.11,8,2,1,22.93,642,Yes,No,Transfer,Jewellery,1
4094.05,21,4,0,62.66,2598,No,No,POS,Other,0
7273.1,2,2,0,44.9,1300,No,No,POS,Jewellery,0
4734.53,17,1,1,20.89,2581,Yes,No,POS,Fuel,0
6245.83,14,1,2,11.46,913,Yes,No,Online,Travel,0
1352.18,15,2,0,38.66,2149,Yes,No,POS,Travel,0
4101.17,16,5,2,15.87,2186,Yes,No,ATM,Fuel,0
2741.47,1,2,2,11.64,1125,No,No,ATM,Grocery,0
2827.63,19,2,0,38.92,100,Yes,No,POS,Restaurant,0
8483.44,7,4,0,13.08,902,Yes,No,ATM,Restaurant,0
2860.53,15,3,1,50.0,2079,Yes,No,POS,Grocery,1
4191.76,7,1,0,5.84,2377,No,Yes,POS,Restaurant,0
83196.06,1,9,7,115.56,49,No,Yes,Online,Electronics,1
9699.75,16,2,1,12.33,2679,No,No,POS,Fuel,0
6013.56,22,5,0,46.95,2353,Yes,No,POS,Restaurant,0
3261.43,21,6,0,26.55,313,Yes,No,POS,Restaurant,0
2652.77,17,1,0,46.09,1008,Yes,No,POS,Restaurant,0
5056.25,12,4,0,10.2,1576,Yes,No,ATM,Grocery,0
7217.0,12,4,0,44.99,64,Yes,No,POS,Electronics,0
9782.39,23,1,0,42.0,830,Yes,No,POS,Grocery,0
5885.28,4,2,1,13.17,2292,Yes,Yes,Transfer,Restaurant,0
3576.33,22,1,0,14.15,2563,No,No,POS,Electronics,0
6478.5,15,2,1,14.37,406,Yes,No,ATM,Restaurant,0
5724.62,14,3,1,83.57,1794,No,No,POS,Restaurant,0
3586.12,14,5,1,25.08,1438,Yes,Yes,Online,Grocery,1
5615.53,19,3,1,9.02,2562,No,No,Transfer,Other,1
5546.63,16,1,0,13.74,2500,Yes,No,Transfer,Electronics,0
76670.06,3,22,7,497.99,47,No,Yes,Online,Jewellery,1
2289.79,18,3,0,29.85,2775,Yes,No,Online,Grocery,0
63500.61,1,20,2,301.68,72,No,Yes,Online,Electronics,1
1482.74,21,6,1,5.72,745,Yes,No,POS,Electronics,0
1218.31,22,8,1,12.12,756,Yes,No,POS,Other,0
4237.21,22,3,2,59.09,2516,No,No,Online,Grocery,1
5140.47,1,2,0,30.8,2100,Yes,No,POS,Travel,0
4215.48,15,3,0,12.51,2330,No,No,Transfer,Grocery,1
4534.11,22,6,0,111.19,852,No,No,POS,Fuel,0
5082.77,23,8,0,30.2,2771,Yes,No,POS,Travel,0
8503.7,13,3,0,129.02,519,No,No,Online,Fuel,0
5951.61,21,3,0,10.27,2447,Yes,No,Online,Fuel,0
5834.88,21,1,0,7.63,1013,No,No,POS,Jewellery,0
4015.87,0,0,0,24.82,277,Yes,No,Online,Restaurant,0
4119.66,21,3,1,5.83,2467,No,No,POS,Grocery,0
3060.09,15,1,0,18.91,2833,Yes,No,Online,Fuel,0
4443.81,13,1,1,40.25,2912,Yes,No,Transfer,Electronics,0
1421.2,4,1,0,36.78,83,No,No,Online,Other,0
8528.77,22,6,1,29.7,1367,Yes,No,POS,Electronics,0
1766.4,7,2,2,12.74,1037,Yes,No,ATM,Fuel,0
5943.74,10,2,1,50.8,1013,No,No,ATM,Grocery,0
7852.48,7,3,1,22.59,1173,No,No,POS,Grocery,0
5934.57,23,4,1,2.29,66,Yes,No,Transfer,Electronics,0
67125.61,1,13,5,332.18,28,No,Yes,Transfer,Jewellery,1
45111.94,1,12,6,150.67,51,No,Yes,Transfer,Travel,1
2405.41,0,5,0,57.09,713,Yes,No,Online,Fuel,0
82154.17,0,17,3,108.71,72,No,Yes,Transfer,Electronics,1
1176.16,5,4,0,35.6,380,Yes,No,POS,Jewellery,0
1810.96,18,2,0,3.99,2025,Yes,No,Online,Restaurant,0
4871.01,0,3,2,39.46,2512,Yes,No,POS,Other,0
3545.45,21,3,1,5.58,2934,Yes,No,Online,Travel,0
4671.1,15,3,0,55.65,1929,Yes,No,POS,Other,0
3761.57,5,3,1,22.65,2646,Yes,Yes,POS,Grocery,0
4005.8,21,1,0,45.87,1429,Yes,No,Online,Electronics,0
1957.88,7,1,0,21.57,2710,Yes,Yes,Online,Electronics,1
3917.53,23,1,0,14.68,2326,No,No,POS,Jewellery,0
2531.73,14,3,0,5.2,2753,Yes,No,POS,Fuel,0
2797.72,10,4,1,3.39,2746,Yes,No,Online,Grocery,0
5890.72,1,2,0,14.36,2070,No,No,POS,Electronics,0
1123.8,6,1,0,25.6,679,Yes,No,POS,Jewellery,0
318.37,1,4,1,8.18,150,No,No,Transfer,Restaurant,0
5610.59,20,1,1,92.7,975,Yes,No,POS,Jewellery,0
3920.27,2,8,0,65.28,897,Yes,No,ATM,Jewellery,1
49795.13,0,15,3,137.3,57,No,Yes,Transfer,Electronics,1
1850.71,2,0,0,71.39,122,No,No,Transfer,Restaurant,0
3174.51,23,4,0,22.98,1636,Yes,No,POS,Travel,0
3641.69,23,1,1,8.34,2963,Yes,No,Online,Grocery,0
51233.97,4,23,5,238.55,62,No,Yes,Transfer,Travel,1
1664.93,1,2,0,42.16,1742,No,No,POS,Fuel,0
5799.0,12,4,0,12.8,483,Yes,No,POS,Grocery,0
1028.25,22,3,1,79.41,1267,Yes,No,POS,Grocery,0
1445.69,2,3,2,16.44,2966,Yes,No,Online,Other,0
3097.82,19,6,0,46.38,2018,Yes,No,Online,Electronics,0
6249.01,0,4,2,21.33,1609,No,No,ATM,Electronics,1
2260.6,19,4,0,11.68,2909,Yes,Yes,POS,Restaurant,0
2044.13,13,4,1,7.34,2588,Yes,No,POS,Fuel,0
2965.75,21,2,0,50.15,838,No,No,POS,Fuel,0
4380.97,9,4,1,32.83,1911,No,No,POS,Grocery,0
2635.53,18,2,0,13.59,1952,No,No,POS,Grocery,0
6777.28,20,1,0,50.82,1336,Yes,No,POS,Grocery,0
6964.04,7,3,0,14.16,556,Yes,No,POS,Restaurant,0
3097.71,15,1,0,31.56,2576,No,No,POS,Travel,0
10854.31,11,2,0,35.65,493,Yes,No,Online,Travel,0
3583.53,10,3,1,102.49,1075,Yes,No,Online,Fuel,0
6812.57,19,1,3,98.44,751,No,No,ATM,Electronics,1
59759.55,3,18,5,174.35,82,No,Yes,Online,Jewellery,1
4242.62,2,5,0,11.53,303,No,Yes,Online,Electronics,1
820.88,11,1,0,29.32,1365,No,No,Online,Fuel,0
1343.11,19,3,1,55.47,2532,Yes,No,ATM,Fuel,0
2739.31,3,6,0,3.13,2693,No,Yes,Online,Grocery,0
6929.88,8,1,0,82.71,629,No,No,POS,Travel,0
4339.7,16,2,0,17.47,1514,No,No,POS,Grocery,0
2758.07,11,3,1,53.83,1470,Yes,No,Online,Grocery,0
5174.31,14,2,0,17.68,984,Yes,No,Online,Travel,0
6764.12,12,3,1,77.08,2408,Yes,No,POS,Restaurant,0
3425.61,19,7,0,17.41,2179,No,No,Online,Fuel,0
3989.01,21,5,1,43.5,257,Yes,No,POS,Grocery,0
3640.14,10,4,0,26.04,2581,Yes,No,Transfer,Jewellery,1
3272.28,10,2,0,7.9,1105,Yes,Yes,Transfer,Grocery,0
54457.47,4,23,7,316.83,61,No,Yes,Online,Electronics,1
1720.78,10,1,0,2.47,2297,No,No,ATM,Electronics,0
5152.56,20,5,1,14.63,1440,No,No,Transfer,Restaurant,0
6848.1,12,2,1,34.63,2026,Yes,Yes,POS,Restaurant,0
2754.06,16,3,2,74.37,1326,Yes,No,Online,Electronics,0
2706.62,10,1,0,24.9,2339,No,No,POS,Restaurant,0
618.78,16,4,1,125.57,456,Yes,No,POS,Electronics,0
507.05,17,4,1,59.67,1818,Yes,No,POS,Electronics,0
31368.65,23,15,2,458.31,131,No,Yes,Online,Travel,1
1933.02,22,3,0,26.46,2168,Yes,No,POS,Travel,0
13569.4,21,0,0,40.21,2795,Yes,No,ATM,Electronics,0
2213.18,3,3,0,17.95,2283,Yes,No,ATM,Other,0
847.55,5,6,0,34.32,2178,Yes,No,Transfer,Restaurant,0
36820.21,0,9,2,447.03,135,No,Yes,Transfer,Travel,1
5754.16,9,4,1,25.81,1734,Yes,No,ATM,Grocery,0
29548.58,1,20,6,264.99,111,No,Yes,Transfer,Electronics,1
6136.93,19,5,2,16.6,1754,Yes,No,POS,Fuel,0
1544.3,14,2,0,5.53,1421,No,No,Online,Fuel,0
7881.95,3,5,1,101.09,79,Yes,No,POS,Electronics,1
8179.79,2,4,0,51.19,252,No,No,ATM,Restaurant,0
8408.96,19,3,1,38.68,1366,No,No,ATM,Restaurant,0
4085.9,18,7,0,80.88,825,Yes,No,Online,Travel,0
2596.53,8,4,0,53.64,2764,No,No,POS,Restaurant,0
2423.18,20,2,0,17.77,2955,Yes,No,ATM,Fuel,0
68046.3,2,23,4,131.83,100,No,Yes,Online,Jewellery,1
33806.37,23,13,6,156.07,143,No,Yes,Online,Jewellery,1
291.65,1,4,0,47.36,1746,No,Yes,POS,Grocery,0
734.98,15,5,1,3.61,756,Yes,No,POS,Grocery,0
4056.62,20,3,0,9.46,1137,No,No,ATM,Restaurant,0
83120.73,4,14,4,195.08,27,No,Yes,Online,Travel,1
37765.82,2,17,6,275.63,14,No,Yes,Transfer,Jewellery,1
5465.35,8,4,0,41.36,65,Yes,No,POS,Grocery,0
4448.65,6,5,1,11.67,977,Yes,No,Online,Travel,0
4192.96,6,2,0,33.16,2707,Yes,No,POS,Fuel,0
3200.33,2,5,0,52.47,264,Yes,No,POS,Restaurant,0
1876.68,6,4,0,14.31,1565,Yes,No,Transfer,Restaurant,0
1184.69,5,7,0,11.41,1739,Yes,No,Transfer,Fuel,0
35965.19,23,8,4,310.12,62,No,Yes,Transfer,Electronics,1
3239.16,5,1,1,64.47,2945,No,Yes,Transfer,Restaurant,0
3537.35,3,2,0,14.93,1178,Yes,No,POS,Other,0
6145.59,17,4,1,84.22,1094,Yes,No,POS,Fuel,0
3032.48,12,2,0,38.12,1532,Yes,Yes,Online,Restaurant,0
4947.24,5,4,0,72.09,2576,Yes,No,Online,Jewellery,0
958.73,16,2,0,6.14,1763,No,No,Online,Fuel,0
4096.49,5,2,2,45.76,137,Yes,No,POS,Fuel,0
3898.83,18,2,0,46.86,1350,Yes,No,Online,Grocery,0
7883.68,0,4,0,61.68,1520,Yes,Yes,Online,Grocery,0
2826.47,14,2,0,12.1,2641,Yes,No,Online,Fuel,0
2738.07,14,2,0,15.65,1966,No,No,POS,Grocery,0
5490.9,8,1,0,62.99,2040,No,No,Online,Fuel,0
1267.56,16,4,2,4.71,964,Yes,No,Online,Fuel,0
4022.93,9,3,0,10.58,2183,Yes,No,Online,Travel,0
1211.25,15,3,1,44.83,304,Yes,No,Online,Electronics,0
10174.13,5,5,0,17.71,595,Yes,No,POS,Fuel,0
71268.81,3,14,5,259.23,153,No,Yes,Transfer,Travel,1
83230.49,23,19,6,332.61,13,No,Yes,Transfer,Electronics,1
2285.46,23,2,0,79.5,219,No,Yes,POS,Restaurant,0
4040.03,8,2,0,19.03,1559,No,No,Online,Travel,0
4843.6,11,4,0,42.57,2665,No,No,ATM,Travel,0
7619.74,11,1,1,64.38,1197,No,No,Online,Electronics,0
2074.97,20,3,1,20.16,23,Yes,Yes,Online,Travel,1
5657.14,23,2,0,43.0,831,Yes,No,Online,Jewellery,0
735.72,15,1,1,81.03,217,No,No,Transfer,Fuel,1
1454.24,19,0,0,49.89,1913,Yes,No,Transfer,Other,0
984.05,2,2,0,36.62,2389,No,No,Transfer,Grocery,0
1791.11,18,2,0,49.6,872,Yes,No,POS,Fuel,0
5488.95,19,7,0,55.14,906,Yes,No,Online,Other,0
2114.95,17,3,2,24.66,972,Yes,No,Online,Restaurant,0
2438.65,14,3,0,82.41,1100,Yes,No,POS,Grocery,0
4115.67,21,1,0,31.11,2092,Yes,No,POS,Fuel,0
4706.94,15,3,0,57.86,926,Yes,No,POS,Jewellery,0
2495.94,20,0,0,9.76,1154,No,No,POS,Travel,0
1445.63,4,3,0,25.79,2673,Yes,No,POS,Other,0
9132.79,15,7,0,12.72,2290,Yes,No,POS,Restaurant,0
2508.63,10,3,0,39.21,2786,No,No,Online,Jewellery,0
2702.82,20,3,0,8.88,1077,No,No,POS,Travel,1
2964.23,21,0,0,49.96,2787,Yes,No,Transfer,Other,0
5046.33,20,0,0,41.94,902,Yes,No,POS,Electronics,0
911.96,5,1,2,22.82,928,Yes,Yes,Online,Grocery,0
11408.24,11,2,0,53.49,2859,Yes,No,POS,Restaurant,1
2646.83,0,3,0,9.82,609,No,No,POS,Electronics,0
5161.57,23,4,0,49.71,2457,Yes,No,POS,Restaurant,0
1153.6,6,5,0,11.04,2485,No,No,Transfer,Electronics,1
3830.71,14,3,0,14.88,2778,No,No,Online,Grocery,0
10310.83,11,3,0,64.51,2548,Yes,No,POS,Jewellery,0
9407.29,21,1,0,65.43,2472,Yes,No,ATM,Other,0
5071.03,19,4,1,38.99,1069,No,No,Online,Grocery,0
1693.9,18,6,0,123.64,1673,No,No,POS,Grocery,0
7361.01,15,5,1,88.09,1738,Yes,No,POS,Fuel,0
730.31,2,3,2,22.61,884,Yes,No,POS,Grocery,0
1643.46,22,5,1,10.78,1178,Yes,No,Online,Travel,1
3213.32,1,4,0,49.88,2553,Yes,No,POS,Grocery,0
797.08,10,3,0,32.23,54,Yes,No,POS,Other,0
2281.47,9,3,0,43.29,241,Yes,No,Online,Grocery,0
5733.32,9,2,1,46.37,1237,Yes,No,POS,Grocery,0
1942.41,23,3,1,13.45,2317,Yes,No,Online,Fuel,0
5913.11,5,2,0,9.94,2685,Yes,Yes,ATM,Electronics,0
13335.51,13,2,1,43.98,2054,Yes,No,POS,Restaurant,0
4456.5,5,2,0,42.9,2575,Yes,No,POS,Travel,0
5845.53,21,3,1,6.87,454,No,No,POS,Other,0
7524.11,17,3,0,14.85,320,Yes,No,Online,Electronics,0
2448.94,9,4,0,10.0,1514,Yes,No,ATM,Grocery,0
5754.15,1,5,1,28.94,927,Yes,No,POS,Other,0
2403.2,3,7,0,25.69,2638,No,No,POS,Travel,0
4243.1,5,3,2,3.46,230,Yes,No,Online,Electronics,0
6337.31,9,3,0,29.14,1101,Yes,No,Online,Electronics,0
1759.41,21,4,3,34.65,901,Yes,No,POS,Grocery,0
324.46,2,5,1,36.12,1783,Yes,No,POS,Fuel,0
1624.49,13,4,1,10.05,900,Yes,No,POS,Fuel,0
6957.57,8,4,0,26.41,2823,No,No,POS,Fuel,0
1459.05,1,5,1,71.18,169,Yes,No,POS,Fuel,0
6707.01,14,2,0,15.04,226,Yes,No,POS,Electronics,0
1631.3,16,2,0,68.34,2686,No,No,POS,Restaurant,0
32193.12,23,22,4,446.59,64,No,Yes,Online,Travel,1
3376.55,12,4,0,58.78,2521,Yes,No,POS,Grocery,0
1453.19,7,5,0,42.53,1384,Yes,No,Online,Restaurant,0
2918.03,20,3,0,28.03,2786,Yes,No,POS,Fuel,0
845.18,5,4,1,37.35,1427,Yes,No,POS,Electronics,0
2618.71,16,9,0,54.24,2235,No,Yes,Transfer,Grocery,0
3178.98,22,6,0,8.37,2986,Yes,No,Online,Grocery,0
343.22,0,2,1,75.89,2282,Yes,No,POS,Restaurant,0
64792.15,23,19,2,215.73,96,No,Yes,Transfer,Travel,1
4153.97,4,5,0,10.14,2363,Yes,No,Online,Fuel,0
1313.7,11,3,0,54.3,1159,No,No,Online,Other,0
4636.0,6,3,1,29.93,2028,Yes,No,POS,Restaurant,0
19818.01,0,17,6,148.64,78,No,Yes,Online,Jewellery,1
4141.5,16,3,0,25.34,536,Yes,No,ATM,Grocery,0
5708.65,11,3,0,49.48,868,No,No,POS,Fuel,0
793.29,12,1,2,15.6,541,Yes,No,Online,Jewellery,0
6524.71,11,4,1,20.26,213,Yes,No,Online,Fuel,0
1473.14,17,4,0,42.22,1506,Yes,No,Online,Electronics,0
3659.49,23,6,1,76.65,608,Yes,No,Online,Other,0
10053.01,12,1,0,27.9,2074,Yes,No,POS,Other,0
2576.25,3,2,1,51.18,716,Yes,No,Transfer,Electronics,0
3438.24,7,0,0,47.92,98,Yes,No,POS,Other,0
1480.86,11,3,0,73.0,451,Yes,No,Online,Electronics,0
9989.9,2,3,0,11.66,1643,Yes,No,Transfer,Electronics,0
1616.06,5,2,0,36.62,387,Yes,No,Online,Grocery,0
5241.25,4,1,0,33.98,2662,Yes,Yes,Online,Fuel,0
7515.49,23,5,0,36.63,2244,No,No,Transfer,Jewellery,0
5578.24,9,0,1,17.65,386,Yes,No,POS,Restaurant,0
4319.71,21,3,2,28.54,2577,Yes,No,POS,Travel,0
3619.87,13,5,0,58.48,945,No,No,ATM,Jewellery,0
1143.03,12,4,1,12.29,2690,Yes,Yes,Online,Fuel,0
9707.92,22,1,0,42.01,2960,No,No,POS,Other,0
4077.53,16,1,0,23.61,760,Yes,No,Transfer,Jewellery,0
3439.73,5,7,1,34.96,993,No,No,Online,Restaurant,0
1374.47,6,2,0,22.74,437,Yes,No,Transfer,Restaurant,0
3560.7,15,5,0,58.44,95,Yes,Yes,Online,Electronics,1
3285.66,0,3,0,10.33,1548,Yes,Yes,POS,Jewellery,0
10052.84,3,6,0,35.24,2054,Yes,No,Transfer,Grocery,0
3438.23,1,6,0,62.05,1662,Yes,No,ATM,Fuel,0
3519.91,17,3,1,37.01,2948,Yes,No,Online,Travel,1
1389.13,10,6,0,14.36,353,Yes,No,POS,Grocery,0
1888.88,0,1,0,13.89,699,Yes,No,ATM,Restaurant,1
4830.56,17,4,0,34.74,2671,Yes,No,Online,Electronics,0
653.09,15,2,1,5.09,656,Yes,No,POS,Other,0
6501.72,17,5,0,43.32,1094,Yes,No,Online,Restaurant,0
6616.89,3,1,1,7.14,1301,Yes,No,Transfer,Fuel,0
1730.82,20,2,2,10.52,646,No,No,Online,Grocery,0
4330.72,4,4,0,86.23,1612,Yes,No,Online,Grocery,0
7674.32,13,2,0,75.5,2381,Yes,No,Online,Grocery,0
3095.19,13,4,0,20.51,2445,Yes,Yes,Online,Fuel,0
2684.74,5,1,0,65.19,1383,Yes,No,Online,Grocery,0
2937.12,9,4,0,14.46,2980,Yes,No,POS,Electronics,0
4071.07,1,2,0,43.62,947,Yes,No,POS,Travel,0
2090.01,11,4,1,68.7,2440,Yes,No,ATM,Restaurant,0
2515.18,16,5,0,16.62,2634,Yes,No,POS,Other,0
4127.66,7,0,0,7.05,879,Yes,No,POS,Grocery,0
2360.02,12,2,0,31.87,170,No,No,POS,Other,0
1285.82,22,5,0,15.93,2360,Yes,No,Transfer,Travel,0
596.18,5,5,0,16.99,273,Yes,No,POS,Jewellery,0
3486.61,6,2,0,10.46,1896,Yes,No,Online,Fuel,0
7367.92,2,2,1,1.0,1481,No,No,POS,Electronics,0
4480.79,13,4,1,18.37,1477,Yes,No,POS,Fuel,0
1329.63,4,0,0,20.06,2213,Yes,No,POS,Electronics,0
1877.72,20,3,0,14.41,1907,Yes,Yes,Transfer,Fuel,0
2669.81,6,4,0,10.09,1818,Yes,Yes,POS,Grocery,0
10256.9,15,4,0,54.93,1324,Yes,No,POS,Fuel,0
10609.97,4,3,0,37.2,2093,No,No,POS,Restaurant,0
9831.22,7,0,1,7.64,1900,Yes,No,Online,Fuel,0
3742.72,4,2,0,33.26,1739,Yes,Yes,POS,Restaurant,0
18858.15,13,0,0,12.89,2213,Yes,No,Online,Electronics,0
1953.52,0,3,0,51.59,369,Yes,No,Online,Other,0
2596.4,1,4,1,14.63,51,Yes,No,Online,Fuel,0
6176.43,12,5,0,58.84,116,No,Yes,POS,Other,1
44474.23,2,13,7,485.2,67,No,Yes,Transfer,Electronics,1
4307.58,7,4,0,40.4,2258,Yes,No,POS,Grocery,0
1527.36,10,4,0,14.31,467,No,No,ATM,Fuel,0
3268.39,9,3,1,22.71,184,Yes,No,Online,Other,0
1976.78,18,2,0,25.09,1016,No,No,POS,Restaurant,0
1072.11,10,4,0,30.66,2370,Yes,No,Online,Fuel,0
2167.12,20,4,0,62.32,1336,No,No,Transfer,Grocery,0
4143.52,5,4,0,20.67,2003,No,No,POS,Restaurant,0
5524.5,4,5,1,50.83,2917,Yes,No,POS,Restaurant,0
574.43,9,2,0,9.17,1553,Yes,No,POS,Fuel,0
3379.79,1,2,0,15.72,983,Yes,No,POS,Grocery,0
3162.03,16,4,0,13.15,107,Yes,No,Online,Other,0
3995.8,9,1,0,51.42,2459,Yes,No,ATM,Electronics,0
1351.29,8,1,0,70.6,2251,Yes,No,POS,Fuel,0
1374.67,12,4,1,17.78,1017,Yes,No,Transfer,Other,0
7495.75,1,2,0,13.87,1887,Yes,Yes,POS,Restaurant,0
1749.5,9,7,0,23.32,695,Yes,No,ATM,Grocery,0
2502.41,23,3,0,12.36,2008,Yes,No,POS,Electronics,0
2700.17,15,3,0,18.32,1307,Yes,No,ATM,Electronics,0
2006.62,13,4,0,23.35,616,No,Yes,ATM,Electronics,0
4730.63,12,2,1,23.54,278,Yes,No,POS,Jewellery,0
4462.36,11,3,0,5.74,70,No,No,POS,Grocery,1
3060.29,22,3,0,17.55,2459,No,No,POS,Electronics,0
2100.36,22,4,0,82.88,220,No,No,POS,Travel,1
2885.54,9,2,1,6.92,1499,Yes,No,Transfer,Travel,0
34663.36,0,16,3,283.77,71,No,Yes,Online,Jewellery,1
1879.58,1,3,1,28.12,2065,Yes,No,Online,Restaurant,0
4969.9,7,3,0,99.79,1174,Yes,No,Online,Travel,1
6470.25,7,1,1,29.34,2395,No,No,POS,Other,0
8324.61,16,4,0,78.19,279,Yes,No,Online,Fuel,0
8002.07,14,5,0,28.71,1232,Yes,No,POS,Other,0
2687.25,11,2,0,17.02,1217,Yes,No,Online,Grocery,0
3711.82,6,3,0,29.98,1357,Yes,No,Online,Other,0
3017.71,12,3,1,8.84,868,Yes,No,Online,Restaurant,0
3009.66,6,6,1,31.98,768,Yes,No,POS,Electronics,0
2870.55,11,1,0,18.45,2858,Yes,No,Online,Grocery,0
36614.21,3,20,5,435.78,61,No,Yes,Online,Travel,1
7167.78,21,2,0,54.47,1374,No,No,POS,Electronics,1
4230.41,17,3,0,21.44,2498,Yes,No,Online,Jewellery,1
1300.03,4,2,0,3.85,220,Yes,No,POS,Electronics,0
6293.48,22,5,0,38.39,1726,Yes,No,POS,Fuel,0
3957.73,15,3,0,44.56,2043,No,No,ATM,Grocery,0
4767.21,8,2,0,109.15,125,No,No,POS,Other,0
4173.03,12,3,0,31.85,2125,Yes,No,Online,Fuel,0
4305.45,4,3,0,20.02,2137,Yes,Yes,POS,Electronics,0
4442.32,1,3,0,38.83,1588,Yes,No,POS,Travel,0
703.94,10,4,0,9.45,2003,Yes,No,POS,Restaurant,0
4726.51,18,3,1,17.07,2836,Yes,No,POS,Fuel,0
1945.38,8,4,0,41.84,1034,Yes,No,POS,Restaurant,0
2354.68,9,4,0,22.71,663,No,No,POS,Grocery,0
83866.12,23,22,7,354.44,17,No,Yes,Online,Electronics,1
9161.15,23,3,0,21.31,2851,Yes,No,ATM,Other,0
1498.64,11,0,1,29.64,1490,Yes,No,POS,Other,0
3323.18,1,3,2,21.98,2785,Yes,No,POS,Grocery,1
63097.71,3,10,5,449.03,65,No,Yes,Transfer,Electronics,1
6234.44,17,5,0,1.73,359,Yes,No,POS,Other,0
2761.41,21,2,1,47.56,2045,Yes,No,Online,Restaurant,0
3989.13,22,3,0,43.9,2636,Yes,No,POS,Other,0
1502.34,15,3,0,15.51,1556,Yes,No,ATM,Restaurant,0
6924.67,2,1,0,14.96,920,No,No,POS,Restaurant,0
991.29,5,3,0,20.29,2418,Yes,No,POS,Grocery,0
4683.23,17,4,0,49.35,181,No,No,POS,Grocery,0
62312.37,2,9,6,385.98,129,No,Yes,Transfer,Travel,1
74573.2,4,19,3,466.37,12,No,Yes,Transfer,Electronics,1
1004.59,9,3,0,29.33,164,Yes,No,Online,Grocery,0
77040.05,23,19,2,84.45,154,No,Yes,Online,Travel,1
6037.84,10,3,0,16.04,218,No,No,Online,Fuel,0
10036.61,3,7,1,39.45,2163,Yes,Yes,POS,Jewellery,1
3147.29,23,1,1,78.0,1432,No,Yes,POS,Electronics,0
5670.64,8,1,0,31.01,2220,No,No,POS,Restaurant,0
3741.95,6,1,0,55.52,2347,No,No,ATM,Electronics,0
3266.31,1,3,0,36.25,2370,No,Yes,POS,Grocery,0
2490.3,11,7,0,33.57,338,No,No,ATM,Restaurant,0
3417.37,23,4,0,84.11,2547,No,No,Transfer,Other,1
5341.99,3,0,1,10.63,2591,Yes,No,POS,Travel,0
5634.07,5,6,0,20.57,1528,Yes,No,ATM,Restaurant,0
1196.25,4,0,1,17.65,420,Yes,No,ATM,Grocery,1
37534.15,1,17,5,163.19,178,No,Yes,Online,Jewellery,1
1439.54,14,4,0,6.72,2089,Yes,No,ATM,Electronics,0
3539.95,7,2,0,25.38,410,No,No,POS,Restaurant,0
2647.85,18,2,1,15.03,2411,No,No,Online,Fuel,0
4317.07,9,4,1,15.94,2049,Yes,No,POS,Grocery,0
4522.01,15,3,0,59.14,145,No,No,Transfer,Electronics,0
394.59,2,1,0,13.54,1834,Yes,No,Online,Travel,1
3398.62,7,4,0,100.41,2547,Yes,No,POS,Jewellery,0
7258.73,9,3,0,30.08,2865,No,Yes,Online,Restaurant,0
2323.58,1,2,0,2.52,2526,No,No,Online,Other,0
2271.75,10,1,1,55.59,2580,No,No,ATM,Restaurant,0
6465.45,11,3,0,1.65,446,Yes,No,POS,Fuel,0
5806.37,9,3,0,8.6,84,Yes,No,Online,Other,0
1566.42,12,4,0,35.33,635,Yes,Yes,Online,Jewellery,0
5437.39,19,3,0,21.91,2645,Yes,No,Online,Other,0
1862.31,18,1,0,43.69,2582,No,No,Online,Electronics,1
59130.54,1,8,5,285.24,92,No,Yes,Online,Travel,1
1565.21,15,4,0,15.94,2897,No,No,POS,Jewellery,1
1187.93,21,3,0,18.43,652,Yes,No,POS,Grocery,0
3686.93,20,2,1,36.9,1458,Yes,No,Online,Restaurant,0
1033.52,7,4,0,44.57,1833,No,No,POS,Jewellery,0
3792.14,18,6,0,9.1,385,No,No,Transfer,Electronics,0
3709.53,19,2,1,61.1,1148,Yes,Yes,POS,Grocery,1
3046.04,8,3,0,96.8,845,Yes,No,POS,Fuel,0
2407.79,20,4,0,25.65,1081,No,No,ATM,Fuel,0
2061.4,15,2,1,32.17,1021,Yes,No,POS,Grocery,0
1403.11,18,4,1,15.05,1361,Yes,No,POS,Grocery,0
36023.51,4,16,6,314.45,148,No,Yes,Online,Jewellery,1
2948.69,18,4,0,1.76,361,No,No,Online,Grocery,0
2877.06,22,3,0,74.28,2167,Yes,No,POS,Electronics,0
23278.93,4,22,5,492.13,37,No,Yes,Online,Travel,1
7809.66,10,1,0,8.36,1824,Yes,No,Online,Fuel,1
2164.03,13,4,1,13.23,599,Yes,No,POS,Other,0
4045.81,15,6,0,22.64,2672,Yes,No,Online,Electronics,0
4590.1,20,3,0,49.58,975,Yes,Yes,Transfer,Restaurant,0
3688.87,9,3,0,5.98,41,No,No,ATM,Fuel,0
1011.15,7,4,0,16.68,310,No,No,POS,Grocery,0
5286.14,17,2,0,40.2,1175,No,Yes,ATM,Grocery,0
2146.92,22,3,0,7.61,2879,No,Yes,POS,Fuel,0
5768.61,21,2,1,24.01,882,Yes,No,POS,Fuel,0
3247.72,3,1,1,27.87,1501,Yes,Yes,Online,Grocery,1
4778.9,22,2,0,10.33,2257,Yes,No,Online,Fuel,0
7483.27,18,0,0,26.77,703,Yes,No,POS,Grocery,0
5157.81,3,2,1,28.67,2045,Yes,No,Online,Other,0
4856.86,0,4,0,14.87,1248,Yes,No,POS,Fuel,0
5444.66,4,2,0,5.18,2673,Yes,No,POS,Restaurant,0
1810.22,22,2,1,4.63,2047,Yes,No,Transfer,Other,0
5928.85,18,4,0,38.11,946,Yes,No,POS,Other,0
2785.19,13,2,0,38.03,1363,Yes,No,Online,Travel,0
2852.71,15,3,0,19.29,2568,Yes,No,POS,Fuel,0
3608.02,9,3,0,22.35,1119,Yes,No,POS,Other,0
2597.55,21,3,0,16.96,1619,Yes,No,POS,Other,0
1517.98,3,3,0,62.84,2568,No,Yes,Online,Restaurant,0
3417.65,7,3,0,17.25,468,No,No,POS,Travel,0
2862.76,4,1,0,86.2,2525,Yes,No,Online,Grocery,0
2788.44,20,1,0,12.35,2488,Yes,No,POS,Travel,0
3173.66,12,3,0,54.22,1629,Yes,No,POS,Fuel,0
441.14,16,1,0,7.63,708,Yes,No,Online,Grocery,0
2803.67,22,3,0,33.7,431,Yes,No,Online,Electronics,0
8082.17,4,4,0,6.64,2283,Yes,No,ATM,Electronics,0
7679.05,23,1,0,15.02,1133,Yes,No,Online,Electronics,0
3502.39,3,9,0,53.36,1615,Yes,No,POS,Electronics,0
3419.34,18,4,0,6.95,278,No,No,POS,Grocery,0
324.81,16,5,1,71.43,1549,Yes,No,Online,Electronics,1
2243.4,19,2,1,46.96,215,Yes,No,POS,Fuel,0
5408.94,3,4,0,46.67,1609,No,No,POS,Travel,0
2550.85,23,3,0,46.57,2526,Yes,No,Online,Electronics,0
6633.66,19,3,0,75.13,2926,Yes,No,Online,Electronics,0
6376.99,2,1,1,33.8,2536,Yes,No,POS,Restaurant,0
2209.68,13,1,1,14.98,1758,No,Yes,Online,Restaurant,0
51834.25,3,14,3,92.54,151,No,Yes,Online,Jewellery,1
8490.08,11,4,1,24.22,142,Yes,No,Online,Jewellery,0
83163.47,0,23,7,95.19,67,No,Yes,Transfer,Travel,1
2593.48,6,5,0,25.49,2868,Yes,No,Online,Jewellery,0
899.19,12,4,0,48.99,463,Yes,No,POS,Grocery,0
1706.46,23,3,1,10.54,852,Yes,No,POS,Electronics,0
10074.13,14,0,0,23.65,2980,No,No,POS,Travel,0
21854.4,3,20,5,319.3,50,No,Yes,Online,Jewellery,1
562.97,18,6,1,65.59,2173,Yes,No,ATM,Electronics,0
1504.96,18,4,1,46.18,2471,Yes,No,POS,Fuel,0
811.12,9,3,2,10.66,2868,Yes,No,Online,Electronics,0
3788.93,18,8,2,26.35,262,Yes,No,ATM,Electronics,0
4544.8,7,2,2,19.14,1081,Yes,Yes,POS,Travel,0
5980.66,14,1,1,46.93,705,Yes,No,Online,Fuel,0
5219.04,7,3,0,50.75,2443,Yes,No,POS,Fuel,0
1034.53,22,4,0,61.07,2631,Yes,No,POS,Other,0
4391.0,17,2,0,50.26,2608,Yes,No,POS,Electronics,0
3075.06,14,4,1,12.53,360,Yes,No,ATM,Restaurant,0
6546.69,10,3,1,24.29,2015,No,No,Online,Other,0
5612.96,12,6,0,53.86,1554,Yes,No,Online,Restaurant,0
10905.13,18,3,0,68.56,2178,Yes,No,Online,Electronics,0
1607.67,6,4,0,7.23,565,Yes,No,POS,Grocery,0
1421.54,19,0,2,39.47,396,No,No,Online,Restaurant,1
2350.54,6,4,1,25.04,1068,No,No,Online,Travel,0
3164.42,3,3,2,32.0,1066,No,No,POS,Fuel,0
2009.71,17,4,1,46.2,2373,Yes,No,POS,Restaurant,0
1677.98,17,3,1,27.08,581,Yes,No,POS,Travel,0
4196.05,8,1,1,29.76,2877,Yes,No,Online,Restaurant,0
2345.04,15,3,1,9.79,61,Yes,No,Online,Electronics,1
1942.95,17,2,2,24.28,1725,Yes,No,POS,Travel,0
1032.77,18,2,0,23.09,1594,Yes,No,POS,Fuel,0
358.45,22,1,0,22.14,1092,No,No,Online,Fuel,1
7835.22,20,1,1,21.72,343,Yes,No,POS,Restaurant,0
7688.06,10,4,2,81.54,249,Yes,No,Online,Electronics,0
5725.35,5,5,0,45.66,836,Yes,Yes,Online,Electronics,0
4870.27,2,3,0,8.32,1210,Yes,No,Transfer,Fuel,0
58574.84,1,14,2,297.7,92,No,Yes,Transfer,Electronics,1
5003.61,15,2,1,23.46,2443,Yes,No,Online,Restaurant,0
1336.11,16,3,0,57.97,2919,Yes,No,Online,Grocery,0
3627.26,0,4,0,10.91,2272,Yes,No,POS,Jewellery,0
1813.54,16,2,1,51.41,2482,Yes,No,Online,Fuel,0
5017.47,18,2,0,12.94,1075,No,No,POS,Fuel,0
8853.86,17,1,0,19.12,2585,Yes,No,Online,Grocery,1
1500.12,12,3,0,22.53,518,No,No,Online,Fuel,0
2266.04,0,4,0,27.07,1809,Yes,No,ATM,Electronics,0
3579.99,11,2,0,6.34,1635,Yes,No,Transfer,Fuel,0
636.81,15,3,0,8.07,1440,Yes,No,Transfer,Grocery,0
849.04,13,2,0,18.74,2497,No,Yes,Online,Travel,0
8690.87,13,2,0,4.81,1018,Yes,No,Online,Restaurant,0
4208.68,12,3,1,17.24,1691,Yes,No,Online,Electronics,0
2089.27,13,4,0,32.22,1393,Yes,No,Online,Grocery,0
3316.11,7,6,0,10.16,1629,No,No,ATM,Travel,0
2358.12,14,1,0,16.72,1036,Yes,No,POS,Restaurant,0
3655.3,6,3,0,28.88,2123,Yes,No,Online,Travel,0
2425.93,11,2,1,7.16,1777,No,No,POS,Restaurant,0
3133.89,9,5,0,32.45,396,Yes,No,POS,Grocery,0
5315.41,17,3,1,24.5,1332,No,No,Online,Fuel,0
5091.3,21,3,1,12.33,1859,Yes,No,Online,Jewellery,0
8383.24,15,5,0,62.22,297,No,No,POS,Electronics,0
4413.47,3,1,1,9.55,243,Yes,No,POS,Grocery,0
3467.76,16,6,0,34.15,1635,Yes,No,POS,Other,0
9176.44,7,4,1,35.06,487,Yes,Yes,Online,Electronics,0
2901.82,1,3,1,9.69,1715,Yes,No,POS,Restaurant,0
399.79,4,6,0,12.89,163,No,No,Online,Other,0
5771.79,23,3,0,38.94,2565,Yes,No,Online,Grocery,0
4064.32,10,3,1,48.62,1846,Yes,No,Online,Other,0
3353.19,4,4,0,32.83,1904,Yes,No,POS,Restaurant,0
5871.83,3,0,0,38.8,2892,No,No,POS,Restaurant,0
2441.78,15,3,1,17.25,1878,Yes,No,POS,Grocery,0
422.82,18,5,1,56.28,453,Yes,No,Online,Grocery,0
5947.67,8,5,0,5.14,2699,No,Yes,ATM,Electronics,0
2031.76,2,5,1,30.54,1417,Yes,No,Online,Grocery,0
1551.19,8,4,0,54.92,2015,Yes,No,ATM,Restaurant,0
448.84,15,8,0,50.32,2682,Yes,No,Online,Other,0
5625.81,2,4,0,1.05,1424,Yes,No,POS,Other,0
256.71,6,2,2,46.6,2551,Yes,No,Online,Fuel,0
7445.51,0,3,2,16.94,2857,No,No,Online,Electronics,1
2625.76,11,2,1,16.57,1275,No,No,Online,Grocery,0
5802.47,4,1,1,31.51,87,Yes,No,Transfer,Fuel,0
21849.63,0,9,7,163.61,80,No,Yes,Online,Jewellery,1
10250.91,2,7,0,35.12,2409,Yes,Yes,Online,Electronics,0
4422.23,17,3,0,52.96,139,Yes,Yes,POS,Fuel,0
7270.11,11,1,0,68.58,2861,Yes,Yes,POS,Grocery,1
2211.02,22,7,0,90.6,2272,Yes,No,POS,Fuel,0
845.74,9,5,0,32.3,588,Yes,No,POS,Grocery,0
6395.04,5,3,2,14.94,2179,Yes,No,Online,Grocery,1
821.5,4,2,0,11.24,2067,Yes,No,POS,Electronics,0
5585.15,22,4,0,102.16,1752,Yes,Yes,POS,Jewellery,0
1399.36,14,4,0,19.88,1713,Yes,No,Online,Other,0
4118.97,7,2,0,1.81,351,Yes,No,ATM,Grocery,0
10371.36,15,4,0,12.4,2816,Yes,Yes,POS,Grocery,0
5301.51,13,1,0,15.83,895,Yes,No,Online,Restaurant,0
2911.15,2,1,0,47.15,872,No,No,POS,Electronics,0
4575.69,16,3,1,71.75,523,No,No,ATM,Other,0
2273.99,2,4,0,50.88,608,No,No,POS,Electronics,0
12893.1,4,5,0,40.19,186,Yes,No,Online,Restaurant,0
1911.7,17,4,0,73.05,2488,No,No,POS,Grocery,0
3148.67,10,7,1,49.73,2698,Yes,No,ATM,Other,0
4991.14,5,3,0,61.99,168,Yes,No,Online,Electronics,0
4353.95,1,4,0,15.77,553,Yes,No,Transfer,Restaurant,0
71634.61,23,15,4,224.56,152,No,Yes,Online,Travel,1
2310.82,16,4,0,10.96,627,No,No,Online,Grocery,1
2823.34,4,2,1,23.08,607,Yes,No,POS,Travel,0
6204.77,9,2,0,92.28,2105,Yes,No,POS,Grocery,0
6006.97,8,6,2,16.75,2638,Yes,No,Online,Travel,0
4424.88,21,1,0,11.29,972,No,No,POS,Fuel,0
7851.06,18,2,1,124.67,1564,No,No,POS,Travel,1
6365.49,6,3,0,33.56,1220,Yes,No,POS,Restaurant,0
5889.31,12,3,0,18.44,1130,Yes,No,POS,Travel,0
806.5,22,3,0,7.26,179,Yes,No,Online,Restaurant,0
4388.58,8,3,0,6.49,2124,Yes,No,POS,Fuel,0
3865.06,3,3,0,54.3,2781,Yes,No,Transfer,Restaurant,0
8493.07,7,3,1,3.09,2280,No,Yes,POS,Travel,0
3021.13,14,7,0,25.46,2989,Yes,No,Transfer,Electronics,0
3646.98,23,1,0,70.26,2462,No,No,POS,Travel,0
1383.62,7,5,0,16.48,1111,No,No,Online,Electronics,1
1623.5,1,5,0,33.55,2467,Yes,No,Online,Electronics,0
8510.27,4,9,0,13.78,654,Yes,No,POS,Fuel,0
4679.71,9,0,0,94.69,1205,Yes,No,POS,Travel,0
10386.04,2,4,0,36.77,2120,Yes,No,POS,Fuel,0
2980.87,0,3,0,68.78,871,No,No,ATM,Grocery,0
18456.87,1,18,5,265.91,131,No,Yes,Online,Travel,1
2674.55,19,2,0,33.11,565,No,No,POS,Restaurant,0
2340.12,5,1,0,40.52,469,Yes,No,POS,Restaurant,0
5424.28,12,2,0,22.75,2262,Yes,No,POS,Other,0
5281.2,13,3,0,49.72,1465,Yes,Yes,POS,Electronics,0
4836.72,16,0,1,25.85,2802,Yes,No,POS,Fuel,0
12417.45,23,3,0,43.93,594,Yes,No,Online,Other,0
7562.79,21,0,0,70.95,2147,No,No,Online,Travel,1
1719.82,7,2,0,30.7,708,Yes,No,POS,Other,0
6500.92,23,4,0,15.75,1424,Yes,No,Online,Fuel,0
3479.39,0,3,0,67.04,1486,Yes,No,POS,Restaurant,0
2920.87,23,3,1,40.48,2547,No,No,Online,Restaurant,0
8168.12,3,1,1,19.38,1204,Yes,No,POS,Jewellery,0
1630.01,2,0,0,13.47,1096,Yes,No,POS,Fuel,0
6222.61,2,2,0,0.32,1430,Yes,No,POS,Restaurant,0
5597.06,2,6,0,27.91,2933,Yes,No,POS,Electronics,0
1604.06,11,0,1,26.5,1159,Yes,No,Online,Restaurant,0
779.35,15,1,0,12.08,1652,Yes,No,POS,Travel,0
3208.93,17,2,0,12.34,228,Yes,Yes,POS,Grocery,0
6988.93,0,5,0,13.33,1814,No,No,Online,Electronics,1
4377.1,7,2,0,25.18,237,Yes,No,Online,Electronics,0
8335.4,3,4,1,55.09,54,No,No,POS,Other,0
4174.95,3,5,0,22.56,793,Yes,No,ATM,Restaurant,0
8689.24,17,3,0,18.39,579,Yes,No,Online,Fuel,0
2152.07,15,3,0,9.01,1573,Yes,Yes,ATM,Travel,0
4826.44,5,2,0,3.02,633,Yes,No,Transfer,Electronics,0
2528.71,7,2,0,9.27,646,Yes,No,Online,Jewellery,0
3136.88,22,1,0,16.73,2667,Yes,No,POS,Electronics,0
3638.14,13,4,2,14.63,1880,Yes,No,Online,Electronics,0
4367.58,5,2,1,31.87,42,No,No,POS,Restaurant,0
1924.46,22,4,0,28.72,2287,Yes,No,POS,Other,0
4672.08,4,5,0,9.56,2173,Yes,No,POS,Grocery,0
3509.98,6,2,0,32.03,2677,Yes,Yes,POS,Grocery,0
1052.13,16,4,0,12.58,1624,Yes,No,POS,Electronics,0
668.15,12,2,1,23.37,2831,Yes,No,Online,Restaurant,0
7005.7,1,2,1,8.97,2821,Yes,No,Transfer,Other,1
3025.33,19,0,0,31.91,1100,No,No,Online,Fuel,0
949.49,5,1,1,14.02,249,Yes,Yes,POS,Electronics,0
61491.35,3,22,5,451.57,26,No,Yes,Online,Jewellery,1
4994.45,8,5,0,14.93,1967,No,No,Transfer,Fuel,0
4288.49,18,3,1,8.22,2627,Yes,No,POS,Grocery,0
1786.53,21,2,1,14.63,233,Yes,No,ATM,Restaurant,0
1038.2,18,3,0,11.48,953,Yes,Yes,Online,Fuel,0
77385.97,0,15,4,247.65,148,No,Yes,Online,Travel,1
3354.52,12,5,0,71.9,1116,Yes,No,POS,Fuel,0
1403.46,1,4,0,37.31,2259,No,No,Online,Travel,0
74806.68,3,9,3,205.4,21,No,Yes,Transfer,Jewellery,1
1301.02,11,0,0,20.32,1130,No,No,POS,Fuel,0
1261.49,17,1,0,9.02,2608,Yes,No,ATM,Electronics,0
2096.12,5,2,0,4.11,921,Yes,No,POS,Electronics,0
4289.48,16,0,0,23.12,1593,Yes,No,Online,Travel,0
4791.77,10,2,1,25.39,1313,Yes,Yes,Online,Fuel,0
3305.04,16,2,0,19.11,625,Yes,No,POS,Travel,0
3746.1,10,4,0,97.66,2787,Yes,No,POS,Travel,0
4946.3,9,0,0,2.26,2430,Yes,No,POS,Fuel,0
27962.97,1,17,7,413.45,165,No,Yes,Online,Jewellery,1
3954.15,19,1,0,2.42,2552,Yes,No,POS,Grocery,0
7779.67,1,4,0,18.24,1496,Yes,No,Online,Fuel,0
2967.68,5,3,0,16.63,1922,No,No,Online,Grocery,0
6822.92,10,4,0,5.26,886,Yes,No,POS,Restaurant,0
3008.15,3,5,0,10.38,1189,Yes,No,POS,Electronics,0
5168.16,22,1,1,19.08,2779,Yes,No,Online,Fuel,0
4229.76,8,3,0,20.26,667,Yes,No,ATM,Jewellery,0
1282.35,5,4,0,13.41,1246,No,No,Online,Fuel,1
1559.72,6,0,0,60.44,2301,Yes,No,POS,Electronics,0
8688.91,4,4,0,48.51,995,Yes,No,POS,Fuel,0
5927.79,15,1,0,7.65,2313,Yes,No,Online,Fuel,0
3158.43,11,3,0,7.4,1182,No,No,Online,Other,0
2860.95,5,6,0,11.53,1537,Yes,No,POS,Grocery,0
1796.45,20,5,0,29.59,2974,Yes,Yes,Online,Fuel,0
42480.92,23,16,3,173.2,56,No,Yes,Transfer,Jewellery,1
1924.91,9,2,0,26.63,2755,Yes,No,POS,Electronics,0
2588.97,12,1,0,49.72,607,Yes,No,Online,Electronics,0
2089.47,15,1,0,10.19,2505,Yes,No,POS,Travel,0
5686.98,3,1,1,3.34,1593,Yes,No,POS,Restaurant,0
3064.02,19,8,0,33.86,2300,Yes,No,Online,Grocery,0
3765.99,6,2,0,10.06,982,Yes,No,POS,Grocery,0
1305.17,0,3,1,32.17,2198,Yes,No,POS,Fuel,0
2078.13,12,2,0,28.46,2974,Yes,No,POS,Electronics,0
3824.51,21,5,0,53.7,1497,Yes,No,Online,Restaurant,0
823.16,17,3,0,30.49,1278,No,Yes,Transfer,Grocery,0
2897.62,7,5,1,24.36,1586,Yes,No,Online,Jewellery,0
3378.28,9,3,0,23.17,624,Yes,No,Transfer,Fuel,0
1163.46,14,2,0,80.59,1689,Yes,No,ATM,Electronics,0
6628.21,5,3,0,26.85,596,Yes,No,ATM,Travel,0
4333.97,19,6,0,18.44,2078,Yes,No,POS,Grocery,0
3047.54,7,4,1,14.72,2986,Yes,No,Online,Grocery,0
1960.59,5,5,0,33.8,2290,Yes,No,Online,Restaurant,0
792.35,2,5,1,72.32,2997,Yes,No,POS,Restaurant,0
6302.69,16,2,0,38.82,1324,Yes,No,POS,Fuel,0
2409.63,0,2,0,63.85,2401,Yes,No,Transfer,Travel,0
998.54,19,2,1,40.95,1689,Yes,No,POS,Electronics,0
1916.19,23,4,0,5.79,1446,Yes,No,ATM,Travel,0
4650.31,2,1,0,102.87,1900,Yes,No,POS,Restaurant,0
4031.6,2,5,1,28.95,2000,Yes,No,POS,Travel,0
1408.98,22,3,0,81.37,159,Yes,No,POS,Restaurant,0
7036.29,2,4,0,63.59,2108,No,No,Online,Electronics,0
986.11,9,5,0,4.86,1583,Yes,No,POS,Grocery,0
7978.91,20,4,0,23.71,399,Yes,No,Online,Grocery,0
3913.44,3,0,0,12.87,546,Yes,No,Online,Jewellery,0
2551.75,15,4,0,11.11,440,No,No,POS,Electronics,1
2826.78,9,5,1,31.86,2469,Yes,Yes,POS,Electronics,0
3607.03,10,2,0,46.34,1188,Yes,No,Online,Restaurant,0
4895.9,22,4,1,7.35,1299,Yes,No,ATM,Travel,0
660.73,15,3,1,6.36,1130,Yes,No,Online,Restaurant,0
1865.79,7,0,1,25.93,2182,Yes,No,Online,Grocery,0
3525.8,22,1,0,41.1,1409,Yes,No,Online,Other,0
7209.23,13,2,0,52.33,2971,No,No,Transfer,Fuel,0
39744.95,1,11,7,253.72,14,No,Yes,Transfer,Travel,1
9035.38,9,1,0,71.36,2855,Yes,No,POS,Electronics,0
6818.85,5,1,0,35.59,1857,Yes,No,POS,Grocery,0
30293.26,4,16,2,108.3,157,No,Yes,Transfer,Travel,1
3368.27,20,2,0,50.15,2267,No,Yes,POS,Grocery,0
6845.06,0,8,0,6.73,2628,Yes,No,ATM,Grocery,0
6418.94,18,1,0,22.32,2615,Yes,No,Online,Fuel,0
2933.35,21,3,0,63.64,2680,Yes,No,Online,Electronics,0
4805.18,23,1,0,10.99,1234,Yes,No,Transfer,Fuel,0
2399.28,15,3,1,4.87,2341,Yes,No,POS,Other,0
914.24,7,1,0,11.33,883,No,No,ATM,Grocery,0
3125.37,3,4,0,14.57,1477,No,No,Online,Restaurant,1
2989.51,22,6,0,26.07,458,Yes,No,POS,Electronics,0
2311.77,9,2,1,40.17,1298,Yes,No,POS,Restaurant,0
4908.99,8,4,0,51.3,1685,Yes,No,POS,Other,0
2861.41,17,4,0,36.42,2505,Yes,No,ATM,Travel,0
4458.77,17,3,1,67.06,124,Yes,No,Transfer,Electronics,1
5618.72,19,3,1,14.0,1798,Yes,No,POS,Jewellery,0
13362.28,21,4,0,13.61,2573,Yes,No,Online,Other,1
3163.8,21,6,0,8.34,2330,No,No,POS,Grocery,0
7274.11,4,1,0,24.1,1436,No,No,Online,Travel,0
58397.24,2,18,4,84.1,73,No,Yes,Online,Electronics,1
4152.2,4,1,0,54.6,1831,Yes,No,POS,Restaurant,0
3195.09,15,3,1,6.38,2114,No,No,Transfer,Grocery,0
3753.38,13,2,1,64.15,1206,No,No,POS,Jewellery,0
2881.17,20,3,0,10.74,1639,No,Yes,Online,Fuel,0
6474.52,20,4,0,58.23,20,Yes,No,POS,Restaurant,0
1922.12,19,4,0,14.54,959,Yes,No,POS,Grocery,0
905.75,1,1,0,45.28,2368,Yes,No,Online,Restaurant,0
2253.33,16,4,0,26.32,1250,Yes,No,ATM,Grocery,0
2069.91,20,1,2,43.71,1426,No,No,Online,Other,0
2252.39,23,4,0,3.18,2816,Yes,No,POS,Electronics,0
3074.13,8,1,0,19.81,1225,No,No,ATM,Other,0
2258.91,18,4,3,60.87,1315,Yes,No,POS,Grocery,0
3042.48,9,4,1,23.25,2279,No,No,ATM,Other,0
2264.36,3,5,0,13.57,2538,Yes,No,ATM,Travel,1
4523.15,8,2,0,5.96,1048,Yes,No,ATM,Grocery,0
13286.4,6,1,0,11.72,535,No,No,Online,Other,1
3936.08,21,0,1,67.75,1946,No,No,Transfer,Fuel,0
2336.8,4,5,1,37.94,317,Yes,No,ATM,Grocery,0
322.15,3,1,0,46.29,2179,No,No,Transfer,Grocery,0
10598.62,13,3,1,18.74,1451,No,No,POS,Electronics,0
4090.29,13,2,0,17.41,2947,Yes,No,POS,Jewellery,0
3022.71,13,2,0,46.03,907,Yes,No,Transfer,Fuel,0
345.64,3,1,2,55.7,2307,Yes,No,POS,Jewellery,0
3139.3,11,4,1,15.83,19,Yes,Yes,Online,Restaurant,0
3731.05,22,5,0,38.7,80,Yes,No,Online,Electronics,1
2270.8,2,3,0,33.17,1349,Yes,No,POS,Other,0
1076.34,19,1,0,5.43,1878,No,No,POS,Grocery,0
1011.6,3,3,1,31.67,508,No,No,POS,Restaurant,0
10704.63,5,1,1,25.01,1852,No,No,POS,Restaurant,0
3655.8,21,2,0,6.69,1996,No,No,Transfer,Travel,0
2269.22,7,8,0,43.04,378,Yes,Yes,POS,Grocery,0
3503.13,12,3,0,9.18,2589,Yes,No,POS,Travel,0
3334.74,9,1,0,14.0,2253,No,No,POS,Grocery,0
965.07,14,4,0,153.97,1005,Yes,No,POS,Grocery,1
6198.56,9,5,1,13.12,1130,Yes,No,Online,Travel,0
2965.06,10,3,1,19.27,823,Yes,No,POS,Travel,0
3691.35,19,5,2,5.17,1875,Yes,No,POS,Restaurant,0
8510.27,13,3,0,98.49,2055,Yes,Yes,Transfer,Grocery,0
1106.27,13,6,2,71.29,812,Yes,No,Online,Other,0
1842.29,19,2,0,1.98,1644,Yes,No,POS,Travel,0
4242.36,10,1,1,139.04,539,Yes,No,Online,Jewellery,0
6118.82,19,3,0,87.15,1241,Yes,No,POS,Grocery,0
2106.13,17,5,0,29.1,1194,Yes,No,POS,Restaurant,0
2202.08,21,4,0,11.22,1141,No,No,POS,Jewellery,0
5205.74,10,5,0,66.87,627,Yes,No,Online,Grocery,0
12641.06,13,4,0,46.03,80,Yes,No,POS,Electronics,0
3586.17,3,2,0,107.75,2960,No,Yes,Online,Electronics,1
1837.52,2,1,0,100.15,1217,No,No,Online,Other,0
44791.67,3,21,4,342.17,139,No,Yes,Transfer,Electronics,1
3067.51,15,2,0,29.62,2587,No,No,Online,Travel,1
5935.66,7,1,0,10.31,122,Yes,No,POS,Electronics,0
16137.86,6,1,1,11.55,1201,No,No,Transfer,Electronics,0
2701.76,14,3,0,22.5,1159,No,No,Online,Fuel,0
3590.24,9,4,2,42.72,1908,Yes,No,POS,Restaurant,0
9594.5,3,2,0,106.61,2739,Yes,No,Online,Electronics,1
4194.37,13,4,0,11.92,2033,Yes,No,POS,Travel,0
3955.17,13,6,0,23.58,1791,Yes,Yes,POS,Grocery,0
64752.85,0,10,2,332.4,120,No,Yes,Transfer,Jewellery,1
3650.22,6,1,0,29.12,1459,Yes,No,Online,Grocery,0
40103.73,23,19,7,249.25,71,No,Yes,Transfer,Electronics,1
7362.52,16,4,0,27.33,1615,No,No,ATM,Electronics,0
818.63,5,2,1,7.49,1829,No,No,POS,Restaurant,0
6577.29,0,2,0,65.15,918,Yes,No,POS,Restaurant,0
3390.6,6,2,0,40.76,1407,No,No,Online,Jewellery,1
2723.29,11,4,0,15.42,1171,Yes,No,Transfer,Grocery,0
2670.98,18,6,0,21.33,1488,No,No,POS,Travel,0
3058.85,1,4,0,13.93,599,Yes,No,Online,Other,0
2434.03,21,4,0,44.86,1947,No,No,Online,Electronics,1
4619.8,7,4,0,4.31,2134,Yes,No,POS,Travel,0
2499.9,8,1,0,13.36,2280,No,No,POS,Grocery,0
3408.62,0,3,2,18.9,717,Yes,No,POS,Fuel,0
518.19,6,2,0,19.17,1264,Yes,No,ATM,Travel,0
3392.53,11,2,0,9.56,1280,No,No,Online,Restaurant,0
2396.83,15,5,0,26.83,2643,Yes,No,POS,Restaurant,0
6265.08,18,2,0,4.4,2780,No,Yes,Online,Restaurant,0
37170.15,2,20,7,275.7,12,No,Yes,Online,Electronics,1
5679.0,2,2,1,82.47,1223,Yes,No,POS,Travel,0
5257.48,9,3,0,33.78,75,Yes,Yes,POS,Travel,0
5354.37,17,0,1,9.68,1017,Yes,No,POS,Fuel,0
2883.29,15,2,0,42.28,219,No,No,POS,Restaurant,0
3553.17,14,2,1,19.44,1273,Yes,No,POS,Electronics,0
4536.27,12,6,0,33.75,1166,Yes,No,POS,Travel,0
3631.0,12,3,1,27.79,754,Yes,No,POS,Other,0
56918.62,4,15,5,95.71,125,No,Yes,Transfer,Jewellery,1
1646.05,14,2,0,33.31,2200,Yes,Yes,Online,Electronics,0
3437.09,14,3,0,17.98,1930,Yes,No,Online,Grocery,0
909.01,8,2,0,12.68,2039,Yes,No,Online,Fuel,0
35436.31,2,22,6,289.45,25,No,Yes,Transfer,Electronics,1
1341.91,17,2,0,54.85,765,Yes,No,POS,Fuel,0
5313.08,20,1,0,19.95,2551,Yes,No,Online,Restaurant,0
4011.48,18,7,0,39.27,1266,Yes,No,Online,Travel,1
5348.77,15,2,0,41.37,2144,Yes,No,POS,Travel,0
1979.45,18,4,0,22.27,1600,Yes,No,Online,Other,0
6685.97,0,3,0,20.78,72,Yes,No,Online,Electronics,0
1012.37,6,2,0,24.58,2603,Yes,No,POS,Fuel,0
1386.22,5,2,1,5.04,69,Yes,No,Online,Jewellery,0
6610.21,15,3,1,36.65,1012,No,No,POS,Electronics,0
3811.7,18,5,0,16.47,2261,Yes,No,POS,Electronics,0
5370.15,3,9,0,30.5,1738,No,No,Online,Other,1
4023.26,4,0,0,15.08,2474,Yes,No,ATM,Restaurant,0
84334.68,23,15,4,430.69,124,No,Yes,Transfer,Travel,1
1245.5,23,2,0,41.31,2135,Yes,No,Online,Grocery,0
621.05,0,3,1,1.54,790,No,Yes,POS,Grocery,0
10110.73,21,3,0,23.04,20,Yes,No,Online,Fuel,0
787.71,4,2,0,50.0,2187,No,No,Transfer,Other,0
8261.11,6,3,1,117.27,962,No,No,ATM,Grocery,1
3665.71,15,1,0,7.14,1969,No,No,ATM,Other,0
4109.59,17,1,1,1.7,1535,Yes,No,Online,Jewellery,0
3925.26,20,3,0,16.5,457,Yes,No,Online,Electronics,0
4929.66,0,2,0,14.7,1100,Yes,No,POS,Restaurant,0
1828.53,1,2,0,41.04,2954,Yes,No,Online,Fuel,0
407.79,11,3,0,9.27,972,Yes,No,POS,Grocery,0
2173.06,13,1,0,15.45,2349,Yes,No,POS,Grocery,0
60214.87,2,16,4,275.14,135,No,Yes,Online,Jewellery,1
41527.86,4,12,4,254.87,55,No,Yes,Online,Jewellery,1
6793.24,6,2,0,39.37,2280,Yes,No,POS,Electronics,0
3100.27,22,3,0,13.16,1683,Yes,No,POS,Restaurant,0
1287.29,4,6,1,31.39,1872,No,No,POS,Electronics,0
3785.48,15,1,0,1.95,1088,No,No,Online,Electronics,0
4598.71,12,7,0,74.8,2825,No,No,ATM,Other,0
4826.2,2,2,0,10.74,792,No,No,Online,Travel,0
6615.01,14,5,0,58.42,1614,No,Yes,POS,Jewellery,0
940.28,3,2,1,14.61,2689,No,No,Online,Jewellery,0
6621.0,12,3,1,40.65,2132,No,No,POS,Fuel,0
7021.48,15,6,1,19.54,1759,Yes,No,POS,Other,0
1247.94,1,4,0,47.47,252,Yes,No,Online,Grocery,0
1477.86,5,3,0,55.63,1114,Yes,No,Online,Fuel,0
5552.28,7,3,1,69.52,1350,No,No,Online,Fuel,0
2511.98,22,8,1,35.78,2555,Yes,No,ATM,Other,1
7700.59,5,4,1,3.19,2565,No,No,POS,Travel,0
9100.81,22,4,0,9.65,1332,Yes,No,POS,Electronics,0
1286.0,12,3,0,71.78,1072,Yes,No,Online,Fuel,0
1799.02,22,4,0,21.94,562,Yes,No,Transfer,Grocery,0
3648.64,19,7,0,20.57,1440,No,No,ATM,Grocery,0
394.51,7,1,0,42.31,466,No,No,ATM,Grocery,0
640.54,13,3,0,37.46,507,No,No,Online,Electronics,0
1633.49,17,0,0,100.27,2823,Yes,No,Transfer,Fuel,0
11124.14,1,2,0,24.44,1619,Yes,No,Online,Other,1
4050.28,15,5,0,21.54,1153,No,Yes,POS,Fuel,0
2044.68,11,3,0,54.07,1269,Yes,No,Online,Restaurant,0
22879.75,1,9,5,270.09,102,No,Yes,Online,Electronics,1
1235.25,20,0,1,7.17,2521,No,No,Online,Grocery,0
2164.99,6,2,0,21.92,1617,Yes,No,POS,Fuel,0
2068.18,20,3,0,105.29,1938,Yes,No,Transfer,Restaurant,0
2862.1,4,1,0,12.05,1733,Yes,No,Transfer,Other,0
4749.74,12,3,0,21.11,1695,Yes,No,ATM,Travel,0
19267.22,23,11,2,375.39,165,No,Yes,Online,Electronics,1
5774.27,21,4,0,86.31,2307,No,No,POS,Grocery,0
22804.15,0,22,7,462.15,25,No,Yes,Online,Jewellery,1
9547.69,18,2,1,18.75,1040,Yes,No,ATM,Fuel,0
65793.36,3,9,2,159.12,99,No,Yes,Online,Travel,1
3973.16,18,0,0,52.87,2285,Yes,No,Online,Grocery,0
4760.74,7,4,0,74.34,348,No,No,POS,Jewellery,0
2211.58,22,3,1,24.07,1367,Yes,No,ATM,Electronics,0
2827.45,12,3,0,35.15,2986,Yes,No,Online,Restaurant,0
2746.35,8,0,1,12.88,2095,Yes,No,Online,Grocery,0
1854.34,4,2,0,5.5,667,Yes,No,POS,Jewellery,0
43098.48,2,17,7,460.59,153,No,Yes,Online,Travel,1
4937.44,6,4,0,24.34,2834,Yes,Yes,Transfer,Restaurant,0
6386.42,15,5,0,11.63,1586,No,No,Online,Grocery,0
4469.2,1,3,0,33.11,2538,No,No,POS,Travel,0
3189.87,15,4,0,13.81,2438,Yes,No,POS,Other,0
12326.34,15,2,0,62.53,2334,Yes,No,Online,Restaurant,0
2024.06,12,2,1,17.67,1947,Yes,No,ATM,Restaurant,0
4068.22,15,3,0,20.11,407,Yes,No,POS,Other,0
6996.26,23,1,1,71.91,886,Yes,No,Online,Grocery,1
39835.13,4,23,3,399.21,177,No,Yes,Online,Travel,1
5195.54,10,6,1,33.56,1310,No,No,Online,Restaurant,0
9949.48,20,5,0,20.59,520,Yes,No,ATM,Restaurant,0
3384.99,22,1,1,28.11,1812,Yes,No,POS,Grocery,0
3817.18,3,2,0,8.51,1211,Yes,No,POS,Restaurant,0
2033.7,8,3,1,54.04,2822,Yes,No,ATM,Fuel,0
4723.67,17,1,0,15.03,2378,Yes,No,Transfer,Other,0
1817.6,12,6,3,6.85,683,Yes,No,POS,Grocery,0
3241.25,3,7,1,37.73,1184,Yes,No,Online,Travel,1
934.59,11,5,0,41.92,1256,Yes,No,Online,Other,0
213.66,8,1,0,25.75,103,No,Yes,ATM,Travel,0
2366.07,17,3,0,76.65,2182,No,No,Online,Grocery,0
2336.67,12,4,0,14.29,224,Yes,No,ATM,Grocery,0
2525.36,3,1,1,23.77,2461,No,No,Online,Travel,1
5567.36,1,4,0,2.61,1387,Yes,No,POS,Restaurant,0
6504.96,6,2,0,0.66,1368,No,No,POS,Restaurant,0
4187.8,3,7,0,30.96,95,Yes,No,ATM,Travel,0
5308.63,21,4,0,38.23,1887,Yes,No,Transfer,Fuel,0
1860.49,6,3,1,29.26,2269,Yes,No,POS,Grocery,0
1509.91,15,7,0,38.39,1244,Yes,No,Online,Jewellery,0
4789.31,3,2,0,52.82,742,Yes,No,POS,Travel,0
1335.87,10,5,0,23.68,2996,No,No,Online,Fuel,0
1208.43,22,5,0,19.45,1466,Yes,No,POS,Other,0
16474.61,15,0,0,10.1,1983,No,Yes,Transfer,Travel,1
3544.02,6,2,0,33.12,2379,No,No,Online,Restaurant,1
2337.83,17,2,0,58.02,1771,Yes,Yes,Online,Travel,1
2135.03,12,4,0,44.29,1661,No,No,POS,Grocery,0
959.88,5,4,0,99.81,2057,Yes,Yes,POS,Other,0
4126.71,23,3,0,27.48,2649,Yes,No,Online,Travel,1
2705.89,22,2,0,17.64,2057,Yes,No,POS,Jewellery,0
6384.09,13,2,0,22.65,2542,Yes,No,POS,Electronics,0
4891.39,0,5,0,47.51,849,Yes,No,ATM,Restaurant,0
2636.84,9,1,0,38.18,528,Yes,No,POS,Other,0
515.6,12,4,0,15.02,311,No,No,POS,Fuel,0
3550.86,22,4,1,31.81,77,No,No,ATM,Restaurant,0
3325.93,17,5,1,13.46,1342,Yes,No,Online,Grocery,0
407.8,5,4,2,38.41,2594,Yes,No,POS,Electronics,0
4514.39,12,2,0,3.62,205,No,No,Online,Other,0
1296.46,4,3,0,5.3,1970,Yes,No,POS,Travel,0
6603.71,11,5,0,6.95,2402,No,No,POS,Grocery,0
3181.07,12,3,1,10.47,2757,Yes,No,POS,Fuel,0
2087.75,12,3,1,35.58,2433,Yes,No,POS,Restaurant,0
3913.01,10,3,0,46.6,258,Yes,No,ATM,Fuel,0
3744.86,10,1,0,25.04,461,Yes,No,Transfer,Fuel,0
3648.04,19,4,1,6.87,2960,No,No,POS,Restaurant,0
6038.81,12,5,1,54.49,290,Yes,No,ATM,Fuel,0
73323.46,23,10,7,319.99,124,No,Yes,Online,Travel,1
1942.5,17,1,0,63.04,2830,Yes,No,POS,Jewellery,0
2768.06,14,4,0,27.41,811,No,No,POS,Jewellery,0
8166.77,16,3,0,4.52,2422,No,No,Online,Grocery,0
1804.55,17,1,1,12.24,185,Yes,Yes,POS,Travel,0
4464.61,4,2,1,3.7,390,No,No,POS,Grocery,0
6186.11,23,1,2,1.4,1122,No,No,POS,Other,0
4762.94,23,2,0,18.01,691,No,No,Online,Restaurant,0
3566.56,3,1,0,27.75,1308,Yes,No,POS,Restaurant,0
3967.23,5,0,0,35.89,818,No,No,POS,Restaurant,0
4968.51,5,2,0,48.73,813,Yes,No,Online,Grocery,0
1787.11,23,8,1,15.76,1072,Yes,No,Online,Grocery,0
3341.57,22,3,1,7.1,171,No,No,POS,Electronics,0
12281.9,6,2,1,27.33,2080,Yes,No,POS,Jewellery,0
4559.19,15,2,0,15.88,2601,No,No,Online,Other,0
3656.82,5,2,1,44.97,1206,Yes,No,POS,Fuel,0
2563.41,0,2,1,16.53,641,Yes,No,POS,Other,0
1803.51,5,3,1,35.99,2708,Yes,No,POS,Grocery,0
4060.13,1,4,1,86.02,2620,Yes,No,Transfer,Fuel,0
4257.42,20,4,0,43.47,1390,Yes,Yes,Online,Electronics,0
3181.82,18,4,0,68.23,783,Yes,No,Online,Fuel,0
66645.5,1,11,7,228.83,128,No,Yes,Transfer,Jewellery,1
1933.02,13,3,0,6.35,2551,Yes,No,Online,Electronics,0
1584.01,4,5,0,28.64,105,Yes,No,POS,Restaurant,0
2591.2,13,0,1,43.2,855,Yes,No,ATM,Other,0
3256.22,21,1,0,35.18,2589,Yes,No,POS,Electronics,0
1728.19,21,6,0,11.52,311,Yes,No,POS,Electronics,1
3992.34,19,6,0,40.82,749,Yes,No,POS,Grocery,0
69458.01,23,23,5,127.02,15,No,Yes,Transfer,Electronics,1
5366.68,4,0,1,16.42,2445,Yes,No,Online,Other,0
43532.04,3,17,3,438.91,113,No,Yes,Transfer,Electronics,1
7733.19,3,4,0,42.93,2608,Yes,No,Online,Other,0
42256.88,0,19,5,385.49,104,No,Yes,Transfer,Jewellery,1
1901.61,15,2,1,28.77,629,No,No,Transfer,Jewellery,0
1721.89,21,2,0,38.84,1229,Yes,No,POS,Jewellery,0
2725.64,2,4,0,34.79,1789,Yes,No,POS,Restaurant,0
4303.15,6,1,0,4.06,1821,No,No,Online,Other,0
4737.24,17,3,0,25.44,788,No,No,POS,Travel,0
5121.82,16,4,0,33.16,1912,Yes,No,POS,Grocery,0
11791.69,10,3,1,51.27,63,Yes,No,POS,Restaurant,0
689.97,3,1,0,11.63,236,No,No,POS,Fuel,0
3119.26,11,2,0,26.96,755,Yes,No,POS,Electronics,0
11178.49,4,5,3,62.27,2859,Yes,No,ATM,Travel,0
68478.49,1,9,3,189.75,46,No,Yes,Transfer,Jewellery,1
1503.14,21,1,1,5.14,165,Yes,No,Online,Grocery,0
60029.37,23,10,4,133.5,40,No,Yes,Online,Jewellery,1
2985.8,2,4,1,28.84,2509,Yes,No,POS,Electronics,0
2908.18,17,2,0,3.59,1521,No,Yes,Online,Other,0
2250.13,0,2,0,22.19,2149,Yes,No,Transfer,Grocery,0
3638.28,23,5,0,26.14,937,Yes,No,Online,Restaurant,0
6830.68,18,3,1,20.64,875,No,No,ATM,Electronics,0
2408.41,9,3,0,27.57,483,Yes,No,POS,Grocery,0
5147.23,8,3,0,29.94,1795,No,No,POS,Fuel,0
5752.72,9,6,0,31.62,1723,Yes,No,POS,Grocery,0
7692.83,9,2,1,23.43,1653,Yes,No,Online,Travel,0
40190.83,4,15,6,454.88,56,No,Yes,Transfer,Jewellery,1
3437.81,19,3,0,44.61,2004,Yes,No,Online,Restaurant,0
67279.35,4,21,6,408.69,156,No,Yes,Transfer,Electronics,1
3643.12,4,4,0,72.79,2215,Yes,No,POS,Fuel,0
3625.95,12,1,2,13.72,402,Yes,No,Online,Fuel,0
1366.31,15,6,1,31.54,1549,No,No,Online,Grocery,0
3794.99,17,4,1,33.53,2915,Yes,No,POS,Grocery,0
12162.04,7,1,1,8.11,2151,Yes,No,Online,Restaurant,0
50907.83,2,8,3,266.71,77,No,Yes,Online,Electronics,1
1134.83,2,1,1,16.12,602,Yes,No,ATM,Fuel,0
1612.18,10,1,0,41.25,240,Yes,Yes,Online,Fuel,0
31183.07,4,15,7,208.51,140,No,Yes,Online,Electronics,1
1643.34,7,1,0,18.81,1317,No,No,Transfer,Grocery,1
7430.85,7,4,1,7.52,1288,Yes,No,Online,Grocery,0
1015.89,11,3,0,49.83,2928,Yes,No,POS,Fuel,0
4771.93,20,3,0,18.28,2823,Yes,No,Online,Restaurant,0
23751.26,3,17,4,232.65,130,No,Yes,Online,Travel,1
3277.25,22,2,1,23.92,2568,Yes,No,POS,Grocery,0
20384.09,23,15,3,388.53,48,No,Yes,Transfer,Travel,1
5358.87,20,4,1,17.46,13,No,No,POS,Restaurant,0
6647.5,1,2,0,13.99,2742,Yes,No,ATM,Travel,0
4294.38,7,4,0,7.4,2284,Yes,No,Online,Electronics,0
6845.34,10,2,1,30.36,854,Yes,No,Online,Other,0
298.94,5,3,0,41.4,1811,Yes,No,Online,Restaurant,0
3761.47,23,8,0,9.54,135,Yes,No,Online,Electronics,1
4726.76,21,2,1,23.0,2145,No,No,Transfer,Grocery,0
5139.47,13,8,0,71.89,1040,Yes,No,Online,Grocery,0
4541.5,10,4,0,18.94,782,Yes,No,POS,Fuel,0
5213.85,18,4,0,8.6,2382,No,No,ATM,Travel,1
82590.59,23,11,4,361.41,84,No,Yes,Transfer,Jewellery,1
1145.07,11,7,0,17.44,1071,No,No,POS,Jewellery,0
2237.17,19,3,1,44.2,430,No,No,ATM,Grocery,0
7455.27,4,3,0,27.78,2223,Yes,Yes,POS,Electronics,0
6925.71,6,2,0,3.61,2697,Yes,No,POS,Travel,0
4668.59,0,1,0,53.31,2629,Yes,No,Online,Restaurant,0
5433.76,2,2,0,11.76,1308,Yes,No,Transfer,Fuel,0
6408.35,4,3,0,7.92,1561,No,No,ATM,Fuel,0
4632.51,14,7,1,23.89,327,No,No,POS,Other,0
7320.55,20,1,3,14.0,987,No,No,Online,Grocery,0
7166.31,14,3,0,47.2,2105,Yes,Yes,POS,Electronics,1
14537.93,10,5,2,29.25,2297,Yes,No,Online,Other,0
2310.26,6,0,2,18.39,1166,Yes,No,POS,Travel,0
2342.85,2,3,0,11.86,2765,Yes,No,POS,Travel,0
4402.66,14,1,0,74.16,770,Yes,No,Transfer,Fuel,0
10770.77,3,1,1,61.39,2107,Yes,No,POS,Restaurant,0
7690.04,18,4,1,23.15,2010,Yes,No,Online,Other,0
5879.67,9,0,0,3.16,1788,Yes,No,POS,Electronics,0
8025.49,8,7,1,18.18,1007,Yes,No,POS,Restaurant,0
4783.73,0,3,0,43.41,2133,Yes,Yes,Online,Grocery,0
2749.72,5,1,1,10.15,658,Yes,No,POS,Restaurant,0
12444.76,0,3,1,78.49,2489,Yes,No,POS,Other,1
4550.75,17,1,0,71.15,1812,Yes,No,POS,Restaurant,0
7066.64,11,2,0,14.5,1237,Yes,No,Online,Grocery,0
296.3,18,7,0,11.21,1057,No,No,ATM,Jewellery,0
373.87,13,1,0,48.87,385,Yes,No,POS,Grocery,0
3844.25,22,0,0,36.19,167,Yes,No,Online,Grocery,0
28687.67,3,23,7,143.28,23,No,Yes,Transfer,Jewellery,1
4092.93,3,2,0,51.55,688,No,No,Online,Grocery,0
48558.73,1,18,7,182.91,47,No,Yes,Online,Electronics,1
15845.3,21,4,1,21.99,1358,Yes,No,POS,Restaurant,0
6708.27,6,3,0,61.99,469,No,No,POS,Grocery,0
8519.69,18,5,0,41.28,1727,Yes,No,POS,Grocery,0
466.71,15,1,1,48.53,1908,No,No,Transfer,Electronics,0
5827.72,16,5,0,127.32,1464,Yes,No,Online,Electronics,0
2994.66,6,4,0,33.15,1962,No,No,POS,Electronics,0
8622.9,7,3,0,33.75,2757,Yes,No,Online,Travel,0
29653.75,2,21,5,380.08,113,No,Yes,Online,Travel,1
3319.22,0,4,0,18.15,1031,No,No,POS,Fuel,1
1256.88,7,2,1,39.49,1883,Yes,No,POS,Travel,0
3792.77,12,5,0,37.72,2603,Yes,No,POS,Restaurant,0
7347.58,4,3,1,50.47,1927,Yes,No,POS,Electronics,0
8938.82,6,2,1,26.32,1441,Yes,No,ATM,Grocery,0
2616.01,23,4,0,25.96,355,Yes,No,Online,Fuel,0
14274.94,6,2,2,22.13,2047,No,No,ATM,Restaurant,0
6983.17,21,2,0,3.57,2352,Yes,No,Online,Grocery,0
1672.38,22,2,0,8.3,1625,Yes,Yes,ATM,Jewellery,0
1364.99,16,3,0,21.46,1898,Yes,No,POS,Grocery,0
3135.56,3,4,1,56.26,335,No,No,POS,Jewellery,1
2611.01,4,1,0,27.43,2901,Yes,No,Online,Electronics,1
4809.51,22,5,0,22.63,1273,Yes,No,Online,Restaurant,0
3515.94,0,0,0,24.23,2649,Yes,Yes,POS,Grocery,0
2780.84,12,0,1,20.64,2028,No,No,Online,Other,0
874.33,14,4,0,20.38,2164,Yes,No,POS,Travel,0
5388.6,20,0,0,12.76,835,Yes,No,POS,Jewellery,0
803.29,21,3,0,30.1,795,Yes,Yes,POS,Restaurant,0
6997.92,6,2,0,56.71,997,Yes,No,ATM,Grocery,0
526.82,12,1,0,25.76,815,No,No,POS,Grocery,0
757.87,15,1,0,32.5,2106,Yes,No,POS,Grocery,0
1665.94,23,6,1,27.46,468,Yes,No,Online,Grocery,0
2436.18,13,4,1,37.73,2203,No,No,POS,Grocery,0
2061.68,2,0,0,21.92,450,Yes,No,POS,Other,0
2428.05,22,1,0,3.32,1613,Yes,No,POS,Fuel,0
4150.0,12,2,1,11.5,885,Yes,No,Transfer,Grocery,0
1698.65,4,1,0,23.18,2211,No,No,POS,Restaurant,0
40029.57,3,13,5,493.55,179,No,Yes,Online,Jewellery,1
301.15,4,1,0,12.59,2527,Yes,No,POS,Grocery,0
1645.54,17,3,0,15.61,2625,No,No,ATM,Other,0
61951.74,3,22,4,373.44,22,No,Yes,Transfer,Electronics,1
6945.66,10,3,1,4.27,80,No,No,Transfer,Travel,0
1890.71,2,6,0,23.67,2089,No,No,Transfer,Electronics,1
5164.75,21,1,0,2.67,2052,Yes,No,Transfer,Grocery,0
596.66,15,4,1,30.53,46,Yes,No,POS,Electronics,0
8844.56,13,0,0,38.4,1693,Yes,No,Online,Electronics,0
3664.39,1,1,0,2.2,97,Yes,Yes,Online,Electronics,0
3368.76,23,2,0,127.28,749,Yes,No,POS,Electronics,0
884.65,1,2,1,5.7,1812,Yes,Yes,POS,Travel,0
39882.39,1,23,5,211.69,36,No,Yes,Transfer,Jewellery,1
2847.96,14,7,0,98.38,1910,Yes,No,ATM,Grocery,0
1525.82,12,4,0,5.2,1253,Yes,No,ATM,Grocery,0
6501.1,13,4,0,26.42,888,Yes,No,ATM,Electronics,1
3585.39,9,2,0,33.83,217,Yes,No,POS,Other,0
1542.2,13,7,0,19.19,1856,Yes,Yes,Online,Other,0
5854.62,8,2,1,19.17,1629,No,No,POS,Travel,0
2567.34,11,5,0,33.41,314,Yes,No,Transfer,Travel,0
5678.07,16,4,1,59.57,354,No,No,Online,Travel,0
2258.39,17,5,0,26.38,2310,No,No,Online,Fuel,0
4924.21,3,3,1,86.48,2481,Yes,No,Transfer,Electronics,0
2498.13,23,7,0,5.23,1065,Yes,No,POS,Travel,0
6502.62,2,2,1,84.63,2937,Yes,No,POS,Restaurant,1
610.56,6,7,0,17.47,1718,Yes,No,POS,Fuel,0
77153.02,3,10,6,296.96,167,No,Yes,Online,Electronics,1
3043.93,7,1,0,40.22,2937,Yes,No,Online,Grocery,0
27032.67,1,17,2,254.1,168,No,Yes,Online,Jewellery,1
2438.93,7,5,1,30.76,1554,Yes,No,ATM,Electronics,0
5314.96,10,2,0,3.17,380,Yes,No,Transfer,Other,0
2398.96,18,1,0,13.18,1584,No,No,POS,Grocery,0
4282.18,19,1,0,19.32,988,Yes,No,POS,Grocery,0
1635.7,8,4,1,23.84,318,Yes,No,POS,Fuel,0
481.02,6,0,0,60.96,1604,Yes,No,Online,Travel,0
5654.45,16,2,0,15.39,142,Yes,No,Online,Other,0
10149.67,1,3,0,11.32,2784,Yes,No,Online,Jewellery,0
3973.61,10,4,0,10.68,2768,Yes,No,POS,Restaurant,0
67661.9,1,10,6,255.28,54,No,Yes,Transfer,Travel,1
3680.34,14,2,0,44.97,2600,No,No,POS,Other,1
8064.72,1,2,0,13.73,2480,Yes,No,POS,Travel,0
4007.42,19,2,0,29.46,2433,Yes,Yes,Online,Jewellery,0
5840.37,6,2,0,16.24,385,Yes,No,ATM,Other,0
5667.63,12,1,0,3.84,2982,No,No,Online,Travel,0
48714.63,0,12,6,371.91,75,No,Yes,Online,Electronics,1
43952.5,3,11,6,266.13,70,No,Yes,Online,Electronics,1
2234.34,10,1,0,28.8,2635,Yes,Yes,Transfer,Travel,0
4961.96,6,3,1,4.77,2299,No,No,Online,Restaurant,0
6551.11,18,6,0,6.33,1801,No,No,ATM,Electronics,0
7382.54,12,2,0,27.35,344,Yes,No,POS,Other,0
50878.83,0,16,3,288.13,38,No,Yes,Online,Jewellery,1
6164.17,6,2,0,3.27,1907,No,No,Online,Jewellery,0
2137.28,10,5,1,14.92,2113,Yes,No,ATM,Restaurant,0
3970.25,20,6,0,22.19,2156,Yes,No,Transfer,Restaurant,0
3723.59,23,3,0,62.21,755,Yes,No,Online,Restaurant,0
3437.08,9,2,1,35.28,2083,No,No,Transfer,Travel,0
4968.81,9,2,1,16.11,341,No,No,Online,Restaurant,0
2907.97,3,2,2,66.14,802,Yes,Yes,Online,Other,1
2911.16,13,6,2,75.66,62,Yes,No,Transfer,Travel,1
10546.72,5,2,0,43.83,2651,Yes,No,POS,Grocery,0
3240.74,19,3,0,4.7,1109,Yes,No,POS,Grocery,0
6836.56,12,1,1,20.13,1702,Yes,No,POS,Restaurant,0
7098.84,5,3,0,15.08,40,Yes,No,Online,Grocery,0
46658.53,1,9,4,284.9,108,No,Yes,Transfer,Jewellery,1
2997.81,19,3,1,68.09,1204,Yes,No,POS,Other,0
1692.51,7,2,0,73.28,1339,Yes,No,Online,Travel,0
791.44,2,3,0,15.75,1081,Yes,No,Online,Fuel,0
5213.73,6,3,1,19.04,1035,No,No,Online,Other,0
4515.77,9,6,0,6.08,927,Yes,No,POS,Electronics,0
5742.54,9,4,1,62.46,2696,Yes,No,POS,Grocery,0
2348.79,19,4,0,51.71,246,Yes,No,POS,Electronics,0
52408.43,1,21,4,236.53,61,No,Yes,Online,Electronics,1
4795.08,17,3,0,13.58,773,Yes,No,POS,Travel,0
3150.79,20,1,0,33.54,267,Yes,No,Online,Travel,0
448.47,3,3,1,33.04,2618,Yes,No,Online,Grocery,0
2559.36,3,3,0,24.28,1321,Yes,No,Online,Electronics,1
5926.52,21,1,0,48.7,2713,Yes,No,Online,Jewellery,0
8568.35,14,5,0,37.5,236,No,Yes,POS,Grocery,0
3524.55,5,5,0,29.77,226,Yes,Yes,Online,Other,0
9478.04,19,4,0,15.11,2611,Yes,No,POS,Grocery,0
1585.67,4,5,1,38.36,767,Yes,No,Online,Fuel,0
4610.94,18,3,0,29.66,1440,No,No,ATM,Grocery,0
4701.51,21,4,0,16.26,500,Yes,No,Online,Fuel,0
5242.27,11,2,0,17.52,791,Yes,No,POS,Fuel,0
3880.21,15,4,0,12.08,1736,Yes,Yes,POS,Electronics,0
4437.57,17,2,0,27.54,220,Yes,No,Online,Restaurant,0
39192.89,23,16,2,486.79,34,No,Yes,Transfer,Travel,1
8041.07,14,4,1,7.95,886,Yes,No,Online,Grocery,0
75343.08,4,8,3,326.31,77,No,Yes,Online,Jewellery,1
4316.88,4,3,0,46.11,1100,No,No,Online,Grocery,0
6496.59,8,5,0,19.4,2167,Yes,No,POS,Grocery,0
8207.93,1,3,0,24.83,2911,Yes,Yes,POS,Fuel,0
5190.67,16,5,0,10.12,1965,Yes,Yes,POS,Fuel,0
12005.43,8,2,0,9.19,2970,Yes,No,Online,Grocery,0
5486.16,17,4,0,16.21,2150,Yes,No,ATM,Other,0
1765.69,1,3,0,20.58,1393,Yes,No,POS,Grocery,0
25874.69,3,18,6,362.15,133,No,Yes,Transfer,Jewellery,1
6664.88,9,3,0,67.79,2742,Yes,No,Online,Fuel,0
8213.06,2,5,0,9.07,2797,No,No,Online,Travel,1
3938.99,19,2,2,5.2,2398,Yes,Yes,POS,Grocery,0
1650.85,14,2,0,4.57,301,Yes,No,Online,Grocery,0
2949.55,20,4,0,27.11,2310,No,No,Transfer,Fuel,0
1084.73,19,3,0,32.95,691,Yes,No,POS,Restaurant,0
5870.13,0,2,0,13.03,813,Yes,No,Online,Other,0
2534.77,20,1,0,25.69,2339,Yes,No,Online,Electronics,0
2001.54,1,3,0,49.41,2230,Yes,No,Transfer,Jewellery,1
6256.71,20,4,0,19.2,233,Yes,No,POS,Travel,0
9356.22,16,3,1,17.77,2973,Yes,Yes,ATM,Other,0
56952.9,3,13,2,394.01,39,No,Yes,Online,Travel,1
3957.33,11,8,1,31.56,2521,No,No,POS,Fuel,0
3042.74,3,5,0,11.95,2712,Yes,No,Online,Restaurant,0
8459.44,3,3,0,37.76,1631,Yes,No,Online,Restaurant,0
74760.81,1,16,4,153.86,148,No,Yes,Online,Electronics,1
1521.36,19,2,0,20.51,12,No,No,POS,Restaurant,0
3423.11,12,1,0,3.39,2163,Yes,No,Transfer,Grocery,0
7340.0,5,2,1,50.46,1136,Yes,No,Online,Electronics,1
2910.82,2,1,0,42.61,1265,Yes,No,Online,Electronics,0
2166.55,1,0,0,11.62,1965,Yes,No,POS,Other,0
3198.42,6,4,0,38.22,1253,Yes,No,Transfer,Grocery,0
27727.93,3,12,7,347.77,157,No,Yes,Transfer,Electronics,1
3039.81,21,4,0,38.71,2612,Yes,No,Transfer,Restaurant,0
2298.51,14,2,0,33.37,1222,Yes,No,POS,Grocery,0
13397.56,23,3,1,64.44,2162,Yes,No,POS,Other,1
570.25,9,4,0,32.68,2133,Yes,No,Online,Restaurant,0
1759.24,7,4,0,10.69,755,Yes,No,Online,Grocery,0
2165.24,16,0,0,25.81,2675,Yes,No,ATM,Jewellery,0
1572.58,3,4,0,18.39,2966,Yes,Yes,POS,Jewellery,0
4642.06,21,3,0,61.85,2107,No,No,Online,Grocery,0
1965.63,18,2,0,5.6,2551,Yes,Yes,POS,Other,0
978.74,0,4,0,25.01,1835,Yes,Yes,POS,Electronics,1
3710.7,4,2,0,10.24,931,Yes,No,Transfer,Travel,0
2785.82,15,3,0,73.21,685,Yes,No,Online,Jewellery,0
2041.59,17,3,2,27.16,2829,Yes,No,POS,Grocery,0
8323.16,5,4,0,35.05,2016,Yes,No,Online,Travel,0
60733.94,3,17,2,89.71,43,No,Yes,Transfer,Jewellery,1
4391.36,11,6,1,39.22,2517,Yes,No,POS,Restaurant,0
4822.59,16,1,0,10.72,1688,Yes,No,POS,Other,0
4654.73,10,1,0,11.39,1319,Yes,No,Online,Restaurant,0
2893.97,10,5,0,61.29,188,Yes,No,Online,Grocery,0
1982.54,9,4,0,109.72,2668,No,No,POS,Electronics,0
3769.27,3,4,0,3.87,222,No,No,POS,Other,0
2854.16,4,2,0,14.33,1022,Yes,No,POS,Fuel,0
561.83,4,5,0,49.0,1811,Yes,No,Online,Fuel,0
1457.37,19,8,1,33.31,1901,No,No,POS,Grocery,0
2588.47,10,7,1,12.11,1950,Yes,No,ATM,Grocery,0
6345.88,9,3,1,17.71,2525,Yes,Yes,Online,Grocery,0
3781.02,20,2,0,13.0,1539,Yes,No,POS,Grocery,0
1704.71,21,0,1,36.94,2664,Yes,No,ATM,Electronics,0
1350.07,5,5,0,12.07,1753,Yes,No,Online,Travel,0
7252.63,8,4,1,17.95,1410,No,No,POS,Electronics,0
2995.01,9,4,0,41.97,1163,Yes,Yes,ATM,Electronics,0
142.42,20,3,2,29.49,1387,Yes,No,Online,Restaurant,0
3138.87,16,2,1,53.68,1428,No,No,POS,Restaurant,0
5464.28,13,5,0,11.71,2836,Yes,No,POS,Electronics,0
1313.64,5,5,0,17.37,506,No,No,ATM,Electronics,0
3578.89,9,1,0,10.49,1404,No,No,POS,Other,0
3824.14,0,3,0,15.23,382,Yes,No,POS,Grocery,0
1384.33,16,3,0,6.45,20,No,No,ATM,Fuel,1
7685.36,22,2,1,1.49,1369,No,No,POS,Travel,0
3871.45,18,8,1,5.44,1459,Yes,No,Transfer,Electronics,0
2578.29,7,5,0,43.33,886,Yes,No,POS,Travel,0
3010.04,11,4,0,5.95,1816,Yes,No,POS,Grocery,0
1161.06,22,3,0,32.23,58,No,No,Online,Electronics,1
1117.53,10,3,0,15.95,2233,Yes,No,POS,Other,0
2396.42,20,3,0,18.39,1255,Yes,No,POS,Other,0
2513.6,13,4,1,6.72,246,Yes,No,POS,Jewellery,0
2864.24,11,3,0,13.5,2789,Yes,No,POS,Other,0
8127.82,14,7,0,27.48,1730,Yes,No,Transfer,Restaurant,0
5267.42,5,3,1,6.07,1421,Yes,No,POS,Grocery,0
661.21,10,5,0,12.7,1837,Yes,No,Transfer,Jewellery,0
7146.65,7,1,2,24.16,1658,Yes,No,Online,Other,1
2381.88,18,1,2,32.84,2042,Yes,No,Online,Jewellery,0
5611.73,14,6,1,18.95,2183,Yes,No,Online,Restaurant,0
2531.93,9,3,1,74.91,824,Yes,No,POS,Jewellery,0
3697.9,19,3,0,23.29,1940,No,No,Transfer,Grocery,0
1241.53,10,5,1,38.37,2302,Yes,No,Online,Grocery,0
4293.08,22,0,1,27.62,424,Yes,No,ATM,Restaurant,0
6042.98,14,1,0,16.27,2370,Yes,No,POS,Fuel,0
795.91,21,1,2,2.97,1048,Yes,No,Online,Electronics,1
48340.22,23,12,3,368.28,143,No,Yes,Transfer,Electronics,1
1975.87,7,1,0,41.76,2133,No,No,POS,Grocery,0
9825.99,6,1,2,72.96,2318,Yes,No,POS,Fuel,0
5681.29,20,3,0,16.42,1669,Yes,No,Online,Electronics,0
5037.2,5,3,0,92.88,1852,Yes,No,Online,Fuel,0
3023.14,18,5,0,40.03,1365,Yes,No,POS,Other,0
14947.11,4,1,1,53.99,1315,No,No,ATM,Other,0
2393.59,20,3,0,7.22,985,Yes,Yes,POS,Grocery,0
1486.71,16,3,0,25.11,2339,Yes,No,Transfer,Fuel,0
2032.36,12,0,1,65.06,1472,Yes,No,Online,Grocery,0
6772.41,10,5,0,7.06,391,Yes,No,ATM,Travel,0
59051.29,1,8,2,232.9,97,No,Yes,Transfer,Jewellery,1
3273.1,9,2,0,75.55,1078,No,No,Online,Grocery,0
2421.39,9,2,1,57.98,2239,No,No,POS,Jewellery,0
3150.09,4,4,0,23.03,2679,Yes,No,Transfer,Fuel,0
2293.51,3,4,0,12.91,507,Yes,No,POS,Electronics,0
5360.41,21,1,0,35.43,438,Yes,No,Online,Restaurant,0
2815.64,17,2,1,58.1,1564,No,No,POS,Grocery,0
2062.81,10,0,0,40.02,2784,Yes,Yes,POS,Other,0
6403.83,19,5,0,64.26,873,Yes,No,ATM,Grocery,0
1527.51,14,2,0,64.51,1891,Yes,No,POS,Travel,0
3684.48,14,5,0,33.02,2170,No,Yes,POS,Other,0
557.77,2,7,0,41.65,30,No,Yes,POS,Other,0
44995.9,2,14,4,126.38,123,No,Yes,Online,Travel,1
2591.1,2,2,0,3.46,475,No,No,Online,Jewellery,0
2260.79,16,2,0,28.34,2965,Yes,No,Online,Electronics,0
2258.08,1,2,0,7.25,166,Yes,No,Transfer,Grocery,0
5715.97,12,3,0,6.16,401,Yes,No,Online,Electronics,0
5939.41,8,2,0,48.97,2318,Yes,No,Transfer,Fuel,0
4200.03,3,3,0,14.43,484,Yes,No,POS,Other,0
1458.52,11,2,0,19.6,770,Yes,No,POS,Grocery,0
3132.1,4,4,1,9.5,1667,Yes,No,Online,Travel,0
10712.86,5,7,0,11.17,1713,Yes,No,POS,Restaurant,0
14031.92,21,4,0,22.14,2993,No,No,Online,Grocery,0
6444.79,8,2,1,29.87,2553,No,No,Online,Travel,0
1508.0,9,6,0,21.05,2514,Yes,No,POS,Travel,0
3152.42,0,5,0,34.7,2707,No,Yes,POS,Grocery,0
4009.81,7,7,0,43.53,1678,No,No,Transfer,Restaurant,0
3598.86,8,4,0,4.41,2524,No,Yes,Online,Electronics,0
6890.58,17,3,1,36.31,2125,Yes,No,Online,Electronics,0
5550.18,2,6,2,28.31,1513,Yes,No,Online,Grocery,0
1439.24,22,3,1,27.87,2812,No,No,POS,Electronics,0
2102.81,3,2,1,7.81,436,Yes,No,Online,Grocery,0
6427.1,15,3,1,17.02,1157,Yes,No,ATM,Restaurant,0
8300.49,0,3,1,38.53,1049,Yes,No,Transfer,Restaurant,0
4044.83,19,3,0,6.63,1633,Yes,No,POS,Grocery,0
8964.14,16,2,0,105.34,1011,Yes,Yes,POS,Grocery,0
55283.14,0,15,2,105.85,62,No,Yes,Online,Jewellery,1
1662.43,22,4,0,10.19,2971,Yes,No,POS,Electronics,0
5219.07,20,4,1,18.22,2256,Yes,No,POS,Restaurant,0
17948.11,14,1,2,5.76,2422,No,No,Online,Fuel,0
1169.36,20,1,1,50.48,1062,Yes,No,POS,Grocery,0
8748.8,2,2,1,21.32,974,Yes,No,Online,Fuel,0
5022.92,15,3,0,29.11,1549,Yes,No,Transfer,Restaurant,0
2004.06,23,1,0,24.48,1243,Yes,No,POS,Electronics,0
572.22,9,4,0,40.54,1957,Yes,No,POS,Restaurant,0
361.94,23,4,0,9.96,822,No,Yes,POS,Grocery,0
2254.48,12,7,0,125.08,432,Yes,No,Transfer,Travel,0
4482.2,11,4,1,40.57,1216,Yes,No,Online,Electronics,1
32003.31,2,20,4,312.57,151,No,Yes,Online,Travel,1
7068.88,2,1,2,30.99,249,Yes,No,POS,Fuel,0
4212.93,21,4,0,9.74,259,Yes,No,ATM,Electronics,0
3770.55,17,4,0,18.39,2506,Yes,No,Online,Electronics,0
2656.95,9,2,0,16.31,1148,Yes,No,POS,Other,0
4557.18,23,1,0,57.01,1601,No,No,POS,Electronics,0
76101.59,2,17,4,490.54,133,No,Yes,Transfer,Travel,1
1225.82,18,2,1,25.71,1819,Yes,No,ATM,Travel,1
57383.02,23,11,7,254.17,18,No,Yes,Online,Electronics,1
5816.48,14,2,0,39.8,598,Yes,No,Online,Travel,0
1002.22,0,6,0,13.31,2481,Yes,No,POS,Restaurant,0
2254.66,14,1,1,42.86,1360,Yes,No,Online,Grocery,0
3512.29,16,1,0,52.75,387,Yes,No,Transfer,Grocery,0
3459.52,23,5,1,88.84,1392,Yes,No,POS,Travel,0
4932.87,8,4,1,21.8,1508,Yes,No,POS,Fuel,0
10519.81,1,2,0,30.67,298,Yes,No,Online,Electronics,1
365.89,1,2,0,24.22,1455,Yes,No,POS,Fuel,0
10819.97,3,5,0,17.95,101,Yes,No,POS,Jewellery,0
10223.75,7,1,1,48.04,2000,No,No,POS,Restaurant,0
6189.47,19,3,0,17.08,1857,Yes,No,POS,Electronics,0
3992.32,4,2,0,40.87,375,No,No,POS,Fuel,0
2061.24,3,2,0,0.93,1719,No,No,Transfer,Travel,1
6139.63,0,6,0,13.23,805,No,No,Transfer,Restaurant,0
4137.79,9,2,0,49.01,1941,Yes,No,Online,Fuel,0
2700.39,14,4,0,25.31,717,Yes,No,POS,Grocery,0
6034.66,6,1,0,54.28,2689,No,No,POS,Travel,0
6735.03,11,4,0,25.9,1539,No,No,Online,Electronics,0
8258.97,5,2,0,46.36,2995,Yes,No,Online,Travel,0
1881.27,19,2,2,12.97,249,Yes,No,POS,Electronics,0
7580.56,0,0,1,41.4,2519,Yes,No,ATM,Travel,0
2738.86,4,5,1,35.88,178,Yes,No,Online,Other,1
4000.19,13,1,0,23.15,79,No,No,POS,Grocery,0
4559.73,20,3,2,46.91,514,Yes,Yes,ATM,Fuel,0
7183.87,9,2,1,52.4,927,No,No,Online,Other,0
5629.29,1,1,0,43.75,2693,Yes,No,ATM,Other,0
2665.94,13,2,1,48.16,2335,No,No,ATM,Electronics,0
423.4,6,3,1,35.98,234,No,No,POS,Electronics,0
4893.05,7,2,0,8.69,2704,Yes,No,Online,Travel,0
3884.11,22,2,1,27.93,716,No,No,POS,Travel,0
1155.59,22,5,1,23.44,2736,Yes,No,POS,Restaurant,0
49379.19,2,11,3,115.21,138,No,Yes,Online,Electronics,1
3480.15,14,2,0,52.95,2016,Yes,No,Online,Restaurant,0
8206.79,12,3,0,44.84,1884,No,No,ATM,Restaurant,1
11290.75,23,1,0,43.03,2542,Yes,Yes,POS,Fuel,0
6625.41,22,2,0,1.95,1864,Yes,No,POS,Jewellery,0
3334.96,8,4,0,23.9,488,Yes,Yes,ATM,Travel,0
3711.55,0,5,0,17.96,2988,No,Yes,POS,Other,1
1826.8,0,4,0,39.08,1183,Yes,No,POS,Travel,0
2121.85,0,3,1,62.32,2831,Yes,Yes,Online,Restaurant,0
3194.12,18,5,1,31.67,259,No,No,POS,Grocery,1
2951.51,17,0,2,6.79,2718,Yes,No,POS,Jewellery,0
1095.44,19,1,0,25.84,877,No,No,Online,Grocery,0
8261.94,3,3,2,0.21,2896,Yes,No,POS,Jewellery,0
9014.32,1,1,2,49.17,2331,Yes,No,POS,Fuel,0
8091.03,4,4,0,17.47,2922,Yes,No,POS,Jewellery,0
9211.59,15,7,1,56.85,567,No,No,ATM,Electronics,0
13382.43,0,6,1,58.14,2215,No,No,POS,Restaurant,0
1855.57,15,3,0,66.78,2229,Yes,Yes,ATM,Grocery,0
13020.86,21,6,0,17.19,2701,No,No,Transfer,Fuel,1
2653.47,3,7,1,96.75,2307,Yes,No,Online,Electronics,1
5400.84,17,5,0,56.66,281,No,No,ATM,Fuel,0
859.99,13,4,0,18.41,2640,Yes,Yes,Online,Grocery,0
2396.06,22,3,0,61.51,822,No,No,POS,Electronics,0
71355.82,23,17,2,285.26,12,No,Yes,Transfer,Jewellery,1
5576.93,5,3,0,34.01,2316,Yes,No,Transfer,Restaurant,0
2614.0,0,4,0,41.58,2243,Yes,No,ATM,Grocery,0
3710.36,16,3,0,39.38,1929,Yes,No,Transfer,Fuel,0
2200.12,20,4,0,13.68,2029,Yes,No,POS,Electronics,0
6738.16,0,3,0,65.26,1701,Yes,No,POS,Restaurant,0
8619.26,11,4,1,50.94,2353,Yes,No,POS,Electronics,0
1862.52,17,2,0,79.22,2766,Yes,No,ATM,Restaurant,0
3442.66,18,4,0,64.26,575,Yes,No,POS,Other,0
1054.32,22,2,1,56.08,2501,No,No,Online,Grocery,0
4126.97,17,2,2,56.63,2219,No,No,ATM,Jewellery,0
5021.69,22,2,0,41.46,1754,Yes,No,ATM,Grocery,0
4367.02,23,4,2,24.46,2729,No,No,POS,Restaurant,0
4755.04,22,0,0,42.89,2809,Yes,No,POS,Fuel,0
3179.67,10,7,1,12.61,1365,Yes,No,Online,Travel,0
3236.03,9,8,0,61.18,213,No,No,POS,Other,0
3125.7,10,3,0,116.32,75,Yes,Yes,POS,Fuel,1
2339.0,22,4,1,44.16,1846,Yes,No,POS,Jewellery,0
2572.59,6,1,0,19.61,1016,No,No,POS,Travel,0
4866.81,18,3,0,11.36,680,No,Yes,POS,Jewellery,0
8267.59,15,2,0,23.74,298,Yes,No,POS,Grocery,0
1596.35,1,1,0,57.01,805,Yes,No,ATM,Grocery,0
3227.08,11,4,0,39.54,1882,No,No,Online,Restaurant,0
1316.05,4,3,0,34.08,2386,No,No,Transfer,Fuel,0
2372.93,17,7,0,25.89,2506,Yes,No,Online,Jewellery,1
2691.69,10,2,1,37.48,1985,Yes,No,Online,Jewellery,0
3924.18,8,2,0,6.52,283,Yes,No,POS,Grocery,0
3847.01,1,4,0,21.15,2106,Yes,No,Online,Electronics,1
3420.17,3,4,0,20.08,1288,No,No,POS,Grocery,0
4598.1,18,3,0,20.87,398,Yes,No,Online,Grocery,0
1730.4,20,3,0,50.25,2021,No,No,Online,Other,0
3947.25,6,4,0,5.86,2869,Yes,No,Online,Jewellery,0
5684.08,19,5,2,20.87,2723,Yes,No,Online,Fuel,0
1712.09,13,2,0,29.83,2347,Yes,No,ATM,Travel,0
25652.22,1,9,6,445.49,90,No,Yes,Online,Electronics,1
6702.57,10,3,0,26.31,1493,Yes,No,POS,Grocery,0
1354.3,16,7,1,5.52,1588,No,No,POS,Fuel,0
2282.04,21,5,1,36.78,1242,Yes,No,ATM,Travel,0
5575.88,11,9,0,7.57,61,No,No,Transfer,Fuel,1
1639.06,8,4,0,10.8,1715,Yes,No,ATM,Fuel,0
6402.34,18,2,0,49.9,1176,No,No,Online,Electronics,1
2025.47,12,1,0,29.66,1040,Yes,No,ATM,Restaurant,0
1826.98,9,2,1,17.6,1041,No,No,Online,Restaurant,0
1321.9,11,1,0,97.62,2231,Yes,No,POS,Travel,0
2040.3,12,0,0,21.24,539,Yes,No,POS,Restaurant,0
5084.1,3,4,2,10.45,1648,Yes,No,ATM,Grocery,0
2282.37,1,3,1,4.07,438,Yes,No,ATM,Grocery,0
6720.49,15,2,1,56.67,2806,Yes,No,POS,Restaurant,0
3521.03,4,4,2,46.93,1113,No,No,POS,Fuel,0
3744.66,12,5,0,27.9,2735,Yes,No,Transfer,Grocery,0
67627.5,0,8,2,488.12,64,No,Yes,Online,Electronics,1
7373.26,5,4,0,41.22,2185,Yes,No,Online,Electronics,0
53207.4,3,9,3,474.51,103,No,Yes,Transfer,Travel,1
5608.46,23,3,1,0.97,469,Yes,No,Online,Fuel,0
3047.08,0,2,2,10.28,2861,Yes,No,POS,Fuel,0
72904.83,3,13,2,348.18,138,No,Yes,Transfer,Travel,1
3887.19,4,4,1,7.67,2590,Yes,No,POS,Fuel,0
4939.93,21,5,0,20.38,2169,Yes,Yes,ATM,Electronics,0
4973.18,9,5,1,25.96,21,Yes,No,POS,Fuel,0
35523.84,4,22,7,212.54,101,No,Yes,Online,Electronics,1
67547.98,4,11,4,216.09,25,No,Yes,Transfer,Jewellery,1
2017.5,3,2,0,13.83,2344,No,No,POS,Other,0
2097.89,8,4,0,10.35,1315,Yes,No,ATM,Electronics,0
69531.92,1,19,2,416.68,68,No,Yes,Online,Jewellery,1
6771.27,17,3,0,7.01,994,No,No,Online,Travel,1
10968.2,10,1,0,56.11,2513,No,No,POS,Other,0
17740.62,20,3,1,43.38,2402,Yes,No,ATM,Grocery,0
76077.66,1,20,7,205.51,70,No,Yes,Online,Travel,1
4411.34,8,4,0,25.58,2029,Yes,No,Online,Restaurant,0
3137.56,8,2,0,96.54,552,Yes,No,POS,Electronics,0
4033.12,19,4,0,51.3,593,No,No,Transfer,Travel,0
81020.82,1,13,5,304.35,37,No,Yes,Transfer,Jewellery,1
3091.05,3,2,1,26.96,269,Yes,No,ATM,Grocery,0
1839.35,18,5,0,13.34,2350,Yes,No,POS,Other,0
2802.8,9,3,1,9.9,1803,No,No,Online,Grocery,0
1968.78,8,3,1,11.49,138,No,No,POS,Other,1
4941.68,2,1,0,14.98,2531,No,No,POS,Grocery,1
5363.78,23,3,0,26.14,2714,No,No,POS,Restaurant,0
4318.7,1,4,0,29.83,1905,Yes,No,POS,Grocery,0
2104.9,23,5,1,20.54,2966,Yes,No,Online,Electronics,0
1252.9,1,4,0,18.2,743,Yes,No,Transfer,Grocery,0
5403.93,12,2,0,8.11,2865,Yes,No,POS,Grocery,0
3507.61,2,2,0,98.8,1676,Yes,No,POS,Restaurant,0
673.2,11,3,0,6.13,1995,Yes,No,POS,Other,0
3864.68,20,3,1,78.99,1597,Yes,No,Online,Restaurant,0
4433.91,14,6,0,20.84,2670,No,No,POS,Restaurant,0
908.35,13,2,0,20.07,2363,No,No,POS,Grocery,0
65886.02,1,11,2,171.78,58,No,Yes,Transfer,Jewellery,1
1043.72,22,0,0,41.74,1283,Yes,No,POS,Electronics,0
1926.75,9,7,0,10.81,2806,No,No,Online,Restaurant,0
1050.16,12,2,0,27.09,2166,No,No,POS,Travel,0
1767.05,21,1,1,38.12,1049,No,No,Online,Other,1
1262.59,15,3,0,2.52,786,No,No,POS,Other,0
6743.46,17,6,1,15.83,2401,Yes,No,Online,Fuel,0
2927.44,4,3,1,102.64,81,No,No,POS,Restaurant,1
2482.76,11,6,0,14.69,2677,Yes,No,Online,Other,0
7160.44,12,2,1,12.01,2311,Yes,No,POS,Fuel,0
6923.94,4,3,1,17.53,1718,Yes,No,POS,Restaurant,0
2635.41,9,5,0,118.85,2959,No,No,Online,Grocery,0
4261.29,19,1,0,79.89,810,Yes,No,Online,Electronics,0
2233.84,22,0,0,24.33,2959,Yes,No,POS,Jewellery,0
3260.98,19,4,1,55.17,410,No,No,POS,Fuel,0
1466.83,22,5,0,24.04,2255,Yes,Yes,POS,Other,0
4692.25,23,7,0,27.24,609,No,No,POS,Jewellery,0
7343.45,4,3,0,35.12,2006,No,No,Online,Travel,0
6525.05,20,3,0,46.07,1059,Yes,Yes,Transfer,Restaurant,1
3624.35,14,2,0,17.44,1129,Yes,No,Online,Restaurant,0
44488.01,23,8,6,392.58,132,No,Yes,Transfer,Electronics,1
20018.94,3,9,5,466.36,142,No,Yes,Online,Electronics,1
3258.04,2,3,0,8.17,1690,No,No,Online,Electronics,0
1122.03,13,2,0,23.5,1447,Yes,Yes,POS,Grocery,0
953.97,18,1,0,21.88,816,Yes,No,POS,Other,0
8658.96,2,1,0,3.72,2184,Yes,No,POS,Electronics,0
6034.97,12,2,0,11.58,745,Yes,Yes,Online,Grocery,1
4938.92,15,4,0,24.09,1705,Yes,No,Transfer,Other,0
5582.59,11,9,0,0.34,1099,No,No,POS,Grocery,0
1299.1,19,0,0,50.52,2691,Yes,No,POS,Electronics,0
1719.0,3,1,0,10.46,925,Yes,No,POS,Electronics,0
4085.95,8,3,2,40.76,2071,Yes,No,POS,Restaurant,0
4308.66,22,4,0,15.22,551,Yes,Yes,POS,Grocery,0
1063.58,12,5,0,25.36,927,Yes,No,Online,Restaurant,0
3888.05,4,4,0,46.22,1560,Yes,No,Online,Restaurant,0
3301.19,2,5,1,15.33,2748,Yes,No,Online,Fuel,0
6390.02,14,5,0,72.98,1224,No,No,POS,Restaurant,0
4323.21,22,4,0,135.36,539,Yes,No,POS,Grocery,0
9292.95,1,4,0,11.01,2676,No,No,ATM,Other,0
2646.61,2,2,1,13.75,646,Yes,No,ATM,Other,1
66647.5,23,12,2,273.3,125,No,Yes,Online,Electronics,1
60991.45,23,16,2,130.12,125,No,Yes,Transfer,Electronics,1
4478.46,2,2,2,7.64,2454,No,No,Transfer,Electronics,1
3315.17,7,1,0,8.0,1109,Yes,No,Online,Restaurant,0
1772.3,15,4,0,6.93,2871,Yes,No,POS,Grocery,0
2669.85,19,1,0,5.73,2471,Yes,No,POS,Fuel,0
48318.71,23,16,3,350.19,108,No,Yes,Transfer,Electronics,1
1324.2,16,4,0,27.15,1317,No,No,POS,Restaurant,0
433.86,19,2,1,142.59,2494,No,No,POS,Grocery,0
2519.73,0,4,0,6.73,2620,Yes,Yes,Online,Grocery,0
5676.81,20,2,1,26.3,1201,No,No,ATM,Other,0
7747.53,4,1,0,35.86,1002,Yes,No,ATM,Other,0
6552.76,16,4,1,20.46,332,Yes,No,ATM,Travel,0
6800.88,18,4,0,29.19,1167,Yes,No,POS,Restaurant,0
1462.24,20,2,0,16.58,1438,Yes,No,Online,Grocery,0
4139.26,9,2,0,12.91,2290,No,Yes,ATM,Restaurant,0
4964.73,15,3,1,18.39,1670,Yes,No,ATM,Restaurant,0
78871.73,4,23,4,311.97,67,No,Yes,Transfer,Jewellery,1
3262.39,10,0,1,42.99,900,Yes,No,Online,Restaurant,0
69844.15,3,12,6,421.47,78,No,Yes,Online,Jewellery,1
6427.12,3,2,0,6.78,663,No,No,Online,Electronics,0
4845.31,3,1,1,4.44,424,Yes,No,POS,Fuel,0
44625.63,0,13,7,226.82,17,No,Yes,Online,Electronics,1
2432.29,12,1,1,39.81,705,Yes,No,ATM,Electronics,0
5267.55,10,2,0,36.48,162,Yes,No,POS,Restaurant,0
3761.52,5,3,0,33.21,1805,Yes,No,POS,Travel,0
20762.01,3,13,2,374.38,142,No,Yes,Transfer,Travel,1
2016.96,17,2,0,48.22,131,Yes,No,Online,Jewellery,0
5695.17,8,1,0,30.2,2072,Yes,No,POS,Grocery,0
2697.21,18,1,1,10.32,1993,Yes,No,Online,Travel,0
5712.35,10,4,0,51.5,2888,Yes,No,Online,Grocery,0
4157.68,9,3,0,9.02,2297,Yes,No,Online,Restaurant,1
54680.12,0,11,7,311.1,23,No,Yes,Online,Travel,1
2807.57,15,6,0,13.55,2244,No,No,Transfer,Restaurant,0
3325.43,6,3,0,19.78,1951,No,No,POS,Other,0
2524.21,21,1,1,35.97,1900,Yes,Yes,Online,Grocery,0
2764.45,9,3,0,27.03,1875,Yes,No,Online,Grocery,0
4758.65,19,3,0,23.52,1324,Yes,No,POS,Restaurant,0
785.96,11,2,0,11.08,293,Yes,No,POS,Grocery,0
5661.25,9,5,0,12.67,2946,Yes,No,POS,Electronics,0
5723.84,10,4,1,13.4,2927,Yes,No,POS,Jewellery,0
2870.33,10,3,0,55.13,280,Yes,No,Transfer,Grocery,0
3865.94,11,0,0,100.8,2349,Yes,No,ATM,Electronics,0
1621.69,21,2,0,11.24,2273,Yes,No,Transfer,Restaurant,0
4553.31,16,4,1,76.4,751,Yes,No,Transfer,Fuel,0
1792.51,0,3,0,9.79,1151,No,No,POS,Jewellery,0
182.45,1,5,1,33.21,2309,Yes,No,Online,Other,0
7558.22,0,3,0,9.35,2479,Yes,No,POS,Restaurant,0
73959.16,0,9,5,112.83,47,No,Yes,Online,Electronics,1
3274.28,4,1,0,48.24,1891,Yes,No,Online,Fuel,0
3968.35,9,9,0,56.77,1375,Yes,No,POS,Grocery,0
4751.57,19,3,0,16.55,425,Yes,No,Transfer,Restaurant,0
3484.34,3,1,0,11.55,491,No,No,ATM,Electronics,0
4211.89,3,5,1,55.04,2520,No,No,ATM,Jewellery,0
2820.74,1,5,0,22.57,62,Yes,Yes,POS,Fuel,0
929.15,6,3,0,22.81,238,Yes,Yes,POS,Grocery,0
57927.72,3,18,4,386.88,10,No,Yes,Transfer,Electronics,1
5194.02,15,4,1,21.15,2434,Yes,Yes,ATM,Grocery,0
1551.67,17,2,0,55.27,2116,No,No,Online,Travel,0
3996.62,4,7,1,14.85,1705,No,No,Online,Fuel,0
10469.81,12,2,0,14.54,1873,Yes,No,POS,Grocery,0
56398.1,23,16,5,213.57,27,No,Yes,Online,Travel,1
3352.73,1,1,0,20.93,485,Yes,No,POS,Travel,0
858.63,11,2,4,58.62,1788,Yes,Yes,Transfer,Restaurant,0
1400.78,16,5,0,11.66,1074,Yes,No,Online,Fuel,1
1808.49,5,3,0,13.72,1668,Yes,No,POS,Travel,0
5059.88,18,6,1,76.62,1931,No,No,POS,Travel,0
1641.28,23,1,1,13.44,956,No,No,Online,Grocery,0
598.82,1,1,0,25.35,2559,Yes,No,Online,Grocery,0
4489.81,3,3,2,87.51,2439,No,No,POS,Travel,1
1943.8,6,3,0,21.4,331,Yes,No,ATM,Travel,0
890.99,20,6,1,107.16,386,Yes,Yes,POS,Other,0
5474.86,3,0,0,11.0,635,Yes,No,POS,Travel,0
2586.49,11,2,1,103.09,427,Yes,No,ATM,Grocery,0
4775.43,12,4,0,20.65,1653,No,No,Transfer,Restaurant,0
862.03,3,2,1,2.08,733,Yes,No,POS,Grocery,0
386.59,1,2,0,3.25,1951,No,No,Online,Restaurant,0
3738.41,2,3,0,16.72,2598,Yes,No,POS,Restaurant,1
1358.19,1,1,1,30.5,426,No,No,POS,Grocery,0
3701.17,12,3,1,22.4,506,Yes,No,ATM,Fuel,0
3757.26,22,5,0,64.7,541,Yes,No,Transfer,Grocery,0
3429.7,8,3,0,36.12,2421,Yes,No,POS,Grocery,0
6765.91,6,3,0,19.64,2931,Yes,No,Online,Fuel,0
16171.96,5,4,0,28.41,2323,No,No,POS,Fuel,1
4436.27,23,2,1,17.66,2059,No,No,Online,Electronics,1
10463.31,23,1,0,37.47,1832,No,No,ATM,Other,0
2639.44,15,0,1,12.22,614,Yes,No,POS,Grocery,0
1143.71,11,2,1,37.96,1414,Yes,No,POS,Fuel,0
2049.18,3,1,0,21.72,2732,Yes,No,Transfer,Grocery,0
41873.03,23,12,5,192.65,78,No,Yes,Online,Jewellery,1
11022.59,0,2,0,63.39,95,Yes,No,POS,Other,0
3569.81,3,2,0,86.85,655,Yes,No,POS,Electronics,0
6929.93,16,1,0,29.43,1519,No,No,POS,Other,0
2476.68,4,2,0,18.69,2088,Yes,No,Online,Restaurant,0
2252.43,2,7,1,19.1,1304,Yes,No,POS,Fuel,0
828.52,14,3,0,18.94,1390,Yes,No,POS,Grocery,0
10800.04,0,3,1,0.65,2086,Yes,No,Online,Other,0
8439.49,6,5,0,41.0,828,Yes,No,POS,Restaurant,0
4025.34,15,2,0,33.18,2393,Yes,No,POS,Restaurant,0
2880.41,4,1,1,27.13,980,Yes,No,ATM,Electronics,0
3666.68,18,4,0,49.63,341,No,No,Transfer,Grocery,0
1102.61,2,6,1,8.84,427,No,No,Transfer,Fuel,0
4769.32,14,1,0,2.22,1095,No,No,Online,Electronics,0
7997.83,1,0,0,18.27,143,Yes,Yes,POS,Travel,0
52287.99,1,12,2,321.97,43,No,Yes,Online,Travel,1
65813.38,3,20,6,111.15,49,No,Yes,Transfer,Travel,1
6888.44,19,4,0,22.66,2825,Yes,No,Online,Restaurant,0
1109.35,6,2,0,89.44,2928,Yes,No,ATM,Other,0
418.12,5,1,1,68.46,2295,Yes,No,Transfer,Restaurant,0
7057.41,23,8,0,46.98,2831,No,No,Online,Other,1
2326.28,17,5,0,21.51,1848,Yes,No,Transfer,Grocery,0
6422.45,4,2,0,150.96,414,No,No,POS,Other,1
6051.54,0,7,0,9.64,1985,Yes,No,POS,Restaurant,0
5553.92,8,3,1,57.9,1658,Yes,No,Online,Travel,0
3634.97,15,2,0,61.06,2556,Yes,No,Transfer,Fuel,0
1223.41,8,2,0,17.17,1050,Yes,No,POS,Grocery,0
2763.08,19,7,1,70.93,2462,No,No,POS,Grocery,0
8344.86,12,4,0,8.86,1952,Yes,No,Transfer,Fuel,0
6531.3,23,4,0,36.33,2218,Yes,No,ATM,Electronics,0
19233.92,3,20,4,329.63,167,No,Yes,Transfer,Jewellery,1
2845.98,11,1,0,34.97,2897,No,No,ATM,Fuel,0
5228.83,20,3,0,5.74,1635,No,No,POS,Fuel,0
3823.09,10,2,1,54.68,1950,No,No,POS,Grocery,0
2983.72,0,5,0,68.52,1388,Yes,No,Online,Other,0
4939.19,7,4,0,31.03,416,Yes,Yes,POS,Grocery,0
4828.96,9,2,0,3.93,1688,Yes,No,Online,Electronics,0
2094.32,23,4,1,29.54,2076,Yes,No,POS,Fuel,0
4365.94,19,4,0,15.8,465,No,No,Online,Travel,0
4631.91,3,3,0,28.19,1114,Yes,No,Online,Grocery,1
3441.03,0,5,0,46.25,1859,Yes,No,ATM,Restaurant,0
1919.87,12,5,0,8.11,872,No,No,POS,Electronics,0
2699.07,12,3,1,78.93,896,No,Yes,Online,Fuel,0
1616.64,17,2,0,20.66,346,Yes,No,ATM,Fuel,0
4447.72,6,5,0,31.54,1529,Yes,Yes,Online,Other,0
867.14,19,6,0,17.46,370,No,No,POS,Fuel,0
8897.43,9,2,0,46.24,2608,Yes,No,Online,Electronics,0
7758.15,8,0,0,78.9,526,Yes,No,ATM,Restaurant,0
4707.28,10,1,1,12.94,290,Yes,Yes,POS,Other,0
6283.2,22,4,0,41.6,2779,Yes,No,ATM,Other,1
6010.91,9,2,0,14.76,1198,Yes,No,POS,Grocery,0
3864.49,13,3,1,45.39,599,Yes,No,Transfer,Travel,0
3045.25,21,3,0,27.62,1649,Yes,No,Online,Travel,1
2796.52,0,1,1,53.15,315,No,No,POS,Restaurant,0
9106.79,12,5,1,33.71,1243,Yes,No,Online,Electronics,0
1864.69,17,2,1,111.75,1979,Yes,No,Online,Electronics,1
1894.51,21,2,1,17.6,1444,No,No,Online,Fuel,0
6647.59,1,2,0,7.3,2778,No,No,POS,Restaurant,1
6243.68,17,4,0,16.3,2164,Yes,No,POS,Jewellery,0
2916.14,19,6,1,16.55,1949,Yes,No,POS,Other,0
5051.58,8,3,0,24.73,2013,Yes,No,POS,Travel,0
5502.2,17,1,0,19.36,2062,No,Yes,POS,Other,0
1170.93,11,7,0,31.56,1437,No,No,Online,Other,0
8080.29,15,2,0,4.3,325,Yes,No,Online,Grocery,0
5500.92,9,6,0,19.27,778,No,No,POS,Grocery,0
4766.71,4,5,1,19.08,945,Yes,No,Online,Other,0
5529.35,19,3,0,48.24,781,Yes,No,Online,Travel,0
4384.88,5,3,0,11.28,850,Yes,No,Online,Fuel,0
3300.52,4,4,0,10.73,2294,Yes,Yes,Online,Electronics,1
3888.64,21,4,0,27.13,2835,No,No,Online,Electronics,0
1077.27,22,6,1,50.53,1356,No,Yes,POS,Grocery,0
11418.55,14,3,0,0.52,1461,Yes,No,Online,Other,0
3260.62,13,2,0,46.53,994,Yes,No,POS,Fuel,0
59960.11,0,10,5,312.8,147,No,Yes,Online,Electronics,1
3934.93,14,6,1,25.0,2058,Yes,No,Online,Restaurant,0
2236.31,14,2,0,30.62,177,No,No,Online,Other,0
7931.94,12,1,0,58.09,1513,Yes,No,Online,Grocery,0
4636.99,15,3,0,16.43,1285,Yes,No,POS,Grocery,0
14024.36,13,2,0,6.59,1329,Yes,Yes,Online,Grocery,0
2192.05,21,4,0,41.4,1527,Yes,Yes,Online,Fuel,0
8145.58,16,1,0,38.73,424,No,No,POS,Fuel,0
8423.08,9,3,2,2.44,2401,No,No,POS,Restaurant,0
5807.85,15,4,0,81.35,2702,Yes,No,Transfer,Grocery,0
8467.96,5,1,1,36.78,334,Yes,No,ATM,Grocery,0
26422.7,0,22,2,270.29,68,No,Yes,Online,Electronics,1
1857.14,19,2,0,39.21,1688,Yes,No,POS,Grocery,0
2394.28,13,0,0,35.15,2513,Yes,No,ATM,Fuel,0
3747.28,1,6,0,18.59,559,Yes,No,Online,Electronics,1
6006.1,8,2,0,30.34,570,Yes,Yes,POS,Travel,1
1963.5,23,4,0,30.55,25,Yes,Yes,Online,Jewellery,1
2798.36,15,5,0,27.75,1517,Yes,No,POS,Electronics,0
2090.87,20,0,0,25.8,1247,No,No,Online,Travel,1
6718.27,13,2,0,35.47,2843,Yes,No,POS,Restaurant,0
11239.71,1,1,1,31.33,1676,Yes,No,POS,Restaurant,0
1608.34,4,1,0,16.53,2784,Yes,No,POS,Travel,0
5212.3,2,3,0,9.72,794,Yes,No,Transfer,Restaurant,0
7270.88,17,3,1,30.21,126,Yes,No,POS,Fuel,0
3106.67,18,2,0,46.26,2493,Yes,No,Online,Other,0
1130.39,10,4,1,29.27,30,Yes,No,POS,Jewellery,1
7884.52,17,5,0,16.26,2549,Yes,No,POS,Jewellery,0
1067.8,13,1,0,4.01,1538,Yes,No,POS,Restaurant,0
9392.15,17,6,2,83.22,1745,Yes,No,POS,Grocery,0
2056.09,16,5,0,37.51,643,No,No,Online,Grocery,0
929.05,10,1,0,35.4,813,Yes,Yes,Online,Travel,0
2533.11,15,5,0,18.72,638,No,No,POS,Travel,0
3538.63,7,2,0,4.22,2222,No,No,Transfer,Other,0
4081.64,17,2,2,15.28,1400,Yes,No,POS,Travel,0
5506.84,21,4,0,74.14,313,Yes,No,ATM,Fuel,0
4340.35,4,2,0,7.66,150,Yes,Yes,Online,Electronics,0
10664.81,16,4,2,3.19,2158,Yes,No,POS,Fuel,0
3420.6,2,3,1,82.42,2011,Yes,No,POS,Jewellery,0
4500.07,9,3,0,12.2,953,Yes,No,POS,Travel,0
4245.01,16,3,1,22.78,1059,Yes,No,Online,Grocery,0
827.92,6,4,1,35.83,2404,Yes,No,Online,Electronics,0
1365.11,5,1,0,101.42,228,Yes,Yes,POS,Jewellery,0
3757.97,9,3,0,72.89,2890,No,Yes,Transfer,Other,0
4878.87,2,4,1,25.22,2549,Yes,No,ATM,Electronics,0
545.98,15,2,0,16.18,407,Yes,No,POS,Restaurant,0
10975.35,3,4,0,8.79,1578,No,No,POS,Electronics,0
5147.22,7,3,0,37.95,1700,No,No,Transfer,Electronics,0
3609.77,7,2,0,29.41,2745,No,No,Transfer,Jewellery,1
4988.82,23,4,0,3.83,1795,No,No,POS,Other,0
2423.72,23,0,0,22.67,23,Yes,Yes,ATM,Fuel,0
4112.49,1,4,1,30.03,861,Yes,No,Transfer,Electronics,1
4574.75,3,4,2,40.6,1758,No,Yes,ATM,Grocery,1
7944.31,17,3,1,10.55,1129,Yes,Yes,Online,Travel,0
3203.84,7,3,0,30.75,1414,Yes,No,POS,Electronics,0
1094.4,15,7,0,8.51,2824,No,No,Online,Grocery,0
1817.97,22,5,0,35.9,2812,Yes,No,Online,Travel,0
3018.86,3,1,0,22.04,813,Yes,No,POS,Jewellery,0
1205.94,23,0,0,106.87,538,Yes,No,Online,Grocery,0
1659.81,1,4,2,12.6,2865,Yes,No,Online,Travel,0
1831.74,5,2,0,17.64,1641,Yes,No,Online,Restaurant,0
2870.86,12,1,2,4.14,1779,Yes,Yes,ATM,Travel,0
5102.24,21,3,0,26.16,525,Yes,No,Transfer,Restaurant,0
2771.1,13,4,1,19.73,1934,No,No,POS,Electronics,1
82624.31,1,12,7,115.56,114,No,Yes,Transfer,Electronics,1
3612.16,5,4,0,25.0,415,Yes,No,Online,Grocery,0
1706.7,18,3,0,108.25,1011,No,No,POS,Fuel,1
4627.31,13,4,1,38.55,1236,Yes,No,Online,Jewellery,0
4149.1,0,6,1,48.66,1356,No,No,Online,Fuel,1
5430.14,12,4,1,29.08,680,No,No,ATM,Travel,0
76509.55,1,15,6,299.83,110,No,Yes,Online,Jewellery,1
8105.43,0,1,1,28.2,670,Yes,No,ATM,Grocery,0
5217.46,5,2,0,28.62,819,Yes,No,POS,Grocery,0
4054.8,22,4,0,16.18,1659,No,No,POS,Restaurant,0
5446.78,16,0,1,47.74,371,No,No,Online,Grocery,0
2569.99,1,5,1,113.0,2533,Yes,No,Online,Grocery,0
2427.79,0,6,0,29.03,1344,No,No,POS,Electronics,0
8819.17,8,3,0,11.14,2893,Yes,No,POS,Other,0
2373.76,11,3,1,56.14,1111,Yes,No,POS,Electronics,0
1870.0,10,3,0,81.98,55,Yes,No,Transfer,Grocery,0
5215.59,16,5,0,17.06,1070,Yes,No,Transfer,Travel,0
2586.5,4,6,0,8.78,1879,Yes,No,POS,Electronics,0
6144.91,1,3,1,44.02,32,Yes,No,Online,Grocery,0
7725.47,16,3,0,29.79,1450,Yes,No,Online,Electronics,1
2083.4,21,2,0,41.03,2340,Yes,Yes,POS,Jewellery,1
5639.34,4,3,0,27.26,2674,No,No,Online,Other,0
2330.48,8,3,0,22.68,2222,No,No,Transfer,Restaurant,0
3066.29,15,1,1,11.91,749,Yes,No,POS,Restaurant,0
4484.04,3,2,0,37.06,2115,Yes,No,POS,Other,0
2431.86,20,1,1,7.44,2351,No,No,Transfer,Fuel,0
81705.87,3,11,6,430.58,143,No,Yes,Online,Travel,1
3252.56,12,3,0,45.29,1968,Yes,No,POS,Other,0
6235.71,8,3,0,35.96,1491,Yes,No,POS,Travel,0
6246.23,16,2,0,66.7,1236,No,No,Online,Grocery,0
2440.98,4,2,0,20.99,1994,Yes,No,Online,Other,0
4553.43,2,4,0,20.36,2918,Yes,No,POS,Fuel,1
6868.51,12,3,0,19.06,2866,No,No,Online,Fuel,0
1637.47,20,4,1,30.93,64,Yes,No,POS,Jewellery,0
3238.0,15,1,2,24.32,854,No,No,POS,Fuel,0
4419.49,18,1,0,18.49,2494,Yes,Yes,POS,Electronics,0
1580.25,10,0,0,19.89,2245,No,Yes,ATM,Grocery,0
2663.29,3,0,1,34.73,2205,No,Yes,POS,Grocery,0
67322.34,0,17,2,410.98,174,No,Yes,Online,Travel,1
2368.37,23,8,1,15.83,1291,No,No,Online,Fuel,0
33052.02,2,14,2,198.37,82,No,Yes,Transfer,Travel,1
5177.27,16,2,0,43.29,2485,Yes,No,Online,Restaurant,0
1425.4,7,2,0,11.18,289,Yes,No,POS,Grocery,0
3288.76,14,3,1,61.94,44,No,No,POS,Jewellery,0
1884.52,14,1,0,48.91,2293,Yes,No,Online,Other,0
4206.25,15,2,1,52.11,198,No,No,Transfer,Electronics,0
206.15,21,3,0,28.34,1238,Yes,No,POS,Other,0
3816.64,16,1,0,59.66,377,Yes,No,POS,Jewellery,0
4502.84,5,6,0,36.76,995,Yes,No,Online,Other,0
2714.63,5,2,0,34.51,565,No,Yes,ATM,Fuel,0
61892.22,23,22,5,277.38,65,No,Yes,Online,Jewellery,1
2471.71,20,2,0,39.79,50,No,No,Online,Grocery,0
3257.9,22,4,1,6.14,2617,No,No,POS,Other,0
8893.51,14,1,0,18.29,2118,Yes,No,POS,Fuel,0
6362.56,12,3,0,18.33,1962,Yes,No,POS,Grocery,0
3255.64,19,3,2,24.94,2334,Yes,No,POS,Electronics,0
2664.0,23,3,0,10.61,37,Yes,No,Online,Grocery,0
5979.06,0,3,0,15.14,1631,Yes,No,Online,Fuel,1
4022.49,7,5,0,8.08,711,Yes,No,Online,Electronics,0
1548.12,8,3,0,14.98,2584,No,No,Online,Grocery,0
2991.38,13,3,1,12.39,2087,Yes,No,POS,Grocery,0
8301.3,7,3,0,14.65,244,No,No,Online,Electronics,0
5041.83,7,1,0,49.67,2628,Yes,No,Online,Grocery,0
2685.65,0,2,0,25.54,1803,No,No,POS,Jewellery,1
1027.65,0,4,0,22.13,1618,Yes,Yes,Transfer,Grocery,1
4191.87,10,6,0,66.33,396,No,No,Online,Jewellery,1
80733.55,23,23,3,322.75,39,No,Yes,Transfer,Travel,1
3184.12,7,5,0,37.28,1137,Yes,No,Online,Electronics,0
6022.71,5,3,0,30.2,850,No,No,ATM,Electronics,0
5083.41,6,5,1,50.54,651,Yes,No,POS,Travel,0
1059.23,23,5,0,56.33,428,Yes,No,ATM,Electronics,0
3640.15,15,2,0,34.02,2502,No,No,Transfer,Electronics,0
1302.2,15,1,1,50.09,1318,No,No,POS,Fuel,0
2502.84,4,5,1,39.74,806,No,Yes,Online,Fuel,1
81559.66,3,8,3,358.35,112,No,Yes,Online,Travel,1
1258.65,4,3,2,20.57,1007,No,No,Online,Electronics,0
4544.49,23,2,0,14.31,1698,No,No,ATM,Electronics,0
4245.85,22,4,0,6.3,111,No,No,POS,Restaurant,0
3453.31,13,0,0,79.42,578,Yes,No,Online,Electronics,0
2343.01,20,1,0,50.46,1970,Yes,No,POS,Restaurant,0
1144.35,23,1,1,18.83,240,Yes,Yes,Online,Restaurant,0
26299.84,23,8,7,203.41,74,No,Yes,Online,Travel,1
4258.73,18,3,0,39.93,1013,Yes,No,Transfer,Electronics,0
4192.86,14,3,0,21.17,1724,No,No,POS,Fuel,0
8192.19,12,3,0,52.4,2410,Yes,Yes,POS,Grocery,0
7457.5,8,2,0,11.57,1459,No,No,Transfer,Restaurant,0
3549.97,15,6,1,18.21,825,Yes,No,Online,Restaurant,0
2492.02,6,1,0,23.01,2583,No,No,Online,Grocery,0
1922.38,4,3,1,44.11,2054,Yes,No,Online,Jewellery,0
994.79,6,2,0,15.4,2147,Yes,Yes,ATM,Restaurant,0
1424.16,0,4,1,40.31,786,Yes,No,ATM,Grocery,0
4263.0,22,5,1,6.72,266,Yes,No,POS,Electronics,0
5316.88,6,2,1,25.74,712,Yes,No,POS,Fuel,0
2873.19,19,2,0,72.19,2205,Yes,No,Online,Electronics,1
13731.19,10,3,0,93.91,641,Yes,No,Online,Grocery,0
1435.72,8,1,1,58.71,2346,Yes,No,POS,Grocery,0
62970.15,3,10,5,232.91,120,No,Yes,Transfer,Electronics,1
13582.05,19,1,1,23.76,924,Yes,No,POS,Other,0
1096.5,12,4,0,26.39,813,Yes,No,ATM,Grocery,0
2844.71,10,4,0,53.51,210,Yes,No,POS,Grocery,0
2049.32,15,5,1,29.65,1093,No,No,POS,Travel,0
4478.55,19,2,1,10.85,2811,No,No,POS,Jewellery,0
2690.98,15,3,0,59.37,1734,Yes,No,Online,Grocery,0
5327.87,11,2,0,85.95,2343,Yes,No,Transfer,Travel,0
6102.43,21,7,1,47.77,2497,Yes,No,POS,Electronics,0
986.12,21,3,1,14.79,2108,Yes,No,Online,Fuel,0
1873.38,23,5,0,100.04,2300,Yes,No,Online,Restaurant,0
5630.63,2,3,1,50.93,1303,Yes,No,Transfer,Other,0
6902.91,21,2,0,45.03,1317,Yes,No,POS,Fuel,0
3949.69,4,2,1,83.41,1265,Yes,No,ATM,Grocery,0
4702.63,14,4,1,51.94,914,Yes,No,ATM,Fuel,0
8524.2,15,8,0,24.53,144,Yes,No,ATM,Other,0
2715.74,4,7,1,76.27,1973,Yes,No,Online,Restaurant,0
3920.11,0,3,0,11.99,1949,No,No,POS,Restaurant,0
7462.79,22,6,2,14.19,1305,Yes,No,POS,Other,0
7762.07,21,1,1,17.36,1998,Yes,No,POS,Fuel,0
3275.46,4,4,1,30.41,2274,Yes,No,POS,Restaurant,0
1920.49,14,5,0,34.01,2723,Yes,No,Transfer,Other,0
21629.34,1,13,2,181.16,11,No,Yes,Online,Jewellery,1
3474.25,13,3,2,24.19,1032,Yes,No,POS,Electronics,0
1866.31,7,0,0,35.31,867,Yes,No,POS,Other,0
2088.46,18,1,0,12.01,1432,Yes,No,POS,Grocery,0
7768.97,13,1,0,42.23,1161,No,No,POS,Fuel,0
39432.43,4,17,7,342.26,49,No,Yes,Transfer,Electronics,1
2854.81,16,3,1,27.3,96,Yes,Yes,Transfer,Electronics,0
1509.3,11,4,0,17.25,811,No,No,POS,Restaurant,0
2107.71,0,3,1,97.25,1293,Yes,No,ATM,Electronics,1
844.96,14,3,0,21.73,299,No,No,POS,Travel,0
4020.58,18,3,2,30.52,1320,Yes,No,Online,Electronics,0
2019.82,11,2,0,22.65,475,Yes,No,POS,Grocery,0
4239.21,4,2,1,10.0,2750,Yes,No,POS,Grocery,1
5593.06,0,0,0,9.6,313,No,No,Online,Grocery,0
4281.22,7,4,0,7.95,1223,No,No,POS,Restaurant,0
2605.2,18,2,1,26.97,786,Yes,No,POS,Grocery,0
1792.19,7,4,0,21.01,1282,No,No,POS,Fuel,0
1334.55,22,1,1,4.84,2194,Yes,Yes,POS,Travel,0
7295.59,7,3,0,88.52,993,Yes,Yes,POS,Travel,0
4156.37,10,2,1,45.05,2184,Yes,No,POS,Travel,0
2714.52,18,3,0,31.01,319,Yes,Yes,POS,Electronics,0
81897.68,2,17,5,364.02,49,No,Yes,Online,Travel,1
78925.37,1,16,6,88.9,35,No,Yes,Transfer,Jewellery,1
2052.27,1,1,0,29.64,2745,Yes,No,POS,Fuel,0
4071.96,4,4,1,51.97,641,Yes,No,Online,Electronics,0
4127.99,20,8,0,14.46,2079,Yes,No,POS,Electronics,0
8295.43,0,2,0,18.21,1567,Yes,No,POS,Fuel,0
2687.0,1,4,0,33.32,852,Yes,Yes,POS,Other,0
1741.73,18,4,1,17.58,2308,No,No,POS,Other,0
4380.03,14,0,0,36.86,1497,Yes,No,POS,Jewellery,0
5398.36,23,1,0,9.72,2203,Yes,No,Online,Restaurant,0
3848.2,5,4,1,25.28,67,No,No,POS,Restaurant,0
8653.66,15,2,0,14.67,337,No,No,Online,Fuel,0
2680.83,3,3,0,50.1,2387,Yes,No,POS,Electronics,0
3913.76,14,3,1,103.62,1268,Yes,No,POS,Fuel,0
1056.15,2,0,0,86.49,597,Yes,No,POS,Other,0
1666.05,21,4,0,4.15,2401,Yes,No,POS,Travel,1
2062.35,9,7,0,39.33,468,No,No,Online,Travel,0
3011.44,6,0,0,14.46,30,Yes,No,Online,Electronics,1
1208.92,23,3,0,9.45,1663,No,No,POS,Travel,0
5071.03,1,0,0,38.51,451,No,No,POS,Fuel,0
1924.52,19,4,0,9.46,2124,No,No,POS,Electronics,0
12237.27,12,0,1,61.81,1258,Yes,No,POS,Grocery,1
1977.32,16,1,0,39.13,2730,Yes,Yes,Online,Fuel,0
3641.82,6,3,0,52.92,1523,Yes,Yes,ATM,Grocery,0
3333.48,21,2,2,33.38,605,Yes,No,Online,Grocery,0
1555.1,10,3,1,8.32,1571,No,No,POS,Electronics,0
3019.73,10,3,0,20.33,1949,No,No,POS,Grocery,0
2993.21,10,2,0,69.71,2674,Yes,No,POS,Fuel,0
6106.27,7,3,0,24.53,386,No,No,ATM,Electronics,0
4490.17,7,0,1,23.12,2249,No,No,POS,Grocery,0
5022.45,3,3,0,75.15,1807,Yes,Yes,POS,Fuel,0
6020.73,11,3,0,32.53,2853,Yes,No,Online,Travel,0
5075.78,11,5,1,64.53,1755,No,No,Online,Other,1
4049.09,9,4,1,24.86,2897,No,Yes,Transfer,Fuel,0
2047.97,23,3,2,11.66,1694,No,No,Online,Grocery,0
3876.23,2,1,0,24.4,161,Yes,Yes,POS,Jewellery,0
1763.48,21,2,0,29.7,360,Yes,No,Online,Other,0
3184.09,20,5,1,60.16,310,No,No,POS,Other,0
2898.38,0,2,0,0.12,1600,Yes,No,ATM,Electronics,1
3031.01,16,2,0,41.9,2419,No,No,POS,Grocery,0
1219.23,5,2,0,27.67,1705,Yes,No,ATM,Jewellery,0
210.3,0,2,1,23.68,2805,Yes,No,POS,Restaurant,0
2527.9,20,3,1,100.27,1509,Yes,No,Online,Travel,0
6936.56,2,5,0,39.36,2051,Yes,No,Online,Fuel,0
3605.13,7,4,0,77.24,609,Yes,No,POS,Fuel,0
39608.12,4,17,2,375.25,171,No,Yes,Transfer,Electronics,1
1772.66,3,1,0,19.48,2154,Yes,No,Online,Grocery,0
2437.35,1,4,0,60.56,295,Yes,No,Online,Electronics,0
12693.9,20,5,0,12.2,2875,Yes,Yes,POS,Restaurant,0
57285.64,1,14,5,434.53,11,No,Yes,Online,Travel,1
4958.4,18,0,0,10.69,655,Yes,No,POS,Fuel,0
4953.31,3,8,1,17.21,278,Yes,No,POS,Jewellery,0
4601.18,21,3,1,33.6,2668,Yes,No,Online,Fuel,0
4999.63,20,3,0,41.57,2703,No,No,POS,Grocery,0
1836.68,15,3,0,31.26,1621,Yes,No,POS,Grocery,0
2617.21,19,3,0,20.95,1128,Yes,No,POS,Restaurant,0
281.44,7,2,1,28.54,1360,Yes,Yes,ATM,Travel,0
8471.05,18,0,0,77.78,2792,No,Yes,POS,Grocery,1
4980.02,5,1,0,27.88,1659,Yes,Yes,Online,Electronics,0
2064.17,14,5,2,19.63,601,Yes,No,ATM,Fuel,0
1787.89,22,2,0,1.65,2060,Yes,Yes,Online,Fuel,0
7013.29,17,2,0,25.85,2917,No,No,POS,Other,0
1955.01,6,2,1,58.6,181,Yes,No,Online,Other,0
2059.25,17,0,0,4.68,1567,No,No,ATM,Restaurant,0
1501.96,21,3,0,8.02,1614,Yes,Yes,POS,Fuel,0
5601.69,21,3,0,17.73,2305,Yes,No,ATM,Grocery,0
6556.44,17,3,0,15.51,1677,No,No,Online,Grocery,0
2911.04,17,6,0,30.0,639,Yes,No,Online,Grocery,0
6583.65,18,2,2,93.19,1833,Yes,No,Online,Other,0
4345.67,17,4,1,10.08,407,No,No,POS,Grocery,0
1429.0,3,8,0,15.2,1597,Yes,Yes,POS,Restaurant,0
8087.29,19,1,0,24.09,707,Yes,No,Online,Fuel,0
1489.11,4,3,1,14.11,2995,Yes,No,ATM,Restaurant,0
3063.32,13,1,0,29.87,2244,No,No,POS,Restaurant,0
2917.1,8,2,0,40.53,2242,No,No,Online,Fuel,1
2558.18,5,3,1,15.59,11,Yes,No,Online,Fuel,0
611.56,6,4,1,52.3,1292,No,No,POS,Electronics,0
11088.59,2,2,1,20.07,2072,Yes,No,Online,Grocery,0
28559.54,1,10,4,332.3,101,No,Yes,Transfer,Travel,1
8406.58,10,1,1,6.12,316,Yes,No,POS,Restaurant,0
1740.43,9,4,0,43.72,1580,Yes,No,POS,Electronics,0
29119.78,2,10,2,481.24,28,No,Yes,Transfer,Travel,1
7892.38,14,1,0,9.51,2172,Yes,No,Online,Travel,0
4660.85,4,4,0,12.45,913,No,No,POS,Fuel,0
1088.04,20,1,0,32.12,1746,No,No,Online,Restaurant,0
1068.45,0,5,0,41.64,2703,Yes,No,ATM,Grocery,0
4214.86,1,1,0,35.29,2864,Yes,Yes,Online,Grocery,0
1468.1,7,1,0,43.55,949,No,No,Online,Other,0
62513.52,23,14,6,463.94,43,No,Yes,Online,Jewellery,1
5134.93,23,6,0,52.99,2732,Yes,No,ATM,Grocery,0
1888.72,12,3,0,44.58,238,Yes,No,Online,Travel,0
2303.71,9,4,1,16.97,1707,No,No,POS,Restaurant,0
4307.7,20,2,1,8.53,2269,Yes,No,POS,Fuel,0
1824.52,5,2,2,69.81,661,Yes,No,POS,Grocery,0
3608.6,21,6,1,17.75,895,Yes,No,Transfer,Jewellery,0
13171.51,9,1,1,37.94,2554,Yes,No,Online,Restaurant,0
4446.58,7,5,0,5.78,515,No,No,POS,Restaurant,0
2584.64,7,4,0,3.51,908,Yes,No,POS,Grocery,0
11794.7,0,1,0,52.63,2500,No,No,Transfer,Travel,0
5863.81,16,3,2,13.69,1836,Yes,No,Online,Fuel,0
1497.28,13,4,0,37.69,1936,Yes,No,POS,Travel,0
1733.79,15,3,2,13.84,1637,Yes,Yes,POS,Electronics,0
775.87,15,3,0,40.93,1148,Yes,No,POS,Travel,0
4255.12,0,1,0,25.33,2360,Yes,No,Transfer,Fuel,0
508.12,21,5,0,21.73,877,Yes,No,Online,Electronics,0
11785.67,12,2,1,34.99,774,No,No,POS,Electronics,0
2816.08,16,3,0,39.42,1371,No,No,POS,Grocery,0
6100.05,0,2,0,14.96,384,Yes,No,Online,Grocery,0
2633.99,18,3,0,37.93,1892,Yes,No,Online,Jewellery,0
30442.63,1,11,3,299.06,66,No,Yes,Online,Jewellery,1
3093.24,8,1,2,51.9,2153,No,No,Online,Travel,0
3537.04,22,1,0,64.62,943,No,No,POS,Grocery,0
7348.64,15,2,0,26.18,303,Yes,No,Transfer,Fuel,0
9658.86,21,2,2,13.95,1869,Yes,No,ATM,Grocery,0
34122.57,0,19,6,358.12,101,No,Yes,Transfer,Electronics,1
84534.85,23,14,7,342.81,89,No,Yes,Transfer,Jewellery,1
1983.85,23,1,0,17.2,1461,No,No,POS,Travel,0
4484.64,17,1,0,19.68,251,Yes,Yes,POS,Grocery,0
2019.75,4,4,0,25.55,2705,No,No,Online,Grocery,0
7156.25,19,2,0,30.54,883,Yes,No,ATM,Grocery,1
1557.46,10,3,0,32.0,2314,Yes,No,Online,Restaurant,0
7430.64,20,2,1,46.78,259,No,No,ATM,Fuel,0
3938.02,4,3,0,69.49,2893,Yes,No,Transfer,Other,0
3220.06,6,2,0,32.22,2765,Yes,No,Online,Travel,1
3487.15,8,4,0,17.23,215,Yes,No,POS,Other,0
1338.18,10,2,0,46.07,2822,Yes,No,ATM,Fuel,0
1434.7,15,5,0,43.95,2386,Yes,No,POS,Other,0
3986.42,5,2,1,15.7,2716,No,No,Transfer,Other,0
3967.9,16,0,0,44.5,702,Yes,Yes,POS,Grocery,0
2091.32,0,5,1,10.88,1100,Yes,No,POS,Other,0
30992.42,1,8,5,163.15,41,No,Yes,Online,Jewellery,1
4741.41,15,2,0,11.55,1443,Yes,No,POS,Grocery,0
19842.05,4,16,7,445.93,111,No,Yes,Online,Electronics,1
692.48,10,3,0,21.43,2742,Yes,No,POS,Grocery,1
8664.79,14,5,0,51.1,2618,Yes,No,Online,Travel,0
4179.95,5,6,0,73.92,2656,Yes,No,POS,Travel,0
2387.81,23,5,0,71.25,986,Yes,Yes,Online,Fuel,0
2014.98,20,7,1,15.27,44,Yes,No,Online,Fuel,0
45401.53,1,19,4,217.5,164,No,Yes,Online,Jewellery,1
7138.06,11,4,0,26.17,545,Yes,No,ATM,Jewellery,0
41972.61,4,10,4,313.6,52,No,Yes,Transfer,Travel,1
4476.85,23,5,0,14.99,1230,No,No,POS,Electronics,0
4474.27,17,1,0,57.31,1133,No,No,POS,Electronics,0
5668.42,19,1,0,37.71,2254,Yes,No,POS,Restaurant,0
2562.91,4,5,0,1.64,224,Yes,No,POS,Jewellery,0
8200.32,20,7,1,20.78,1155,Yes,No,Transfer,Other,0
5778.88,12,3,0,10.23,1208,Yes,No,Online,Jewellery,0
2498.52,18,4,0,20.16,626,No,No,ATM,Fuel,0
1941.98,19,8,0,1.79,978,No,Yes,POS,Restaurant,0
3099.42,2,4,0,85.17,2487,Yes,No,ATM,Electronics,0
2436.29,2,2,0,18.51,2063,No,No,Online,Grocery,0
1699.02,1,2,0,20.34,1029,Yes,No,POS,Travel,0
3597.27,15,2,2,79.38,2620,Yes,No,POS,Grocery,0
2807.23,21,1,1,7.14,349,Yes,Yes,Online,Fuel,0
9454.5,0,1,1,38.86,2643,Yes,No,POS,Grocery,0
2433.33,3,4,0,13.57,1904,Yes,No,POS,Grocery,0
1928.21,11,2,0,3.64,638,Yes,No,Transfer,Grocery,0
3435.26,9,6,1,42.68,2595,Yes,No,Online,Travel,0
4089.75,2,3,0,66.01,431,Yes,No,POS,Electronics,0
4306.62,14,3,0,24.89,1734,Yes,No,POS,Electronics,0
4278.03,21,2,0,47.71,1776,Yes,No,Online,Travel,0
18943.0,4,22,3,134.27,50,No,Yes,Transfer,Travel,1
3339.96,0,3,0,39.89,666,Yes,No,ATM,Jewellery,1
5154.38,5,6,0,26.91,2623,Yes,No,Online,Travel,0
1576.72,4,3,0,16.55,434,Yes,No,Transfer,Grocery,0
1939.09,11,3,0,9.76,741,Yes,No,Online,Travel,1
910.71,2,2,0,65.12,121,Yes,No,Online,Grocery,0
1597.84,8,6,0,27.75,994,Yes,No,Online,Jewellery,0
6691.08,2,4,0,19.11,2184,No,No,POS,Fuel,0
5010.69,16,3,1,21.33,595,No,Yes,Online,Grocery,1
44068.09,2,13,2,491.84,159,No,Yes,Online,Electronics,1
8745.31,1,4,0,46.56,1677,Yes,No,POS,Electronics,0
5039.19,1,3,0,27.05,26,No,No,POS,Restaurant,0
3796.76,11,0,0,38.24,1959,No,No,Online,Electronics,1
3481.92,14,4,1,20.11,2253,No,No,Transfer,Fuel,0
34185.63,23,9,5,286.45,179,No,Yes,Online,Jewellery,1
3214.46,7,2,0,43.19,284,Yes,Yes,POS,Restaurant,0
2211.8,14,3,1,19.49,1593,Yes,No,ATM,Restaurant,0
75504.32,0,8,7,396.61,71,No,Yes,Transfer,Travel,1
4513.99,2,1,1,41.48,376,No,No,POS,Restaurant,0
2942.58,9,2,0,36.02,493,No,No,POS,Electronics,0
3633.5,4,2,3,52.5,758,Yes,No,POS,Travel,1
1464.0,22,4,1,41.02,2263,Yes,No,POS,Travel,0
5942.14,19,3,1,35.25,1410,Yes,No,POS,Other,0
2424.54,7,2,0,7.67,273,No,No,POS,Restaurant,0
4353.47,5,3,0,26.44,815,Yes,No,POS,Travel,0
2580.35,3,3,1,17.31,541,Yes,No,POS,Jewellery,0
391.27,17,4,2,40.77,161,Yes,No,Online,Other,0
4637.5,22,1,0,85.02,2628,No,Yes,POS,Grocery,0
3083.7,6,6,1,45.88,2669,No,No,Online,Other,0
853.46,15,4,0,7.11,182,Yes,No,Online,Fuel,0
1318.65,5,3,0,33.7,1568,No,No,Online,Fuel,0
6056.3,22,2,1,17.41,2582,Yes,No,Online,Fuel,0
892.88,7,1,0,44.04,1789,Yes,No,POS,Fuel,0
2376.92,2,2,0,49.54,1030,Yes,No,Online,Electronics,0
10820.85,21,2,0,25.8,316,Yes,Yes,POS,Grocery,0
4718.19,22,3,0,19.67,288,No,No,POS,Grocery,0
5517.66,9,4,0,35.18,2732,No,Yes,Online,Fuel,0
19455.15,4,21,7,269.36,172,No,Yes,Online,Travel,1
785.11,5,2,1,50.61,2588,Yes,No,Online,Jewellery,0
3878.8,6,1,0,41.25,2926,No,No,POS,Grocery,0
1398.48,12,2,0,18.98,1177,No,No,POS,Restaurant,0
1286.04,14,6,0,10.34,2112,No,No,POS,Electronics,0
3574.9,9,3,0,32.41,602,Yes,No,Transfer,Electronics,0
1482.25,19,3,2,57.53,2026,No,No,POS,Other,0
3292.17,18,3,0,48.07,2385,Yes,No,ATM,Grocery,0
1990.22,2,4,1,8.83,1610,Yes,No,Transfer,Restaurant,0
3211.58,23,1,2,38.15,1726,No,Yes,POS,Electronics,0
2261.81,3,2,1,41.25,1363,Yes,No,POS,Jewellery,0
3275.41,12,4,0,22.63,2496,Yes,Yes,POS,Other,0
8288.95,10,2,0,27.84,1526,Yes,No,Online,Grocery,1
5600.22,10,1,0,46.24,1450,Yes,Yes,POS,Jewellery,0
3020.69,3,5,0,30.26,1146,Yes,No,POS,Restaurant,0
7458.4,8,2,0,2.84,2674,Yes,No,POS,Electronics,0
4395.93,0,4,0,13.09,277,No,No,POS,Grocery,1
7131.47,23,4,0,18.69,2151,No,No,POS,Grocery,0
986.15,3,3,0,13.44,1281,No,No,Online,Electronics,1
1496.48,11,3,0,50.35,1063,Yes,No,POS,Jewellery,0
3847.39,5,1,0,37.06,1318,Yes,No,Online,Travel,0
2966.87,4,4,0,7.62,2267,Yes,No,POS,Grocery,0
3280.96,9,3,0,36.46,1063,Yes,No,Online,Grocery,0
23092.65,0,8,4,91.68,68,No,Yes,Transfer,Travel,1
3874.16,11,2,3,22.76,2977,Yes,No,Online,Grocery,0
5956.22,23,1,1,34.66,1294,Yes,No,POS,Grocery,0
5850.11,19,6,1,29.24,2409,Yes,No,Online,Jewellery,0
1555.33,10,2,0,9.74,1204,Yes,No,POS,Electronics,1
406.56,21,3,0,36.56,2930,Yes,No,Online,Jewellery,0
1473.64,8,4,1,17.04,1260,No,No,POS,Fuel,0
75409.39,4,21,3,400.26,138,No,Yes,Online,Jewellery,1
3457.76,16,1,0,9.12,2179,Yes,No,Online,Grocery,0
3426.59,14,5,2,26.74,2449,Yes,No,Online,Grocery,0
2838.68,19,4,1,55.38,744,Yes,Yes,POS,Restaurant,0
4511.04,3,3,0,18.96,2815,Yes,No,Online,Other,0
13875.16,11,0,0,36.04,976,No,No,Transfer,Grocery,0
2793.51,15,6,1,179.09,2687,No,No,Transfer,Other,0
3959.11,7,4,1,52.54,1541,No,No,Online,Fuel,0
3280.44,20,2,0,37.48,1721,Yes,No,POS,Jewellery,0
2109.62,7,5,0,47.81,837,Yes,No,POS,Electronics,0
4915.92,7,2,0,38.97,497,No,No,POS,Travel,0
2693.47,7,2,0,12.56,407,Yes,No,Online,Restaurant,0
1774.65,16,3,0,35.2,348,Yes,No,POS,Restaurant,0
1882.1,2,1,0,109.01,2112,Yes,No,POS,Restaurant,0
6096.85,3,5,0,63.96,1844,No,Yes,POS,Fuel,0
4834.83,18,2,0,21.39,1796,Yes,No,POS,Restaurant,0
2292.89,4,1,0,23.57,2778,Yes,No,Online,Fuel,0
4461.22,2,1,0,114.13,2839,Yes,No,Online,Grocery,0
64576.06,23,21,2,228.38,31,No,Yes,Online,Jewellery,1
4006.29,9,4,0,19.27,2230,Yes,No,POS,Fuel,0
2067.26,0,2,0,12.93,247,Yes,No,ATM,Travel,0
1432.21,20,3,0,31.05,1720,Yes,No,POS,Travel,1
2682.37,2,3,0,18.24,1301,Yes,No,Online,Electronics,0
1641.88,9,1,0,30.05,807,Yes,Yes,Online,Restaurant,0
1544.78,4,5,0,36.7,1143,Yes,No,POS,Grocery,0
70738.7,2,19,6,100.12,77,No,Yes,Transfer,Travel,1
409.82,1,4,0,23.19,1541,Yes,No,POS,Restaurant,0
2323.86,22,2,0,2.7,1574,Yes,No,ATM,Fuel,0
6849.36,22,5,0,22.21,366,Yes,No,POS,Travel,0
5775.67,3,4,0,22.47,1387,Yes,No,ATM,Electronics,0
9088.17,4,2,0,20.96,958,No,No,POS,Grocery,0
1490.65,21,2,1,25.79,1220,Yes,No,POS,Other,0
5129.98,9,3,1,4.2,2688,Yes,No,Online,Fuel,0
3010.51,1,2,0,9.52,1330,Yes,No,Transfer,Restaurant,0
1884.62,3,2,0,20.17,1966,Yes,No,POS,Restaurant,0
6346.92,9,2,0,52.48,644,No,No,ATM,Restaurant,0
3032.56,13,1,0,27.21,2885,Yes,No,Online,Grocery,0
63999.8,23,16,7,413.01,11,No,Yes,Transfer,Jewellery,1
5735.06,3,2,2,8.23,948,No,No,ATM,Electronics,1
4255.32,8,1,1,14.43,127,Yes,No,POS,Restaurant,0
3597.65,6,1,1,0.42,2545,Yes,No,POS,Electronics,0
1254.22,12,4,0,3.49,1685,No,No,Online,Jewellery,1
3895.79,7,3,0,7.68,440,Yes,No,ATM,Fuel,0
8302.99,4,2,2,11.37,1675,Yes,No,POS,Restaurant,0
4175.21,19,1,0,13.94,809,Yes,No,Transfer,Other,0
907.51,13,3,0,81.57,2003,Yes,No,POS,Fuel,0
4393.84,11,6,1,7.99,541,Yes,No,Online,Fuel,0
4205.12,3,6,0,24.29,2144,Yes,No,Online,Restaurant,1
5410.46,1,3,0,14.98,543,No,No,Online,Electronics,0
4125.23,19,3,2,18.11,2025,Yes,No,POS,Fuel,0
1549.12,23,1,0,6.12,879,Yes,No,POS,Other,0
3462.4,14,2,1,15.41,2413,Yes,No,POS,Grocery,0
2716.87,0,2,0,43.55,1599,No,No,Online,Restaurant,0
3757.4,11,1,1,24.08,407,Yes,No,POS,Grocery,0
75961.0,1,12,5,108.69,95,No,Yes,Online,Electronics,1
1985.37,1,5,0,8.98,2659,No,No,POS,Fuel,0
47727.1,23,23,5,449.74,149,No,Yes,Transfer,Travel,1
4374.53,11,1,2,25.47,1171,No,No,ATM,Jewellery,1
5756.59,10,2,0,18.47,40,Yes,No,Online,Fuel,0
5256.13,13,3,1,20.83,2003,No,No,POS,Fuel,0
4255.66,16,5,1,28.27,1358,Yes,No,ATM,Restaurant,0
4799.48,6,5,0,27.36,370,Yes,No,POS,Grocery,0
102.66,6,2,0,69.64,1956,No,No,Online,Electronics,0
5249.56,16,3,0,29.18,680,Yes,Yes,Online,Grocery,1
1649.65,4,2,0,28.3,710,Yes,No,POS,Electronics,0
3163.98,1,3,1,23.2,2793,No,No,Online,Grocery,0
4235.4,20,2,0,33.12,2245,No,No,Online,Jewellery,1
6688.87,5,7,0,51.1,421,No,No,Online,Restaurant,0
1650.06,2,7,0,3.42,1716,Yes,No,Online,Fuel,0
2367.92,17,5,0,2.9,1401,Yes,No,POS,Travel,0
2614.3,12,5,1,22.44,441,No,No,POS,Electronics,0
3789.2,3,4,1,13.1,292,No,No,POS,Fuel,0
2735.02,20,4,0,27.07,2605,No,No,POS,Restaurant,0
4813.98,5,3,0,27.6,288,Yes,No,POS,Fuel,0
717.94,16,4,0,22.16,1803,Yes,No,POS,Travel,0
2986.67,15,3,0,61.43,2981,Yes,Yes,Transfer,Restaurant,0
8825.92,19,2,0,11.88,1165,Yes,No,POS,Jewellery,0
2740.34,17,3,0,14.38,1919,Yes,No,ATM,Electronics,0
4385.74,16,3,0,74.46,1337,Yes,No,POS,Travel,0
6031.15,1,3,0,7.63,1911,Yes,No,Online,Other,0
4289.53,22,4,0,20.93,839,Yes,No,POS,Jewellery,0
10533.12,3,0,1,19.08,819,Yes,No,ATM,Travel,0
3519.72,6,3,1,37.68,1695,No,No,POS,Electronics,0
29480.07,23,13,4,315.21,19,No,Yes,Online,Electronics,1
3898.29,6,3,0,6.49,1694,Yes,No,Transfer,Grocery,0
7715.7,14,4,0,16.59,1845,Yes,No,POS,Restaurant,0
2455.42,1,0,0,14.85,2943,Yes,No,POS,Travel,0
11069.89,10,2,0,43.25,755,No,No,POS,Grocery,0
2023.82,8,7,0,74.21,330,No,No,POS,Restaurant,0
9363.6,15,1,0,61.49,820,Yes,No,POS,Travel,0
1498.09,12,2,0,23.81,2406,Yes,No,POS,Travel,0
5082.69,18,3,0,53.31,1266,Yes,No,POS,Travel,0
3307.96,3,1,1,54.01,505,Yes,No,POS,Other,0
5949.96,22,2,0,85.67,682,Yes,Yes,Online,Travel,0
4459.0,9,4,1,18.23,2405,Yes,No,Online,Restaurant,0
5741.15,8,2,0,41.65,2819,No,No,Online,Travel,0
1455.58,13,2,0,13.66,460,No,Yes,POS,Restaurant,0
843.63,3,2,2,6.77,1738,No,No,Online,Restaurant,1
1266.09,19,1,0,8.67,2947,Yes,Yes,ATM,Other,0
1239.3,6,5,0,34.2,215,Yes,No,Transfer,Travel,0
1441.08,22,3,0,14.83,489,Yes,No,ATM,Fuel,0
2130.15,3,3,1,8.86,1452,No,No,POS,Other,0
2115.73,20,3,0,75.61,216,Yes,No,Transfer,Jewellery,0
50026.37,0,21,5,273.84,18,No,Yes,Online,Travel,1
1745.85,14,6,1,67.2,2068,Yes,No,POS,Restaurant,0
1857.79,20,3,0,18.65,1082,Yes,No,POS,Electronics,0
2861.84,3,1,0,48.56,2752,Yes,No,POS,Restaurant,0
6487.26,8,3,0,10.62,2623,No,No,Online,Other,0
2424.16,22,5,0,14.81,2168,No,No,Transfer,Restaurant,0
3208.04,3,1,1,18.03,1567,Yes,Yes,Online,Restaurant,1
3586.37,2,4,0,15.06,319,Yes,No,Online,Restaurant,0
1580.72,12,4,0,8.25,724,Yes,No,POS,Jewellery,0
2603.0,0,4,0,16.04,2909,Yes,No,Online,Jewellery,0
1974.82,23,1,1,5.25,1628,No,No,POS,Other,0
6092.7,21,3,0,26.95,1304,Yes,No,POS,Jewellery,1
5769.7,4,3,0,57.76,2171,Yes,No,POS,Grocery,0
59054.46,0,23,2,346.7,121,No,Yes,Transfer,Electronics,1
3164.57,18,3,0,22.06,933,Yes,No,POS,Fuel,0
4978.26,12,7,2,53.97,1164,Yes,No,ATM,Jewellery,0
41030.43,23,14,2,313.09,76,No,Yes,Transfer,Travel,1
4439.88,23,2,0,50.91,1406,No,No,POS,Other,0
1588.56,9,1,1,27.56,180,No,No,Online,Grocery,1
9147.96,6,5,2,38.54,1414,No,No,Online,Restaurant,0
2098.55,14,4,0,41.29,900,Yes,Yes,Transfer,Other,1
2053.1,15,3,0,39.02,1423,Yes,No,POS,Other,0
1139.19,10,4,1,14.72,2783,No,No,POS,Grocery,0
2952.89,7,2,1,46.53,973,Yes,No,POS,Electronics,0
6934.51,6,1,1,57.05,809,Yes,No,POS,Restaurant,0
4105.63,12,2,0,1.58,1430,Yes,Yes,Online,Other,0
3121.06,10,2,1,18.18,236,Yes,Yes,Online,Electronics,0
5497.0,10,2,1,36.03,632,Yes,No,POS,Fuel,0
6823.88,2,1,0,30.34,144,Yes,No,Transfer,Fuel,0
5761.31,21,2,0,36.61,2714,Yes,No,POS,Electronics,0
633.06,16,3,0,9.51,2263,No,No,POS,Restaurant,0
5528.04,22,2,0,1.45,491,Yes,No,POS,Other,0
81201.01,23,23,4,272.16,63,No,Yes,Online,Electronics,1
1790.88,14,2,0,23.71,341,Yes,No,Online,Other,0
4571.65,7,4,0,56.2,2296,No,No,Online,Jewellery,1
6943.49,15,4,1,36.37,402,Yes,No,POS,Electronics,0
2169.56,13,2,0,1.63,1957,Yes,No,Transfer,Grocery,0
6030.71,22,7,0,37.08,1726,Yes,No,POS,Electronics,0
4167.46,5,1,0,68.49,2254,Yes,No,Online,Electronics,0
25893.62,4,18,2,187.85,116,No,Yes,Online,Jewellery,1
3286.5,3,0,0,36.46,2752,Yes,Yes,POS,Other,0
4055.06,4,3,1,16.34,999,No,No,POS,Grocery,0
75260.29,1,22,3,224.19,28,No,Yes,Transfer,Travel,1
68930.92,1,17,7,313.5,46,No,Yes,Online,Jewellery,1
3040.63,3,4,0,41.49,462,No,No,POS,Grocery,0
12488.56,9,2,0,39.52,2652,No,No,POS,Restaurant,0
20169.69,2,9,2,420.03,132,No,Yes,Online,Jewellery,1
1831.81,10,2,1,51.74,2024,Yes,No,Online,Grocery,1
5833.1,6,2,0,13.09,1013,No,No,Transfer,Fuel,0
83060.52,2,21,6,481.95,175,No,Yes,Online,Electronics,1
3158.83,19,4,1,77.96,2415,Yes,Yes,Online,Other,0
74723.03,1,21,3,359.39,64,No,Yes,Transfer,Electronics,1
67891.18,2,15,4,175.21,98,No,Yes,Online,Jewellery,1
1431.88,18,5,0,15.94,1184,No,No,POS,Fuel,0
6022.82,8,2,0,32.72,534,No,No,POS,Grocery,0
38027.73,1,9,2,392.16,101,No,Yes,Transfer,Travel,1
9988.78,18,1,0,31.41,2072,No,No,Online,Jewellery,0
57472.33,0,21,5,169.51,163,No,Yes,Online,Electronics,1
1520.32,12,4,1,93.97,2010,Yes,Yes,POS,Grocery,0
3870.17,15,3,0,61.81,2752,Yes,No,POS,Travel,0
4206.28,4,7,0,83.36,2724,No,No,POS,Restaurant,0
7332.78,3,0,1,59.56,2738,No,No,POS,Fuel,0
29761.2,0,20,6,103.25,52,No,Yes,Online,Jewellery,1
908.28,7,1,0,10.37,2054,No,No,Online,Other,0
3926.26,8,4,1,21.35,2205,Yes,No,Online,Fuel,0
10263.22,14,2,1,30.28,2920,No,No,POS,Fuel,0
5288.47,2,3,0,56.95,1558,Yes,No,Online,Grocery,0
5492.97,1,1,1,50.01,2533,No,No,POS,Travel,0
1112.9,9,3,0,13.0,1655,Yes,No,POS,Electronics,0
3488.23,23,2,0,32.06,2466,Yes,No,Online,Other,0
7422.19,13,1,0,68.71,1035,Yes,No,Online,Travel,0
4240.5,13,0,0,13.46,230,Yes,No,Online,Fuel,0
851.56,14,1,0,24.59,1090,Yes,No,POS,Grocery,0
3439.38,20,3,1,20.67,1012,Yes,No,POS,Other,0
5045.4,20,1,0,52.99,2409,No,Yes,Online,Restaurant,0
3178.9,0,2,0,85.73,2078,Yes,Yes,POS,Travel,0
1676.14,12,0,1,19.5,1907,Yes,No,Transfer,Electronics,0
5950.14,13,8,0,15.86,576,No,No,POS,Grocery,0
2467.3,5,1,0,7.99,2062,Yes,No,POS,Travel,0
4518.63,23,1,0,28.99,2050,Yes,No,Online,Grocery,0
3374.87,6,1,0,55.32,2793,No,No,POS,Restaurant,0
2397.2,20,2,0,4.9,806,Yes,No,Online,Other,0
10994.0,2,5,0,25.9,2072,Yes,No,POS,Other,1
2196.96,14,2,1,36.46,238,Yes,No,ATM,Grocery,0
3577.94,17,2,0,49.95,2205,No,No,Transfer,Electronics,0
3367.31,12,3,0,34.97,2441,No,No,Online,Travel,0
3858.53,2,4,1,9.73,2320,Yes,Yes,Online,Electronics,0
10482.88,2,5,0,16.53,1361,Yes,No,POS,Jewellery,0
5049.73,14,5,1,73.84,1292,Yes,No,Online,Electronics,0
2379.69,20,4,1,44.79,113,Yes,No,Online,Grocery,0
8475.41,14,0,0,19.22,1385,No,Yes,Online,Grocery,0
5640.39,2,3,0,25.55,2161,No,No,POS,Jewellery,0
2415.28,18,1,0,11.6,2936,No,No,Online,Restaurant,0
7659.53,11,2,0,4.16,330,No,No,POS,Grocery,0
1101.89,1,7,0,27.23,1683,Yes,No,Online,Fuel,0
1382.38,8,4,0,15.33,748,Yes,No,Online,Fuel,0
798.15,4,2,2,37.44,1133,Yes,No,Transfer,Other,1
491.68,23,3,0,99.52,2354,Yes,No,POS,Fuel,0
7311.17,21,6,1,35.66,184,No,No,POS,Electronics,0
3892.44,2,3,0,35.65,175,Yes,No,POS,Restaurant,0
871.23,13,1,1,54.73,653,Yes,Yes,Online,Grocery,0
3304.85,0,2,0,7.86,767,Yes,No,POS,Fuel,0
6153.58,10,4,1,40.98,2336,No,Yes,POS,Other,0
1902.97,3,1,1,11.32,824,Yes,No,POS,Jewellery,0
2680.07,17,2,0,53.88,2780,Yes,No,Online,Electronics,0
11322.28,1,2,1,35.55,2928,Yes,No,POS,Jewellery,0
2865.28,21,5,1,8.77,2355,Yes,No,POS,Jewellery,0
77311.09,1,12,3,190.4,60,No,Yes,Transfer,Jewellery,1
2269.66,6,3,1,6.67,2389,Yes,No,Online,Other,0
815.01,21,3,1,8.47,496,No,No,POS,Fuel,0
5329.38,21,3,1,5.99,2629,No,No,POS,Electronics,0
1691.87,2,2,1,56.5,1010,Yes,No,ATM,Grocery,0
1647.93,2,2,0,38.48,1340,Yes,No,POS,Electronics,0
11975.7,20,3,0,30.45,2695,Yes,No,POS,Travel,0
1253.97,23,3,1,12.69,426,Yes,No,Online,Electronics,0
1061.45,11,0,0,41.39,310,Yes,No,POS,Restaurant,0
1444.9,3,4,0,31.13,1862,Yes,No,POS,Fuel,0
6281.14,3,3,0,17.53,2948,Yes,No,POS,Travel,0
4867.28,6,0,0,33.44,2728,Yes,No,Online,Grocery,0
2246.84,16,3,0,38.73,2963,Yes,No,POS,Other,0
2089.56,2,4,2,9.48,1341,Yes,No,ATM,Restaurant,0
4616.49,15,2,0,67.48,1850,No,No,POS,Fuel,0
3997.17,19,5,1,24.27,2452,No,Yes,Transfer,Grocery,1
3004.83,3,4,0,40.09,558,Yes,Yes,POS,Grocery,0
73976.06,0,9,6,160.61,52,No,Yes,Transfer,Electronics,1
1363.05,23,1,0,35.94,2529,No,No,POS,Restaurant,0
1715.7,7,5,0,19.87,249,Yes,No,Online,Grocery,0
5159.58,2,3,0,21.35,1446,Yes,No,POS,Fuel,0
4226.3,7,6,1,19.53,1287,Yes,No,POS,Electronics,0
3473.78,6,5,0,30.15,2400,Yes,Yes,Online,Grocery,0
11707.49,6,3,0,46.19,1366,Yes,No,POS,Fuel,0
5734.08,22,3,1,46.91,2794,Yes,No,Online,Restaurant,0
2299.72,3,3,0,44.96,1304,Yes,No,POS,Restaurant,0
1841.07,7,1,1,32.6,1453,Yes,No,POS,Electronics,0
4366.38,18,0,0,17.78,798,Yes,No,ATM,Restaurant,0
80070.4,23,14,4,368.42,21,No,Yes,Online,Jewellery,1
699.32,1,5,0,29.9,1472,Yes,No,POS,Grocery,0
4150.09,7,1,0,15.74,1481,No,No,Online,Restaurant,0
2646.51,23,2,1,23.99,2172,Yes,Yes,ATM,Restaurant,0
3891.57,20,2,0,49.48,2299,Yes,No,Online,Restaurant,0
993.05,22,3,1,10.08,2042,Yes,No,ATM,Electronics,0
44970.57,0,18,7,214.01,157,No,Yes,Transfer,Jewellery,1
8593.9,2,3,0,107.12,2790,Yes,No,POS,Grocery,0
5387.22,9,3,0,17.86,2479,Yes,Yes,Online,Restaurant,0
9720.03,12,0,2,19.95,2208,Yes,No,Online,Restaurant,0
2547.64,3,4,1,22.89,1664,Yes,Yes,POS,Travel,0
4081.89,23,2,1,17.22,2266,Yes,No,Online,Restaurant,0
5441.12,14,3,0,86.91,2124,Yes,No,Online,Grocery,0
4406.32,20,2,0,22.87,875,Yes,No,POS,Electronics,0
2800.77,6,3,0,9.08,1413,No,No,POS,Fuel,0
3028.89,17,3,0,31.42,103,No,No,Online,Travel,0
62538.58,0,12,7,293.91,123,No,Yes,Transfer,Electronics,1
3348.18,0,3,0,6.89,1544,Yes,No,POS,Fuel,0
36548.21,0,13,7,147.63,53,No,Yes,Transfer,Jewellery,1
3223.13,1,5,0,15.96,2338,Yes,Yes,POS,Electronics,0
6997.95,6,4,0,22.99,2470,Yes,No,Online,Other,0
3610.82,19,3,0,4.67,1201,No,No,ATM,Grocery,0
51814.34,4,19,6,382.03,110,No,Yes,Online,Jewellery,1
2028.42,9,4,0,34.59,2444,Yes,No,Online,Jewellery,1
4075.7,6,6,1,42.74,109,Yes,No,Online,Other,0
2052.26,16,0,0,29.07,1864,Yes,No,POS,Restaurant,0
2500.26,22,0,0,60.76,1179,Yes,No,Online,Electronics,0
2656.7,17,2,0,19.65,1002,Yes,No,POS,Electronics,1
2990.75,8,3,0,28.92,1717,No,No,ATM,Grocery,0
6476.54,10,8,0,11.89,1033,Yes,No,POS,Electronics,0
2427.47,2,6,0,24.41,1777,Yes,No,POS,Electronics,0
3787.74,3,2,2,26.98,2051,Yes,No,POS,Restaurant,0
7012.58,6,4,1,12.98,1536,Yes,No,Online,Travel,0
5068.86,9,6,0,34.23,1732,No,No,Online,Fuel,0
713.84,23,1,1,36.51,1192,Yes,No,Online,Fuel,0
968.38,20,2,1,43.35,210,No,No,ATM,Restaurant,0
4463.15,2,2,0,35.96,1022,No,Yes,POS,Electronics,0
2334.56,7,4,0,25.19,1661,Yes,No,Online,Grocery,0
848.11,1,4,0,49.34,1092,Yes,No,POS,Restaurant,0
2205.31,1,2,0,28.74,140,Yes,No,ATM,Electronics,1
4578.55,8,2,1,3.29,1535,Yes,Yes,POS,Fuel,0
2634.56,23,3,0,7.3,1645,Yes,No,Online,Grocery,0
3533.82,4,4,0,11.66,2630,Yes,No,Transfer,Grocery,0
2814.71,16,7,0,14.54,2783,No,No,Online,Grocery,0
1971.43,9,5,0,34.34,1744,No,No,POS,Restaurant,0
4020.72,12,2,0,62.52,284,Yes,No,POS,Travel,0
765.18,20,4,0,39.08,2370,Yes,No,POS,Other,0
1777.36,19,2,0,32.99,1456,Yes,No,Online,Grocery,0
5719.67,19,4,0,4.46,1794,No,No,Online,Fuel,0
996.88,9,2,0,1.93,2326,Yes,No,Online,Jewellery,0
3408.46,1,2,2,68.81,1912,Yes,No,POS,Travel,0
2480.84,23,6,0,18.77,1292,No,No,Online,Travel,0
2304.53,23,1,0,34.87,2538,No,No,POS,Grocery,0
6084.44,20,1,0,38.0,1085,Yes,No,POS,Grocery,0
6880.59,11,3,1,103.78,1949,No,No,POS,Restaurant,0
1441.85,6,2,1,83.21,1736,Yes,No,Online,Restaurant,0
3008.76,4,2,2,116.52,2458,No,Yes,POS,Grocery,1
578.46,8,6,0,43.03,2564,Yes,No,Online,Restaurant,0
5859.07,8,3,0,74.01,708,Yes,No,ATM,Restaurant,0
3282.0,6,4,0,9.57,2601,No,No,Online,Grocery,0
935.16,22,5,0,105.17,1769,Yes,No,Online,Travel,0
1847.94,15,9,0,48.41,819,No,No,ATM,Fuel,0
1334.34,5,4,0,21.39,1848,Yes,No,Transfer,Restaurant,0
1763.18,15,2,1,52.17,2901,Yes,No,POS,Grocery,0
636.4,16,2,1,63.07,1854,Yes,No,POS,Restaurant,0
68099.3,23,20,6,242.08,131,No,Yes,Online,Electronics,1
1488.87,22,4,0,65.77,1490,Yes,No,POS,Grocery,0
3402.63,23,1,1,25.64,643,Yes,Yes,POS,Restaurant,0
4549.96,10,1,1,40.16,792,Yes,No,Online,Restaurant,0
6886.99,11,2,0,11.28,2103,Yes,No,ATM,Jewellery,0
3487.26,5,4,0,21.59,351,Yes,No,ATM,Electronics,0
2782.85,18,1,0,18.3,2602,Yes,Yes,POS,Travel,0
3592.41,22,0,0,9.31,2713,Yes,No,POS,Jewellery,0
1434.92,15,2,0,3.28,564,Yes,No,Transfer,Grocery,0
1535.38,4,3,1,22.21,945,Yes,No,Online,Electronics,0
2734.88,12,3,0,11.95,982,Yes,No,Transfer,Other,0
428.58,19,1,0,31.99,161,Yes,No,POS,Restaurant,0
2004.95,1,3,0,35.7,241,No,No,POS,Grocery,0
2365.91,14,4,0,84.28,2232,No,No,POS,Restaurant,0
10656.08,15,2,0,17.39,1385,Yes,No,ATM,Grocery,0
7470.29,12,1,1,63.39,697,Yes,No,POS,Jewellery,0
4538.67,15,2,0,34.57,1555,Yes,Yes,POS,Fuel,0
5956.15,21,1,2,39.01,744,Yes,No,Online,Fuel,0
1524.47,2,0,1,30.8,1775,No,No,POS,Electronics,0
3661.23,13,2,1,56.18,540,Yes,No,POS,Grocery,0
5476.94,19,5,0,30.66,570,No,No,ATM,Other,0
1536.17,19,0,0,29.97,2509,Yes,No,POS,Other,0
971.01,11,0,0,11.61,837,Yes,No,Online,Grocery,0
4216.34,23,3,0,13.53,872,No,No,POS,Other,0
1074.3,7,5,0,34.83,2267,No,No,Transfer,Other,0
4824.42,10,6,1,19.98,1221,Yes,No,Online,Grocery,0
31830.75,3,14,4,151.71,117,No,Yes,Online,Travel,1
1577.63,10,3,0,18.32,2311,No,No,ATM,Electronics,0
1680.64,8,2,1,49.63,22,Yes,No,Online,Fuel,1
75111.19,3,16,4,307.82,121,No,Yes,Online,Jewellery,1
3500.71,14,2,0,16.11,1174,Yes,No,Online,Electronics,0
6108.51,23,1,0,26.56,1991,No,No,POS,Restaurant,0
2810.13,14,1,0,53.51,1742,Yes,No,Online,Jewellery,0
2968.55,4,0,0,11.36,1749,Yes,No,Transfer,Electronics,1
3436.07,1,3,0,10.4,2675,Yes,No,POS,Electronics,1
9303.53,23,3,0,31.43,1789,No,No,POS,Other,0
5798.05,10,2,1,18.56,127,Yes,No,POS,Fuel,1
1952.62,4,1,0,31.41,186,Yes,No,Online,Grocery,0
3848.97,5,2,0,27.88,1009,Yes,No,ATM,Fuel,0
2666.04,2,1,0,31.34,50,Yes,No,Online,Restaurant,0
2304.5,4,2,0,86.49,2571,Yes,No,Online,Fuel,0
4733.59,18,4,0,8.41,2302,Yes,No,POS,Jewellery,0
4100.36,15,1,0,44.44,2141,Yes,No,POS,Electronics,0
1592.89,14,2,1,37.53,2060,Yes,No,POS,Electronics,0
3442.21,0,2,0,42.89,1902,No,Yes,POS,Restaurant,0
2250.15,16,2,0,4.09,1046,Yes,No,ATM,Grocery,0
4532.89,23,2,0,47.79,39,No,No,Online,Travel,0
2173.56,22,3,0,22.36,375,No,No,POS,Travel,0
2981.82,9,5,1,30.37,1399,No,Yes,Online,Restaurant,0
2353.39,14,3,0,24.7,763,Yes,No,Online,Other,0
738.96,7,4,0,12.82,2934,No,No,ATM,Grocery,0
9010.81,21,2,1,22.97,2465,No,No,POS,Fuel,1
3415.29,22,3,1,27.81,2014,Yes,No,POS,Grocery,0
9210.77,5,2,0,40.09,1230,No,No,POS,Other,0
3525.98,11,7,0,35.35,2447,Yes,No,POS,Travel,0
5313.41,5,8,0,25.45,1224,Yes,No,POS,Other,0
2056.32,14,1,1,28.75,1545,Yes,No,ATM,Other,0
2096.97,7,2,0,28.48,2143,Yes,Yes,Transfer,Other,0
3280.76,16,1,2,39.29,1090,No,No,Online,Fuel,1
9158.32,23,2,0,47.49,1531,Yes,No,Online,Electronics,0
73913.06,2,16,5,308.41,14,No,Yes,Online,Electronics,1
576.25,4,5,1,20.74,511,Yes,No,Online,Electronics,1
6580.38,3,3,0,22.31,2392,No,No,ATM,Electronics,0
5531.7,19,4,0,19.19,2937,Yes,Yes,ATM,Other,0
2455.72,1,4,1,28.0,1389,Yes,No,POS,Jewellery,0
11447.51,9,3,0,102.99,140,Yes,Yes,Online,Restaurant,0
11760.49,23,3,1,20.6,973,Yes,No,POS,Restaurant,0
689.73,10,8,0,42.92,2659,No,No,POS,Travel,1
2018.6,0,2,0,43.56,1970,Yes,No,POS,Fuel,0
3263.84,23,5,1,36.35,798,Yes,No,Online,Restaurant,0
4449.43,16,2,1,3.8,2995,Yes,No,POS,Fuel,0
4005.14,7,3,0,26.01,392,Yes,No,ATM,Electronics,0
3406.14,14,6,0,38.99,1296,Yes,No,Online,Grocery,0
1439.86,14,4,0,14.65,1503,No,No,POS,Travel,0
4831.11,13,3,0,4.71,500,No,No,Online,Electronics,1
5016.4,23,2,1,39.63,569,No,No,Online,Restaurant,1
6281.13,18,1,0,48.97,1929,Yes,Yes,Online,Fuel,0
1273.64,6,0,0,24.58,154,No,No,POS,Fuel,0
2898.29,23,3,0,17.87,1207,Yes,No,POS,Grocery,0
2365.59,23,3,1,70.09,2111,Yes,No,POS,Electronics,0
1253.14,1,2,2,50.17,1773,No,No,Online,Restaurant,0
2864.68,7,6,1,10.78,1159,No,No,POS,Jewellery,0
1501.2,14,4,0,30.77,2991,Yes,No,POS,Grocery,0
1079.09,21,2,0,12.06,1471,Yes,No,Online,Fuel,0
5578.96,17,4,2,21.16,1379,Yes,No,POS,Fuel,0
66181.62,1,8,7,103.46,175,No,Yes,Transfer,Jewellery,1
1942.21,7,1,0,63.32,915,No,No,Online,Restaurant,0
7295.06,2,2,0,17.37,1159,Yes,No,POS,Other,0
5117.11,21,5,1,41.9,2942,Yes,No,Transfer,Fuel,0
515.91,12,3,0,11.04,673,Yes,No,POS,Grocery,0
58060.55,1,14,6,346.7,114,No,Yes,Online,Travel,1
4454.9,23,0,0,4.67,2354,Yes,No,Online,Jewellery,0
2777.4,3,2,1,20.56,923,Yes,No,Online,Restaurant,0
2700.16,6,3,0,41.81,950,Yes,No,POS,Restaurant,0
823.75,20,4,0,12.92,958,Yes,No,Online,Fuel,0
11364.75,6,2,0,10.89,1314,Yes,No,ATM,Restaurant,0
2856.53,22,7,2,26.68,1818,Yes,No,ATM,Jewellery,0
4305.46,20,3,0,15.93,2261,Yes,No,POS,Grocery,0
2973.89,2,1,0,3.89,1095,Yes,No,POS,Other,0
1967.87,10,5,1,26.64,1491,No,No,POS,Fuel,0
5864.84,18,5,0,40.62,2321,No,No,ATM,Grocery,0
3767.61,11,7,1,23.19,40,Yes,No,Transfer,Electronics,0
2874.34,5,2,0,26.06,587,Yes,No,POS,Travel,0
4273.96,1,0,0,36.38,346,Yes,Yes,Online,Electronics,0
3176.91,0,3,0,81.79,580,Yes,No,POS,Restaurant,0
9611.5,4,2,0,19.66,2577,Yes,No,Online,Grocery,1
5734.54,6,5,0,34.48,705,Yes,No,POS,Restaurant,0
4756.1,7,1,1,26.22,2885,Yes,No,POS,Electronics,0
918.86,20,6,1,10.24,2622,No,Yes,POS,Grocery,0
4867.92,12,5,0,45.71,1132,Yes,Yes,ATM,Other,0
4786.87,3,5,0,67.98,282,No,No,POS,Other,0
1523.62,1,4,0,40.66,711,Yes,Yes,POS,Fuel,0
899.4,3,4,1,2.55,1807,Yes,No,Online,Electronics,1
5580.39,7,1,0,20.64,1392,Yes,No,POS,Fuel,0
6044.87,17,2,1,40.55,2592,Yes,No,POS,Electronics,0
2105.47,1,5,0,55.35,1072,Yes,No,Online,Fuel,1
2032.21,9,4,0,6.06,539,Yes,No,POS,Electronics,0
3722.47,10,3,0,9.97,2021,Yes,No,POS,Fuel,0
2439.75,3,3,1,35.34,2757,No,No,ATM,Electronics,1
881.1,1,2,1,29.11,1676,Yes,No,Online,Grocery,0
1509.25,5,4,0,26.71,2136,Yes,No,Online,Travel,0
4198.66,3,3,0,78.74,1754,No,No,POS,Grocery,0
1580.79,19,6,0,83.96,697,Yes,No,Online,Grocery,0
6245.14,22,2,0,12.18,1656,No,No,POS,Fuel,0
4735.03,14,4,1,4.4,2941,Yes,No,ATM,Restaurant,0
56216.18,2,16,2,355.68,43,No,Yes,Transfer,Electronics,1
75826.89,2,14,2,365.01,92,No,Yes,Online,Electronics,1
1898.38,21,1,0,59.06,1541,No,No,POS,Other,0
5175.6,2,3,0,19.93,180,Yes,No,POS,Other,0
40414.78,1,10,6,476.44,23,No,Yes,Online,Travel,1
6473.58,10,2,0,36.87,2477,Yes,No,POS,Other,0
8669.43,13,2,0,22.52,2822,No,No,POS,Restaurant,0
3752.06,19,4,0,27.98,1734,Yes,Yes,POS,Grocery,0
7947.87,11,5,0,40.82,95,Yes,No,POS,Other,0
19540.7,2,21,3,146.41,131,No,Yes,Transfer,Travel,1
4770.79,0,2,0,7.22,2513,Yes,No,POS,Restaurant,0
3345.42,4,4,1,15.19,1773,Yes,No,ATM,Travel,0
5643.7,2,4,0,15.88,1235,Yes,No,Online,Other,0
546.71,9,1,0,16.03,2389,Yes,No,POS,Grocery,0
5424.34,18,6,0,3.56,909,Yes,No,POS,Restaurant,0
2043.06,8,3,1,92.68,2499,Yes,No,POS,Other,0
3463.64,14,2,0,9.88,1004,Yes,No,POS,Electronics,0
11242.35,4,9,0,46.9,2391,No,No,POS,Fuel,0
4878.43,14,5,0,13.22,2047,Yes,No,POS,Electronics,0
4456.27,22,4,0,19.77,185,Yes,Yes,POS,Other,0
4213.71,7,1,0,27.4,120,Yes,No,POS,Restaurant,0
6915.9,11,2,0,16.78,1999,No,No,POS,Travel,0
5771.38,23,4,1,73.68,1358,No,No,Online,Grocery,1
4245.64,14,5,0,184.15,2691,Yes,No,Online,Jewellery,0
3894.07,9,5,1,4.08,2339,Yes,No,POS,Fuel,0
3717.07,2,3,0,56.44,2808,Yes,No,POS,Other,0
3216.13,22,0,1,30.92,597,Yes,No,ATM,Electronics,0
1255.31,14,1,2,20.66,2303,Yes,No,ATM,Travel,0
4808.77,1,2,0,49.9,1327,Yes,No,POS,Other,0
2203.61,13,1,0,60.1,937,Yes,No,POS,Restaurant,0
2942.78,23,4,0,25.25,1133,No,Yes,POS,Electronics,0
6028.85,22,0,0,67.54,2576,No,Yes,Online,Travel,1
3270.4,4,2,1,3.01,1604,Yes,No,ATM,Other,0
3091.51,9,2,0,44.82,86,No,No,POS,Other,0
3759.95,23,4,0,28.04,1440,Yes,No,Online,Electronics,0
2674.68,18,4,0,32.39,2315,No,No,Online,Fuel,0
11090.32,13,2,0,55.56,2253,Yes,No,POS,Restaurant,0
10140.19,7,0,1,41.46,1461,Yes,No,POS,Grocery,0
9973.33,18,4,0,94.31,2384,Yes,No,POS,Electronics,0
4223.26,13,3,0,105.46,2641,Yes,No,POS,Grocery,0
2097.11,12,3,0,23.58,177,Yes,No,POS,Restaurant,0
6135.27,22,3,0,8.58,1510,Yes,Yes,POS,Grocery,0
2689.94,9,3,0,26.93,2633,Yes,No,Transfer,Travel,1
6489.47,15,2,0,12.14,1274,Yes,No,POS,Other,0
2021.86,1,3,0,18.92,2991,No,No,POS,Fuel,0
4431.96,17,2,0,30.14,2535,Yes,No,Online,Restaurant,0
7089.71,13,2,1,5.92,582,Yes,No,Transfer,Grocery,0
2801.51,21,2,0,39.8,994,Yes,No,Online,Grocery,1
2794.12,7,4,0,25.34,1181,No,No,Online,Fuel,0
79503.06,2,11,7,295.07,98,No,Yes,Online,Jewellery,1
2070.55,13,0,0,1.59,2078,Yes,No,POS,Travel,0
4167.26,4,3,0,54.28,2532,Yes,No,Transfer,Restaurant,1
4604.7,3,3,1,60.4,1681,Yes,No,Transfer,Fuel,0
5063.51,4,2,0,55.96,48,No,No,POS,Grocery,0
671.76,7,3,0,12.06,2565,No,No,ATM,Travel,0
2699.43,13,5,0,37.1,1056,Yes,No,POS,Grocery,0
1093.11,20,4,0,62.04,1058,No,No,POS,Electronics,0
4025.19,23,1,1,34.54,2500,Yes,No,Online,Other,0
824.86,16,4,1,32.27,2445,No,No,Online,Jewellery,0
1385.39,11,2,0,86.1,2639,Yes,Yes,POS,Electronics,1
5706.73,14,3,0,18.93,2744,Yes,No,POS,Grocery,0
2258.5,7,0,0,16.24,488,No,No,Online,Electronics,0
7991.04,5,2,0,13.4,542,Yes,No,POS,Travel,0
5152.1,12,1,2,3.8,1339,Yes,No,POS,Electronics,0
2813.04,19,3,1,73.53,2949,Yes,No,Transfer,Travel,1
6303.39,1,3,1,34.15,1038,Yes,No,Transfer,Other,0
2990.19,2,3,1,19.26,1032,Yes,No,ATM,Grocery,0
5494.77,4,2,0,29.33,2927,Yes,Yes,Online,Electronics,1
1991.96,5,5,1,78.17,2909,No,No,ATM,Grocery,0
6542.41,3,7,0,6.36,1697,No,No,ATM,Electronics,0
899.04,3,5,0,71.76,1802,Yes,No,Online,Grocery,0
80853.38,0,14,3,474.9,92,No,Yes,Online,Electronics,1
1590.05,8,2,0,39.01,2467,No,No,Online,Electronics,0
2159.18,17,5,0,40.72,2617,Yes,Yes,POS,Restaurant,0
4269.15,3,5,1,81.33,798,Yes,Yes,POS,Other,0
3395.84,7,3,0,12.77,2127,Yes,No,Transfer,Electronics,0
5536.43,23,4,0,118.97,1569,Yes,No,Online,Restaurant,0
7153.3,4,4,0,8.03,2140,Yes,No,POS,Electronics,0
809.23,23,3,0,15.13,1281,Yes,No,Transfer,Fuel,0
7711.0,12,3,0,45.77,1839,No,No,ATM,Grocery,0
2942.49,17,3,1,74.62,1916,Yes,No,Online,Electronics,1
9851.67,7,2,0,13.37,1256,Yes,No,Transfer,Restaurant,0
1923.15,7,2,0,6.94,649,No,No,ATM,Travel,0
600.46,9,4,0,77.47,304,Yes,No,POS,Grocery,0
5190.7,3,4,0,19.7,2917,No,No,Online,Restaurant,1
4977.94,7,4,0,20.94,1905,Yes,No,POS,Grocery,0
1414.97,21,2,0,30.71,1347,Yes,No,Online,Grocery,0
1537.02,0,1,0,26.11,1249,Yes,No,POS,Grocery,0
5810.25,13,3,0,46.87,1234,No,No,POS,Jewellery,0
4409.71,16,1,0,8.47,1363,Yes,No,ATM,Fuel,0
2730.94,3,5,0,6.02,1344,No,Yes,POS,Other,0
4714.69,2,5,0,38.61,2772,Yes,No,Transfer,Grocery,0
4116.43,13,6,0,40.29,1364,No,No,POS,Other,0
47599.45,23,10,3,122.46,97,No,Yes,Transfer,Jewellery,1
6096.36,23,1,0,44.84,1473,No,No,POS,Other,0
5343.77,4,3,0,6.15,2347,Yes,No,ATM,Grocery,0
3450.75,3,3,0,44.31,45,Yes,No,POS,Grocery,0
5812.74,7,2,1,42.9,2282,No,No,Online,Fuel,0
54192.53,0,19,7,99.53,97,No,Yes,Online,Travel,1
48488.85,4,15,2,103.52,41,No,Yes,Transfer,Travel,1
2822.17,15,1,0,12.95,1894,No,No,Transfer,Other,0
2925.26,8,0,0,11.48,1681,No,No,POS,Electronics,0
5729.54,12,3,0,47.61,165,No,No,POS,Fuel,0
2138.65,5,4,0,9.29,1635,Yes,No,Online,Fuel,0
5521.02,2,1,1,23.16,400,Yes,Yes,ATM,Restaurant,0
2337.52,1,4,1,20.24,730,Yes,No,Online,Grocery,1
1378.19,1,3,0,17.24,1396,Yes,No,POS,Electronics,0
3595.71,20,2,1,13.94,1901,Yes,No,ATM,Fuel,0
2298.86,6,1,0,107.86,1575,No,No,POS,Fuel,0
3848.63,7,7,0,45.56,1130,Yes,No,POS,Fuel,0
4499.84,13,6,0,15.51,276,Yes,No,Online,Restaurant,0
866.45,2,4,0,15.91,172,No,No,POS,Fuel,0
2504.57,14,1,0,35.8,1346,Yes,No,ATM,Other,0
3597.79,12,1,1,20.15,2910,Yes,No,Online,Restaurant,0
31693.45,23,11,3,398.1,20,No,Yes,Transfer,Travel,1
5369.75,2,4,0,10.09,1254,Yes,No,POS,Grocery,0
1791.95,0,3,1,30.62,637,Yes,No,Online,Grocery,0
3030.82,18,3,1,49.85,1056,Yes,No,Online,Electronics,0
4658.39,8,0,0,29.3,1475,Yes,No,POS,Restaurant,0
2880.61,1,2,0,21.43,1885,Yes,Yes,POS,Electronics,0
1933.68,13,5,0,40.56,1663,No,No,ATM,Electronics,0
3304.27,11,4,0,2.73,1366,Yes,No,POS,Other,0
4367.06,22,11,1,49.74,1905,Yes,No,POS,Electronics,0
1655.67,22,7,1,3.39,2932,No,No,Online,Grocery,0
4999.0,12,6,0,55.95,1251,Yes,No,ATM,Grocery,0
3746.68,3,4,0,20.73,159,No,No,Transfer,Restaurant,1
5119.71,17,4,0,52.8,2554,No,No,ATM,Electronics,0
3252.28,4,3,0,61.67,2451,No,No,Online,Restaurant,1
9635.12,20,4,1,21.92,1769,Yes,No,POS,Travel,0
4310.2,14,6,1,58.34,73,Yes,Yes,Online,Grocery,0
5505.24,8,0,0,33.95,2673,Yes,No,Online,Fuel,0
4985.6,23,2,0,40.32,556,Yes,No,Online,Grocery,0
3002.4,12,3,0,68.6,2896,Yes,No,ATM,Grocery,0
4052.78,9,4,0,36.91,530,No,No,Transfer,Travel,1
2177.4,4,4,0,52.89,19,No,No,Transfer,Restaurant,0
9199.04,15,3,0,101.93,1028,Yes,No,POS,Jewellery,0
4634.81,6,4,0,52.56,1483,Yes,No,POS,Other,0
1844.65,3,5,0,20.25,2628,Yes,Yes,POS,Other,0
7905.02,2,3,1,34.82,137,No,No,POS,Other,0
3113.41,15,5,0,15.81,739,Yes,No,Online,Restaurant,1
6016.26,22,5,1,36.08,1975,Yes,No,Online,Electronics,0
844.86,6,0,2,22.68,1549,No,No,Online,Fuel,0
7004.71,5,3,0,38.88,2560,No,No,Online,Grocery,1
4508.37,14,0,1,53.39,1440,Yes,Yes,POS,Other,0
1729.7,3,5,0,15.31,1873,Yes,No,Transfer,Fuel,0
4455.89,2,6,0,29.91,716,Yes,No,POS,Grocery,0
8623.29,15,7,0,11.93,1187,No,No,POS,Grocery,0
2227.05,12,3,0,16.05,1395,Yes,No,ATM,Fuel,0
2204.5,0,5,1,33.73,1812,Yes,Yes,Online,Restaurant,0
2969.89,5,2,0,21.29,2533,Yes,Yes,POS,Other,0
3574.36,4,2,0,77.4,1000,No,No,POS,Fuel,0
6272.66,16,4,0,4.99,2098,Yes,No,Online,Restaurant,0
4676.46,15,2,1,88.68,623,Yes,No,Online,Travel,0
35378.88,2,18,3,437.95,27,No,Yes,Online,Electronics,1
4171.56,2,2,0,45.19,256,Yes,No,POS,Fuel,0
9514.48,20,4,1,50.18,815,Yes,No,ATM,Electronics,0
5218.98,5,3,0,49.42,2381,Yes,No,POS,Grocery,0
3198.29,23,6,0,19.94,1551,No,No,POS,Jewellery,0
2905.92,20,2,0,54.64,2721,Yes,Yes,Online,Grocery,0
4006.47,11,1,2,35.9,681,No,No,ATM,Other,0
6223.27,18,3,0,6.03,1297,Yes,No,POS,Restaurant,0
1994.54,16,1,1,16.28,475,Yes,No,POS,Fuel,0
5685.06,18,3,1,12.05,872,Yes,No,Online,Electronics,0
3153.18,0,5,0,24.97,139,Yes,No,Online,Electronics,0
3488.25,2,0,0,3.45,645,Yes,No,Transfer,Other,0
14294.83,21,3,0,48.42,41,Yes,No,Online,Electronics,1
5317.12,18,3,0,54.77,2018,Yes,No,Online,Other,0
2353.01,14,5,0,19.42,2918,Yes,No,ATM,Restaurant,0
4499.69,7,5,2,39.41,146,Yes,No,POS,Restaurant,0
47828.04,1,18,4,95.78,130,No,Yes,Online,Jewellery,1
23828.35,23,16,3,105.61,87,No,Yes,Transfer,Travel,1
503.75,10,2,0,21.03,121,No,No,Online,Electronics,0
3388.78,15,2,1,23.75,2139,No,No,ATM,Grocery,0
4630.93,18,8,1,45.59,1747,Yes,No,POS,Electronics,0
4386.7,9,1,0,20.68,2487,Yes,No,POS,Restaurant,0
48680.49,1,23,5,459.2,11,No,Yes,Online,Travel,1
23498.53,0,10,3,263.27,71,No,Yes,Transfer,Jewellery,1
7023.84,19,4,0,42.47,1727,No,No,POS,Fuel,0
891.77,16,5,0,18.54,2906,Yes,No,Online,Electronics,0
817.75,12,3,0,11.58,1629,Yes,No,Online,Grocery,0
20784.15,23,21,2,166.44,96,No,Yes,Transfer,Travel,1
5706.43,8,3,1,26.16,309,No,Yes,POS,Jewellery,0
2234.18,8,6,0,34.17,1473,Yes,No,Online,Electronics,0
534.25,22,3,0,29.54,2248,Yes,No,Online,Fuel,0
3428.19,0,2,1,9.09,640,Yes,No,POS,Fuel,0
4430.54,15,5,0,20.27,1135,Yes,No,Online,Grocery,0
2800.93,23,1,0,3.74,2899,Yes,No,Transfer,Other,0
27772.67,3,21,7,168.84,52,No,Yes,Transfer,Jewellery,1
4253.13,15,3,0,11.04,2675,Yes,Yes,ATM,Electronics,0
2057.22,14,4,1,6.78,1776,Yes,No,Online,Electronics,0
2221.16,12,5,0,22.68,2682,No,No,ATM,Jewellery,0
3479.97,15,3,0,38.15,1476,Yes,Yes,Online,Restaurant,0
2665.89,21,2,0,28.92,2975,No,No,POS,Electronics,0
770.21,17,6,0,85.43,1090,Yes,No,POS,Electronics,0
4012.21,20,4,0,5.01,2746,No,No,Online,Other,0
2265.15,13,1,0,4.7,1620,Yes,No,Online,Grocery,0
2559.98,18,3,0,17.34,2793,Yes,No,ATM,Electronics,0
1510.83,21,2,0,53.12,1424,Yes,No,Transfer,Grocery,0
8764.18,5,4,0,18.67,2660,Yes,No,POS,Grocery,0
5114.51,20,4,1,12.96,1581,No,No,ATM,Grocery,0
10122.76,16,4,1,40.05,2450,No,No,POS,Fuel,0
2790.87,10,2,0,20.37,2911,Yes,No,POS,Travel,0
5304.89,18,3,0,67.33,248,Yes,No,POS,Restaurant,0
4059.54,4,2,0,23.28,1222,Yes,No,Transfer,Other,0
2118.82,16,4,0,53.74,23,Yes,No,Transfer,Other,0
2770.37,13,4,0,24.88,849,Yes,No,Online,Restaurant,0
5108.33,21,5,0,38.31,158,Yes,No,Online,Electronics,0
1509.07,14,4,0,59.54,1281,No,No,POS,Electronics,0
6566.95,12,2,0,4.66,1036,No,No,ATM,Electronics,0
3836.95,12,3,1,3.11,165,Yes,No,ATM,Other,0
38674.69,23,12,4,354.19,94,No,Yes,Online,Jewellery,1
4442.2,21,3,0,11.6,1374,Yes,Yes,POS,Restaurant,0
898.16,18,2,3,61.41,76,Yes,No,POS,Grocery,0
3390.58,2,1,0,93.61,2763,Yes,No,ATM,Other,0
6657.48,12,4,0,26.33,939,Yes,No,Online,Electronics,0
3798.64,6,3,0,19.66,611,Yes,Yes,POS,Travel,0
3451.36,3,3,0,36.88,173,Yes,No,Online,Restaurant,1
3796.12,20,0,1,15.19,276,Yes,No,POS,Grocery,0
714.74,20,2,1,35.31,2074,Yes,No,Online,Grocery,0
7095.3,22,3,1,59.72,57,Yes,No,Online,Other,0
406.95,9,2,1,37.12,288,Yes,Yes,Online,Grocery,0
8034.07,10,0,0,10.25,1936,Yes,No,POS,Grocery,0
2649.31,18,3,1,25.6,1039,Yes,No,Transfer,Other,0
4649.45,4,2,0,101.18,2297,Yes,No,ATM,Electronics,0
656.99,1,4,0,40.3,2102,Yes,Yes,POS,Restaurant,0
5666.73,10,4,2,18.21,2017,No,No,Online,Other,0
5059.04,15,1,0,14.81,211,Yes,Yes,Online,Grocery,0
4860.17,10,0,0,17.74,1925,Yes,No,Online,Grocery,0
628.35,5,1,0,49.36,2702,Yes,No,POS,Grocery,0
1905.53,12,3,0,33.2,2452,Yes,Yes,Online,Fuel,0
4457.78,22,4,0,11.25,2814,Yes,No,Online,Grocery,0
6974.04,6,3,0,57.3,2561,Yes,No,POS,Other,0
1688.81,9,2,2,99.07,2756,Yes,No,POS,Other,0
1726.51,7,2,0,34.52,1015,Yes,No,Online,Electronics,0
4265.13,7,2,0,65.12,773,Yes,No,POS,Fuel,0
13512.42,15,8,0,9.78,1743,Yes,Yes,Transfer,Electronics,0
2147.61,8,3,0,24.22,577,No,No,Online,Restaurant,0
21215.14,23,12,7,457.82,167,No,Yes,Transfer,Jewellery,1
39537.87,1,19,4,234.65,161,No,Yes,Transfer,Jewellery,1
3158.37,15,1,1,28.11,1030,No,No,POS,Fuel,0
7325.0,2,4,1,3.12,1036,Yes,No,ATM,Travel,0
3278.11,9,4,0,9.95,1912,No,Yes,POS,Restaurant,1
14317.32,20,5,0,25.47,1832,Yes,No,Online,Other,0
3705.4,8,4,1,5.47,1981,Yes,No,POS,Grocery,0
7772.84,16,1,0,10.58,1212,No,No,Online,Fuel,0
2770.97,8,4,1,61.47,10,Yes,No,Online,Fuel,0
1258.51,21,5,0,14.28,722,Yes,No,POS,Grocery,0
3274.3,22,1,0,34.18,263,Yes,No,Transfer,Restaurant,0
4908.04,21,5,1,55.14,503,Yes,No,Transfer,Electronics,0
1918.85,9,2,0,48.13,2207,Yes,No,POS,Travel,0
7011.96,7,0,1,81.61,321,Yes,No,ATM,Electronics,1
2434.98,14,5,0,58.24,235,Yes,No,POS,Fuel,0
1511.34,19,2,0,33.25,612,Yes,No,Online,Grocery,0
12670.83,12,3,0,6.34,1528,Yes,No,ATM,Other,0
1840.74,17,2,0,26.48,110,Yes,No,POS,Grocery,0
2381.6,21,4,0,48.43,143,Yes,No,Online,Travel,0
5445.72,18,4,0,12.39,2695,No,No,Online,Other,0
2701.93,8,6,0,62.12,2486,Yes,No,POS,Fuel,0
1556.64,5,4,0,28.16,662,Yes,No,ATM,Electronics,1
2208.06,10,2,0,48.24,1668,No,No,Online,Restaurant,0
10542.1,13,5,1,48.0,2295,Yes,No,Online,Fuel,0
5023.41,20,5,2,49.71,619,Yes,No,POS,Fuel,1
5685.25,7,1,0,18.57,1629,Yes,No,POS,Grocery,0
4125.84,3,3,1,82.4,2589,Yes,No,Online,Grocery,0
4607.76,7,5,1,70.64,176,Yes,No,ATM,Fuel,0
2554.06,14,5,1,30.99,368,No,Yes,Online,Jewellery,1
3782.62,5,4,0,9.32,2518,Yes,No,POS,Grocery,0
575.55,9,1,1,19.27,2723,Yes,No,ATM,Restaurant,0
6387.06,6,4,0,18.52,2007,Yes,No,ATM,Electronics,0
2536.84,23,2,0,5.88,2916,No,No,Online,Travel,0
1353.5,12,6,1,15.31,2232,No,Yes,POS,Fuel,0
3932.52,17,7,0,0.12,1976,Yes,Yes,Online,Jewellery,0
2997.9,12,6,0,41.88,80,Yes,No,POS,Restaurant,0
6241.9,0,3,0,24.32,2516,Yes,Yes,POS,Grocery,0
3325.49,6,4,0,50.29,968,No,No,ATM,Other,0
2171.68,20,4,0,21.57,2473,Yes,No,Transfer,Travel,0
3382.31,12,4,0,5.47,21,No,No,Online,Jewellery,0
8337.05,16,1,0,8.91,1366,Yes,No,POS,Electronics,0
6375.14,18,0,0,27.13,1868,No,No,POS,Grocery,0
20103.74,4,22,4,171.21,157,No,Yes,Online,Electronics,1
63205.91,4,19,4,215.61,174,No,Yes,Online,Travel,1
5270.69,5,5,0,14.64,258,Yes,Yes,POS,Electronics,1
1736.38,5,4,1,52.2,1406,Yes,No,Online,Other,0
5715.1,3,2,0,3.68,320,Yes,No,POS,Electronics,0
7053.04,7,3,0,36.15,740,Yes,No,POS,Grocery,0
7306.03,15,0,0,22.1,1544,No,No,Transfer,Electronics,0
1450.55,22,5,0,52.08,1363,Yes,No,Online,Fuel,0
60499.33,23,16,5,481.93,137,No,Yes,Transfer,Electronics,1
2126.44,14,3,0,7.69,2432,Yes,Yes,Online,Electronics,0
2751.46,20,2,0,45.72,1445,Yes,No,Transfer,Restaurant,0
4675.23,16,5,0,44.04,898,Yes,No,Online,Electronics,0
3864.97,6,3,0,13.08,867,Yes,No,POS,Fuel,0
3865.75,6,5,0,18.05,310,Yes,No,Online,Jewellery,0
1143.56,15,3,0,23.54,2616,Yes,No,POS,Grocery,0
2320.24,6,3,0,42.66,2283,No,No,Transfer,Restaurant,0
7648.45,5,4,0,29.91,280,Yes,No,Online,Other,0
60111.62,0,11,7,98.51,50,No,Yes,Online,Electronics,1
3286.19,15,2,0,11.89,2043,Yes,No,ATM,Fuel,0
5725.2,6,7,0,26.47,2067,Yes,No,POS,Grocery,0
4399.12,1,3,0,35.11,252,Yes,No,Transfer,Restaurant,0
6134.66,18,4,0,20.98,854,Yes,No,Online,Grocery,0
5887.85,9,1,0,10.19,1588,Yes,No,ATM,Electronics,0
3473.54,15,1,0,63.14,2022,Yes,No,Online,Restaurant,1
5035.15,4,2,0,33.98,1009,Yes,Yes,POS,Restaurant,0
4593.63,7,5,1,3.68,2405,Yes,No,POS,Grocery,0
58875.33,0,22,6,307.82,104,No,Yes,Transfer,Jewellery,1
3026.83,2,1,0,12.57,2522,No,No,Online,Grocery,0
9653.86,7,3,0,85.72,229,Yes,No,POS,Fuel,0
3541.06,17,5,0,22.47,872,No,No,POS,Electronics,0
5498.48,18,3,1,75.31,1505,Yes,No,Online,Electronics,0
9197.66,8,3,0,39.8,2359,Yes,No,POS,Jewellery,0
5029.67,2,4,1,38.09,1531,No,No,Online,Other,0
33022.38,4,11,4,351.11,96,No,Yes,Transfer,Electronics,1
3555.33,13,2,2,22.2,2532,Yes,No,POS,Jewellery,0
4648.44,16,3,0,7.34,116,Yes,No,Online,Grocery,0
2848.22,14,4,0,57.08,177,No,No,POS,Fuel,0
15455.93,9,4,0,57.48,1076,Yes,No,POS,Restaurant,0
1166.9,0,4,1,38.1,378,No,Yes,POS,Grocery,0
3162.33,5,1,0,29.77,933,No,No,POS,Grocery,0
5083.88,0,1,0,24.93,2940,No,No,POS,Fuel,0
4885.88,11,1,0,63.91,1275,No,Yes,Online,Electronics,1
2844.68,7,5,0,34.13,1466,Yes,No,Online,Electronics,0
825.82,1,3,0,18.35,1202,Yes,No,POS,Travel,1
1337.67,14,2,0,16.78,2134,No,No,Online,Restaurant,0
4050.23,8,3,0,80.61,1166,Yes,Yes,ATM,Jewellery,0
612.6,23,5,1,13.67,882,No,No,POS,Restaurant,0
5319.17,10,6,1,26.43,56,No,No,Transfer,Electronics,1
7411.14,2,3,1,43.81,1894,No,No,POS,Electronics,0
5940.02,16,1,0,53.83,2392,Yes,No,Online,Grocery,0
6705.96,16,2,1,36.41,1275,Yes,No,Online,Other,0
636.45,22,2,0,30.61,950,No,No,Online,Jewellery,1
2926.71,16,2,1,29.08,2496,Yes,No,Online,Fuel,0
1629.65,8,2,1,23.8,2848,No,No,Online,Jewellery,0
958.49,16,3,2,10.29,1308,Yes,No,ATM,Travel,0
2500.69,19,2,0,49.08,621,Yes,Yes,POS,Electronics,0
9056.64,12,2,0,18.73,2033,Yes,No,Online,Travel,1
10623.57,19,2,0,8.44,1870,No,No,POS,Fuel,0
1804.56,23,4,0,11.34,1003,Yes,No,POS,Other,0
3716.54,18,5,0,33.83,2429,Yes,Yes,Online,Electronics,0
4604.91,12,2,0,47.22,622,Yes,No,Online,Travel,0
2942.02,11,0,1,32.9,152,Yes,No,ATM,Grocery,0
7747.86,20,1,0,25.7,661,No,No,Online,Restaurant,0
2529.2,20,1,0,27.58,2233,No,No,Online,Jewellery,0
2223.85,6,7,1,14.08,1701,No,No,POS,Grocery,0
1881.85,0,6,1,58.24,2061,Yes,No,POS,Electronics,0
2927.1,19,5,0,11.55,1477,Yes,No,Online,Fuel,0
257.46,5,6,0,37.18,356,Yes,No,POS,Electronics,0
3028.61,23,10,0,55.4,2110,Yes,Yes,ATM,Electronics,0
3874.97,0,1,0,34.75,2006,Yes,No,ATM,Restaurant,0
4043.78,21,5,0,44.67,2546,Yes,No,POS,Travel,0
1549.99,16,2,0,15.31,384,No,No,POS,Electronics,0
3991.24,7,8,0,36.25,120,Yes,No,POS,Grocery,0
3934.82,0,0,0,53.0,914,Yes,No,POS,Other,0
3994.59,20,3,0,49.34,2399,Yes,No,POS,Fuel,0
6014.33,2,4,0,53.44,315,Yes,Yes,POS,Grocery,0
1497.05,2,6,0,22.54,2581,Yes,No,Online,Fuel,0
2967.48,18,3,1,60.52,2840,Yes,No,POS,Grocery,0
774.68,16,0,0,31.78,2135,Yes,Yes,Transfer,Fuel,0
5658.57,3,2,2,21.53,2879,Yes,No,Online,Restaurant,0
1696.07,8,5,2,81.55,2042,Yes,No,Online,Electronics,1
6617.25,15,4,0,3.84,272,Yes,No,POS,Electronics,1
72604.37,0,10,7,108.39,35,No,Yes,Online,Jewellery,1
3179.78,8,4,1,16.15,2387,Yes,No,POS,Electronics,0
3061.95,9,4,1,49.13,2670,Yes,No,ATM,Restaurant,0
1078.54,1,1,0,15.0,368,Yes,No,ATM,Electronics,0
3633.69,0,3,1,6.04,1108,Yes,No,POS,Fuel,0
5980.61,23,2,0,20.32,607,Yes,No,POS,Electronics,0
4336.73,5,6,1,22.18,1933,Yes,No,Online,Other,0
8340.95,22,3,2,17.67,1845,No,No,POS,Grocery,0
2721.35,1,2,0,8.64,1610,Yes,No,Transfer,Other,0
2718.73,23,2,0,25.5,506,Yes,No,Online,Travel,0
1790.09,10,3,0,4.73,329,Yes,No,POS,Other,0
11859.88,19,4,0,25.47,2947,Yes,No,POS,Fuel,0
55392.46,2,23,2,181.55,33,No,Yes,Transfer,Travel,1
5704.47,8,1,0,75.8,2875,Yes,No,Online,Grocery,0
6060.56,17,3,0,33.68,1519,Yes,No,Online,Grocery,0
5894.65,8,1,0,5.03,69,No,Yes,Online,Electronics,1
1911.34,18,2,0,40.45,1361,Yes,No,ATM,Grocery,0
3178.5,23,2,0,84.07,2632,Yes,No,Online,Travel,0
5180.79,19,2,0,15.15,1725,No,No,ATM,Travel,0
2255.08,17,1,0,26.43,2837,Yes,No,Online,Other,0
2867.02,8,2,0,22.4,2393,Yes,No,ATM,Other,0
2285.19,2,1,1,27.64,2662,Yes,No,POS,Fuel,0
3807.01,12,5,1,26.91,2412,No,No,POS,Other,0
61019.6,1,20,7,133.89,174,No,Yes,Online,Electronics,1
9285.93,12,2,0,16.62,823,Yes,No,POS,Restaurant,0
5255.62,20,4,1,23.81,1874,Yes,Yes,POS,Travel,0
1297.3,2,7,1,29.98,803,Yes,No,Online,Fuel,0
1387.17,21,5,0,32.46,1921,Yes,No,Online,Restaurant,0
5770.46,14,5,1,36.68,1850,Yes,No,POS,Fuel,0
3609.32,1,0,0,65.72,2390,Yes,No,Online,Travel,0
11423.71,17,5,0,44.46,1142,Yes,No,POS,Jewellery,0
11403.41,0,2,1,32.56,893,Yes,No,POS,Fuel,1
1781.92,14,2,0,21.81,2880,Yes,No,Transfer,Grocery,0
4381.56,12,2,0,109.79,1001,No,No,POS,Jewellery,1
1401.72,17,1,0,4.82,1906,Yes,No,POS,Grocery,0
5707.21,9,4,0,36.35,2657,Yes,No,POS,Grocery,0
10126.68,2,3,0,50.55,781,Yes,No,Transfer,Grocery,0
3977.38,9,1,0,30.19,1155,Yes,No,POS,Restaurant,0
44247.63,2,11,2,342.04,46,No,Yes,Online,Travel,1
4686.52,22,2,0,40.06,536,Yes,No,POS,Restaurant,0
56246.87,3,22,3,109.91,54,No,Yes,Transfer,Jewellery,1
6512.23,8,5,0,50.77,359,Yes,No,POS,Electronics,0
2673.28,21,3,0,10.22,968,Yes,No,POS,Other,0
2212.52,7,4,0,70.5,422,Yes,Yes,POS,Travel,0
4224.12,5,5,0,40.17,582,Yes,No,ATM,Fuel,0
2805.45,19,3,1,31.31,2404,No,No,POS,Other,0
34407.7,4,18,2,83.58,133,No,Yes,Online,Travel,1
2781.03,13,4,1,27.24,1498,Yes,No,Transfer,Electronics,0
3781.66,11,4,0,12.51,2086,Yes,No,ATM,Electronics,0
4608.83,14,4,0,29.68,2783,No,No,ATM,Restaurant,0
1104.2,6,2,1,20.32,1977,No,No,Online,Electronics,0
2356.35,17,0,1,18.84,1206,No,No,POS,Fuel,0
11110.55,8,2,0,105.05,311,No,No,POS,Jewellery,0
6308.48,12,2,1,20.66,1330,No,No,POS,Electronics,0
2753.92,4,1,0,23.19,1997,No,No,Online,Grocery,0
5722.49,0,0,0,58.35,50,Yes,No,POS,Jewellery,0
7668.66,13,4,0,12.44,1853,Yes,No,Online,Grocery,1
3073.25,3,2,0,69.25,45,Yes,No,ATM,Other,1
6115.32,21,3,2,22.54,2402,No,No,POS,Restaurant,0
5564.69,23,5,2,14.3,2881,Yes,Yes,ATM,Electronics,0
1421.06,7,3,1,4.69,270,Yes,No,Online,Grocery,0
3085.43,6,8,1,63.33,2803,Yes,No,Online,Fuel,0
9440.42,12,5,0,17.86,824,Yes,No,POS,Jewellery,0
10913.31,4,3,0,22.04,238,No,No,POS,Other,0
6341.98,20,4,0,22.34,2412,Yes,No,Online,Restaurant,0
2296.7,2,5,0,17.81,959,No,No,ATM,Restaurant,0
463.19,10,3,0,39.92,1324,Yes,No,Online,Grocery,0
2066.18,4,4,0,53.26,2953,Yes,Yes,Online,Fuel,0
1263.37,19,0,0,109.24,2727,No,No,POS,Restaurant,0
9880.45,3,2,1,73.29,1614,Yes,No,Online,Electronics,0
757.02,10,5,0,30.77,2079,Yes,No,Online,Restaurant,0
1454.18,20,2,0,51.12,838,Yes,No,POS,Grocery,0
4165.24,10,4,1,87.67,172,No,No,Online,Travel,0
3591.66,4,5,0,56.75,2115,Yes,No,POS,Electronics,0
9148.59,3,4,0,32.1,1359,Yes,No,Online,Restaurant,1
83519.39,1,10,7,395.72,79,No,Yes,Online,Jewellery,1
3248.41,2,2,1,69.85,897,Yes,No,ATM,Grocery,0
7840.28,8,3,0,3.32,670,Yes,No,POS,Electronics,0
2696.64,14,2,0,24.74,2285,No,No,Online,Travel,0
9619.24,9,3,1,2.27,1600,Yes,No,Online,Grocery,0
1853.41,19,6,0,9.63,458,No,No,Online,Other,0
3500.42,16,5,0,1.2,1927,Yes,No,POS,Restaurant,0
540.01,3,4,0,23.07,2649,No,No,Online,Grocery,0
6554.99,19,4,0,82.45,1886,Yes,No,Online,Restaurant,0
4005.72,21,2,0,64.1,2191,Yes,No,ATM,Other,0
9635.45,4,4,1,14.3,505,Yes,No,ATM,Fuel,0
3005.41,8,5,0,40.18,1761,Yes,No,Online,Restaurant,0
39456.2,23,17,5,469.31,126,No,Yes,Online,Electronics,1
4896.56,10,2,1,30.89,1688,Yes,No,Online,Restaurant,0
2409.24,11,1,0,75.46,2817,Yes,No,ATM,Travel,0
5958.13,21,3,1,8.41,2856,Yes,No,POS,Fuel,0
1884.63,15,2,1,35.77,1624,No,No,ATM,Jewellery,0
8569.8,21,2,1,49.87,2592,No,No,POS,Jewellery,0
3779.8,8,3,0,17.09,239,No,No,Transfer,Restaurant,0
3257.42,12,4,1,35.52,2766,Yes,No,Transfer,Restaurant,0
8210.6,2,4,0,13.83,456,Yes,No,Transfer,Jewellery,0
6617.79,6,4,0,32.21,2468,Yes,No,POS,Electronics,0
2094.53,14,4,0,32.21,1343,Yes,No,ATM,Fuel,0
6494.82,4,4,0,7.09,1058,Yes,No,POS,Other,0
5651.0,23,2,0,5.72,2527,No,No,POS,Restaurant,0
3389.46,6,1,0,4.67,517,Yes,No,POS,Restaurant,0
6159.79,3,7,1,42.14,1735,Yes,No,ATM,Grocery,0
8545.65,18,2,0,37.04,901,Yes,No,POS,Electronics,0
3460.69,2,6,0,29.73,801,Yes,No,POS,Fuel,0
3469.03,7,3,1,23.65,2885,Yes,No,Online,Restaurant,0
3336.7,4,9,0,52.82,496,No,No,ATM,Fuel,0
32372.62,23,18,5,349.24,29,No,Yes,Online,Travel,1
3435.36,20,4,0,15.04,91,No,No,POS,Restaurant,0
3170.39,4,2,0,9.37,619,Yes,No,POS,Restaurant,0
3039.55,9,3,2,28.24,1131,No,No,Online,Grocery,0
3006.69,11,4,0,33.39,686,Yes,No,Online,Other,0
1450.92,16,4,0,27.06,787,Yes,Yes,POS,Fuel,1
7048.88,8,3,0,47.95,1977,Yes,No,Online,Grocery,0
2353.5,12,2,0,21.96,190,No,No,POS,Travel,0
8850.57,12,3,1,127.52,1664,Yes,No,POS,Restaurant,0
1718.39,0,1,0,28.35,1225,Yes,No,POS,Restaurant,0
10135.38,13,3,1,18.72,1697,Yes,No,Online,Restaurant,0
2793.87,13,4,0,20.27,1047,No,Yes,Transfer,Other,0
6545.88,23,3,0,37.62,2722,Yes,No,POS,Other,0
3979.07,12,3,1,108.16,998,Yes,No,Online,Restaurant,0
1288.08,21,3,0,15.23,1675,No,No,ATM,Restaurant,0
1347.01,8,6,0,44.71,1319,No,No,Online,Fuel,0
2206.72,16,1,1,35.77,1745,Yes,No,POS,Electronics,0
2678.65,21,0,0,77.04,1195,Yes,No,POS,Electronics,0
3538.39,3,5,1,14.5,1987,Yes,No,POS,Electronics,0
4578.71,13,1,0,40.46,622,Yes,No,ATM,Restaurant,0
3218.96,22,3,0,57.93,1536,Yes,No,Transfer,Other,0
4414.61,13,1,0,44.17,2557,Yes,No,POS,Grocery,0
4910.63,21,2,1,53.49,1748,No,No,Online,Restaurant,0
3117.25,10,2,0,21.16,614,Yes,No,POS,Travel,0
5590.56,21,2,0,34.11,2242,Yes,No,POS,Restaurant,0
6423.27,15,1,0,66.66,964,Yes,No,POS,Electronics,0
4994.73,11,4,0,5.94,2746,Yes,No,POS,Jewellery,0
5184.98,5,4,0,21.52,2477,Yes,No,Online,Travel,0
4151.84,4,2,1,13.54,2796,Yes,No,POS,Jewellery,0
30039.45,0,11,4,385.47,141,No,Yes,Transfer,Jewellery,1
3595.91,18,3,0,36.51,2007,Yes,No,Transfer,Grocery,0
2237.34,11,1,1,36.0,1986,Yes,No,ATM,Fuel,1
3670.9,9,1,1,22.32,813,Yes,No,POS,Jewellery,0
1307.21,11,2,0,32.32,1117,Yes,No,POS,Electronics,0
1176.59,8,2,0,26.93,2602,Yes,No,Transfer,Electronics,0
6443.13,19,6,1,4.85,1858,No,No,Transfer,Electronics,0
8941.38,9,8,0,9.22,2085,No,No,Online,Restaurant,1
2858.0,11,2,1,44.82,649,Yes,No,POS,Grocery,0
6482.97,13,3,0,11.44,1109,No,No,POS,Electronics,0
672.77,15,2,0,22.01,760,Yes,No,POS,Jewellery,0
5005.19,8,7,0,38.72,1885,No,No,POS,Electronics,0
3606.08,1,2,1,35.65,1563,Yes,No,POS,Grocery,0
9867.43,16,6,0,16.11,1273,Yes,No,Online,Other,0
3259.9,13,0,0,28.49,2308,Yes,No,Online,Electronics,1
1617.35,15,3,1,21.3,2502,Yes,No,Online,Other,0
71011.86,23,20,3,371.75,14,No,Yes,Transfer,Electronics,1
3668.92,12,2,2,75.18,1016,Yes,No,Online,Grocery,1
4146.2,22,3,0,40.23,1453,No,No,POS,Jewellery,0
3119.74,1,3,1,25.57,1324,Yes,No,ATM,Fuel,0
26443.01,2,22,7,480.2,130,No,Yes,Transfer,Electronics,1
28181.94,2,16,2,341.97,90,No,Yes,Online,Jewellery,1
2835.34,21,1,0,146.32,2773,No,No,POS,Travel,1
793.41,9,3,0,66.07,609,Yes,No,ATM,Other,0
4431.9,12,2,0,20.12,1640,Yes,No,POS,Jewellery,0
7540.27,10,1,0,4.62,1696,Yes,No,POS,Restaurant,0
2844.54,23,3,1,20.99,1289,Yes,No,Online,Restaurant,0
5184.38,10,1,0,58.38,1352,Yes,Yes,Transfer,Grocery,0
1522.59,18,5,0,53.67,2536,Yes,No,ATM,Fuel,0
4359.74,8,4,0,28.13,1108,No,No,POS,Travel,0
5247.19,9,3,0,94.1,1337,No,No,Transfer,Restaurant,0
4442.69,16,5,0,23.97,338,Yes,No,POS,Restaurant,0
11506.64,9,4,0,22.09,1909,No,No,POS,Restaurant,0
8873.2,0,3,0,38.56,44,Yes,No,POS,Jewellery,0
66930.97,3,13,7,421.85,177,No,Yes,Transfer,Travel,1
7093.18,20,6,1,18.04,1844,Yes,No,Online,Fuel,0
4339.27,8,1,0,45.46,2879,Yes,No,Online,Travel,0
65268.39,4,20,6,457.03,83,No,Yes,Transfer,Jewellery,1
2628.0,22,2,0,38.55,2164,Yes,No,Online,Grocery,0
1495.99,23,2,3,55.49,2809,No,No,Online,Electronics,1
9132.62,11,1,1,20.3,693,Yes,No,ATM,Other,0
11787.31,15,4,0,23.62,910,Yes,No,POS,Grocery,0
3730.23,18,1,0,30.9,1566,Yes,No,POS,Fuel,0
3774.88,1,4,2,13.26,131,Yes,Yes,ATM,Travel,1
70215.6,4,19,7,175.22,154,No,Yes,Transfer,Electronics,1
3270.44,13,4,0,6.63,1395,Yes,No,POS,Grocery,0
1654.96,13,2,0,10.85,741,Yes,No,POS,Restaurant,0
1274.48,7,1,1,26.21,135,Yes,No,Online,Fuel,0
11529.24,0,1,0,36.55,2241,Yes,No,POS,Fuel,0
901.35,22,3,0,36.77,783,Yes,No,POS,Fuel,0
4556.69,14,3,0,16.14,61,Yes,Yes,POS,Other,0
1009.76,18,4,1,16.4,2008,No,No,POS,Grocery,0
3385.43,10,1,0,18.34,687,Yes,No,Transfer,Grocery,0
2824.93,12,4,0,28.1,1376,Yes,Yes,Online,Restaurant,0
1157.93,10,2,0,10.77,2284,No,Yes,ATM,Restaurant,0
5515.58,10,1,0,5.56,988,No,No,POS,Fuel,0
1562.66,16,3,0,31.61,1759,No,Yes,Online,Other,1
1028.91,23,0,0,16.98,2400,Yes,No,Online,Other,0
44977.2,4,14,7,137.81,30,No,Yes,Transfer,Jewellery,1
2834.01,16,1,0,97.21,1016,Yes,No,POS,Grocery,0
2054.43,0,3,0,17.52,1198,No,No,POS,Electronics,0
6154.88,12,5,1,39.16,488,Yes,No,POS,Jewellery,0
1498.7,22,2,0,3.1,470,Yes,No,Online,Grocery,0
813.66,9,5,1,20.42,845,Yes,No,ATM,Travel,0
7988.59,13,1,1,30.18,2828,No,No,POS,Restaurant,0
10534.54,7,6,0,2.4,2857,Yes,Yes,POS,Electronics,1
3322.29,4,0,0,69.62,2555,Yes,No,POS,Grocery,0
191.55,16,3,2,13.73,757,Yes,Yes,Online,Grocery,0
73630.33,1,19,4,126.51,148,No,Yes,Transfer,Travel,1
6384.57,14,2,0,41.57,1093,Yes,No,Transfer,Travel,1
7484.01,14,3,0,80.81,833,Yes,No,ATM,Grocery,0
1640.43,20,3,0,3.15,533,Yes,No,Transfer,Travel,0
2935.6,22,7,0,33.94,2874,Yes,Yes,Online,Fuel,0
4319.22,13,1,0,25.46,1946,Yes,No,ATM,Grocery,0
6147.28,1,4,0,2.11,2108,No,No,ATM,Travel,0
5729.0,13,2,0,23.77,837,Yes,Yes,POS,Jewellery,0
5140.21,21,2,0,21.61,2934,Yes,No,Online,Fuel,0
7471.63,11,4,0,8.38,636,Yes,Yes,Online,Restaurant,1
3492.43,13,1,0,22.5,554,Yes,No,Online,Grocery,0
9185.32,18,3,0,20.77,1765,Yes,Yes,POS,Fuel,0
2413.47,10,1,0,17.62,2800,Yes,Yes,POS,Electronics,0
5787.87,9,1,0,34.79,2296,No,No,Online,Electronics,0
2678.96,11,6,0,46.37,2852,Yes,No,POS,Travel,0
3356.9,20,5,0,13.89,1778,Yes,Yes,POS,Fuel,0
3737.45,11,1,0,24.46,752,Yes,No,ATM,Grocery,0
2568.77,7,3,0,79.33,1500,Yes,No,ATM,Other,0
7680.7,14,2,0,24.23,1502,Yes,No,Transfer,Grocery,0
2775.39,16,0,0,13.49,2920,Yes,No,Transfer,Grocery,0
3605.4,21,4,0,9.73,890,Yes,Yes,POS,Travel,0
5350.82,21,4,1,40.12,862,Yes,No,Online,Grocery,0
14675.38,18,1,0,14.52,1243,Yes,No,POS,Jewellery,0
5479.9,18,4,1,12.05,1423,No,No,Online,Jewellery,0
3828.93,10,4,0,38.17,1764,Yes,No,Online,Electronics,0
691.21,8,2,0,7.14,581,Yes,Yes,Transfer,Fuel,0
3294.01,13,3,1,36.52,2430,No,No,Transfer,Jewellery,0
2241.27,16,1,0,10.23,1513,No,No,Online,Travel,0
2907.57,12,7,0,12.16,1408,No,No,POS,Fuel,0
2638.16,4,5,0,6.92,1461,Yes,No,POS,Grocery,0
30077.59,23,10,3,434.73,13,No,Yes,Transfer,Electronics,1
3244.7,1,5,1,58.83,2317,Yes,No,POS,Travel,0
18853.87,23,22,2,129.31,10,No,Yes,Transfer,Jewellery,1
6558.2,18,2,1,22.74,1376,Yes,No,POS,Jewellery,0
1372.85,18,4,0,19.51,693,Yes,No,POS,Grocery,0
3708.65,19,1,0,46.67,437,Yes,Yes,Transfer,Other,0
3310.79,17,0,1,36.99,2830,Yes,No,POS,Travel,0
4646.34,0,4,0,53.86,2849,Yes,No,POS,Grocery,0
7521.54,21,4,0,34.36,841,No,No,Online,Grocery,0
16071.7,22,4,0,59.25,810,Yes,No,Online,Restaurant,1
3827.2,20,4,0,32.93,2568,Yes,Yes,ATM,Grocery,0
2213.8,10,4,0,79.42,742,No,No,ATM,Grocery,0
77177.09,23,22,3,479.22,177,No,Yes,Transfer,Electronics,1
2048.25,21,4,0,74.5,2706,No,No,POS,Other,0
4532.87,4,4,0,19.56,2780,No,No,POS,Electronics,0
549.47,18,5,0,21.92,1990,Yes,No,Transfer,Grocery,0
1304.61,23,6,0,31.24,355,No,No,POS,Jewellery,0
4535.7,21,2,1,32.64,2658,Yes,No,ATM,Fuel,0
6769.69,12,2,0,25.37,606,No,No,ATM,Other,0
6795.58,20,3,1,27.46,870,Yes,No,ATM,Other,0
3952.49,19,2,1,21.37,540,No,No,Online,Restaurant,0
6216.2,23,2,2,31.06,166,No,No,Online,Grocery,0
7605.48,8,4,0,18.0,587,Yes,No,Online,Other,0
2745.1,15,3,0,57.66,1305,Yes,No,POS,Jewellery,0
7116.69,19,4,1,43.86,51,Yes,No,POS,Grocery,0
956.62,5,4,2,31.39,742,Yes,No,Online,Restaurant,0
1274.03,5,1,0,5.48,459,No,No,Online,Other,0
2866.14,9,3,0,4.66,2192,Yes,No,Transfer,Fuel,0
849.95,8,1,0,27.55,2054,No,No,POS,Jewellery,0
5373.09,18,1,0,11.29,653,No,No,POS,Fuel,0
2452.77,22,4,0,39.85,2598,No,No,Online,Jewellery,0
3335.73,3,2,0,2.32,243,No,No,POS,Electronics,1
3423.64,7,3,0,88.67,483,Yes,No,Online,Grocery,1
2813.92,22,2,0,8.07,1423,Yes,Yes,POS,Grocery,0
60310.43,0,20,5,112.61,44,No,Yes,Transfer,Electronics,1
5203.62,4,3,0,20.62,853,Yes,Yes,POS,Fuel,0
2414.16,14,5,1,5.16,2891,Yes,No,POS,Electronics,0
3391.75,21,2,0,21.98,771,Yes,Yes,Online,Other,0
4677.7,8,5,2,69.18,1902,No,No,Online,Restaurant,1
72964.42,0,22,6,148.61,63,No,Yes,Online,Electronics,1
7187.1,14,2,1,65.01,1795,Yes,No,Online,Fuel,0
2576.92,20,3,0,26.04,925,Yes,Yes,Online,Grocery,0
1957.01,13,1,1,43.18,742,Yes,No,Online,Grocery,0
8556.31,22,4,0,15.45,1331,Yes,No,Online,Other,0
2404.29,18,3,1,12.62,998,Yes,No,Transfer,Jewellery,0
5065.72,10,5,0,8.67,1734,No,No,POS,Electronics,0
808.57,11,2,0,31.55,1475,No,No,Online,Other,0
534.77,16,3,1,38.01,1620,No,No,POS,Travel,0
3824.6,1,2,0,21.55,454,No,No,POS,Electronics,0
3073.39,5,5,0,14.2,1789,Yes,No,Online,Grocery,0
5944.4,5,3,0,78.02,2184,Yes,No,Online,Grocery,0
2056.77,19,1,0,26.15,394,Yes,No,Online,Jewellery,0
4443.15,19,8,0,35.36,609,Yes,No,POS,Grocery,0
5738.49,19,3,0,17.79,189,Yes,No,POS,Grocery,0
2120.95,2,5,1,5.44,686,Yes,Yes,Online,Other,0
2863.74,7,2,0,12.24,2795,Yes,No,Online,Travel,0
1490.69,7,4,0,24.67,295,No,Yes,POS,Other,0
6084.22,0,2,0,6.7,676,Yes,Yes,POS,Grocery,0
5248.11,6,4,0,40.07,424,Yes,No,Online,Other,0
5509.34,10,5,0,25.26,2492,Yes,No,POS,Restaurant,0
3064.36,21,4,0,22.95,1744,No,No,Online,Fuel,0
5188.9,4,6,0,2.75,207,Yes,Yes,Online,Other,0
3262.09,20,3,0,24.5,716,Yes,No,POS,Grocery,0
65864.62,0,8,6,294.01,81,No,Yes,Transfer,Electronics,1
3614.52,3,3,0,10.78,2259,Yes,No,POS,Jewellery,0
6922.71,6,5,0,16.61,1813,Yes,No,ATM,Electronics,0
3076.68,10,5,1,28.72,1701,Yes,Yes,POS,Other,0
8246.84,22,2,0,11.68,1393,Yes,Yes,POS,Grocery,0
1953.08,18,3,0,16.31,2513,No,No,Online,Travel,0
4825.67,23,2,0,13.32,1127,Yes,No,POS,Electronics,0
2259.54,7,3,0,38.6,2895,Yes,No,Transfer,Grocery,0
4314.44,21,6,0,55.51,2594,Yes,No,POS,Fuel,0
2413.07,22,1,0,29.31,2787,Yes,No,POS,Grocery,0
3604.58,14,4,0,19.67,2112,Yes,Yes,Transfer,Fuel,0
2679.43,3,3,0,43.25,1040,No,No,Transfer,Restaurant,0
51804.47,2,8,7,122.04,102,No,Yes,Transfer,Electronics,1
4960.85,3,0,0,24.05,1387,Yes,No,POS,Jewellery,0
2199.6,19,1,1,57.69,2783,No,No,Transfer,Travel,0
2152.19,7,7,0,14.5,2722,Yes,No,POS,Electronics,0
1823.54,16,4,1,35.2,210,Yes,Yes,ATM,Grocery,0
1551.04,6,2,1,45.49,2263,Yes,No,Online,Restaurant,0
5854.84,23,5,1,28.44,2249,No,No,ATM,Other,1
1743.27,18,4,1,11.91,1837,No,No,Online,Electronics,0
4561.43,9,2,0,16.39,2904,Yes,No,ATM,Grocery,0
2513.02,11,2,0,39.04,245,Yes,No,POS,Jewellery,1
6794.52,1,3,0,38.41,2914,No,No,Transfer,Restaurant,1
10939.48,3,3,0,26.91,22,Yes,No,POS,Grocery,0
181.74,23,2,0,3.59,528,Yes,No,POS,Fuel,0
1933.91,19,3,0,7.46,1940,Yes,Yes,Online,Fuel,0
2482.53,20,4,0,23.43,2431,Yes,Yes,POS,Fuel,0
3140.69,15,2,0,13.94,2716,Yes,No,POS,Fuel,0
3004.09,5,4,0,9.2,186,Yes,No,Online,Travel,0
1258.7,2,4,1,9.32,2472,No,No,Online,Restaurant,0
11079.43,17,3,0,104.16,2079,No,No,Online,Travel,0
3083.41,7,0,2,30.76,1210,No,No,POS,Grocery,0
4946.17,0,3,0,38.7,1927,No,No,POS,Grocery,0
5047.52,0,1,0,20.65,1193,Yes,No,POS,Other,0
1026.16,13,3,0,50.69,1372,Yes,No,Online,Grocery,0
2792.57,20,3,1,36.15,631,Yes,No,POS,Other,0
5854.61,8,0,0,28.65,1040,Yes,Yes,ATM,Electronics,0
8582.89,23,1,0,29.13,1993,Yes,No,Transfer,Grocery,0
2835.71,9,1,0,12.76,725,Yes,No,ATM,Fuel,0
1199.69,17,4,1,12.05,2383,Yes,No,POS,Travel,1
2327.7,5,6,1,30.28,1054,Yes,No,Online,Grocery,1
2747.49,14,6,0,46.64,2770,No,No,Online,Other,0
2672.11,6,1,1,59.88,307,Yes,No,Online,Grocery,0
1825.11,18,2,1,41.35,1058,No,Yes,ATM,Fuel,0
1091.27,10,5,0,64.8,913,Yes,Yes,ATM,Fuel,0
1478.85,1,2,0,57.69,1716,Yes,No,POS,Restaurant,0
2342.9,5,3,1,22.26,1528,Yes,No,POS,Other,0
5791.17,8,2,1,75.76,203,Yes,No,Online,Other,0
7270.57,11,1,0,25.81,1548,No,No,POS,Electronics,0
3883.81,6,1,1,24.44,1603,Yes,No,Online,Jewellery,0
1513.85,13,5,0,38.89,1735,Yes,Yes,Online,Other,0
2444.68,23,4,0,59.78,1607,Yes,No,Online,Restaurant,0
560.39,17,1,1,14.78,2184,No,No,POS,Grocery,0
8687.33,7,1,0,25.7,2163,Yes,No,Online,Other,0
2166.56,16,2,1,22.09,358,Yes,No,POS,Electronics,0
4672.46,23,2,0,10.87,1916,No,No,POS,Electronics,0
6946.39,5,1,1,14.74,2551,No,No,Online,Grocery,0
10225.53,5,3,0,11.37,1403,No,No,POS,Restaurant,0
6211.53,0,8,1,37.48,1103,Yes,Yes,ATM,Other,0
2659.84,20,5,0,21.24,1568,No,No,POS,Other,0
5098.37,19,1,0,18.49,581,Yes,No,ATM,Grocery,0
9989.69,9,3,1,34.35,1366,Yes,No,Transfer,Grocery,0
2150.86,20,4,0,35.03,546,Yes,No,POS,Fuel,0
24606.67,3,15,7,232.68,149,No,Yes,Online,Electronics,1
1836.6,23,4,0,3.37,2419,No,No,POS,Fuel,0
4873.78,22,1,0,49.77,2761,Yes,No,Online,Electronics,0
2710.42,23,3,0,10.28,1439,Yes,No,POS,Other,0
3372.1,9,3,1,32.51,2801,Yes,No,ATM,Fuel,0
5428.77,15,6,0,9.53,780,No,Yes,Online,Fuel,0
1804.26,4,1,0,40.97,765,Yes,No,Online,Grocery,0
46576.1,4,13,3,222.88,126,No,Yes,Transfer,Jewellery,1
2412.87,7,5,0,36.56,1867,No,No,Online,Jewellery,1
9738.18,10,4,0,13.64,1762,Yes,No,POS,Electronics,0
6085.79,14,1,0,4.8,1090,Yes,Yes,Online,Restaurant,0
2724.23,18,4,1,14.03,1906,Yes,No,Online,Grocery,0
2612.79,17,3,0,35.06,2822,Yes,No,Online,Travel,0
10437.71,22,0,1,20.82,751,Yes,No,ATM,Travel,0
9905.29,17,5,0,44.51,2286,Yes,Yes,Online,Other,0
4852.25,19,4,0,23.29,1205,Yes,No,Online,Grocery,0
3483.7,13,0,2,31.29,1059,Yes,No,Online,Electronics,0
1278.67,9,1,0,5.92,927,Yes,No,Online,Electronics,1
1849.62,21,1,0,35.17,2586,Yes,No,Transfer,Electronics,0
1196.62,9,1,0,48.17,745,No,No,Online,Fuel,1
7125.59,14,0,0,3.32,1285,Yes,No,POS,Electronics,0
1295.86,6,3,0,7.77,2697,No,No,Online,Grocery,0
2588.03,11,2,0,83.93,1468,Yes,No,Transfer,Electronics,0
672.53,8,3,0,30.32,394,Yes,No,POS,Other,0
952.05,6,1,0,21.16,2928,No,No,ATM,Grocery,0
5593.32,19,1,1,18.94,277,Yes,No,ATM,Grocery,1
4362.85,18,4,1,1.13,2690,Yes,No,POS,Grocery,0
3572.83,16,3,0,40.49,1146,No,No,ATM,Restaurant,0
2623.78,1,0,0,20.11,1957,Yes,No,Online,Travel,0
843.25,5,1,2,26.86,1976,Yes,No,Transfer,Grocery,0
2367.75,5,2,0,48.56,811,Yes,No,Online,Electronics,0
3116.08,17,5,0,23.12,954,Yes,No,Online,Grocery,0
5345.1,21,1,0,55.22,408,Yes,No,POS,Jewellery,0
6874.17,9,0,0,4.95,614,Yes,No,POS,Grocery,0
5709.23,7,2,1,33.55,173,No,No,POS,Restaurant,0
4345.06,13,3,1,16.22,173,No,Yes,Online,Fuel,0
3534.41,23,6,0,34.61,1255,Yes,No,POS,Electronics,0
4056.32,8,4,0,20.88,2499,Yes,No,ATM,Restaurant,0
2248.99,6,2,1,57.97,1185,No,No,POS,Travel,0
3750.44,12,2,0,42.47,2211,Yes,No,Online,Electronics,1
3103.19,21,5,0,16.73,986,No,No,Transfer,Electronics,0
59830.47,23,17,4,442.77,76,No,Yes,Transfer,Jewellery,1
4127.35,12,4,0,33.21,1568,Yes,No,POS,Grocery,0
514.61,17,2,0,22.09,2202,Yes,No,POS,Fuel,0
2520.59,0,6,1,29.7,2040,No,No,Transfer,Travel,1
2861.07,18,7,2,38.1,2526,Yes,No,Transfer,Grocery,0
6219.89,2,6,0,49.46,1665,Yes,No,Online,Travel,0
4491.74,9,5,0,19.53,805,Yes,No,Online,Fuel,0
4339.12,8,4,0,11.88,260,Yes,No,Online,Jewellery,0
8088.45,16,4,1,58.46,2374,No,No,Online,Grocery,0
9934.33,5,3,0,48.5,612,Yes,No,Online,Electronics,0
5587.89,5,5,0,35.06,318,Yes,No,POS,Restaurant,0
2666.72,21,5,0,39.97,1282,Yes,No,ATM,Fuel,0
2726.65,11,1,0,24.3,2800,Yes,No,ATM,Restaurant,0
7434.52,17,4,0,39.05,970,Yes,No,ATM,Fuel,0
2720.52,13,0,1,65.48,1698,No,No,POS,Restaurant,0
3367.08,14,2,1,10.51,1401,No,No,POS,Restaurant,0
2480.16,16,1,0,13.07,2293,Yes,No,Transfer,Grocery,0
1492.07,16,2,0,42.63,2450,Yes,No,POS,Fuel,0
12474.82,21,6,0,2.47,1466,Yes,No,POS,Other,0
3383.35,18,2,0,68.23,1308,Yes,No,POS,Grocery,0
8828.43,7,4,0,77.87,1206,Yes,No,POS,Grocery,0
2747.86,4,0,0,11.97,2122,Yes,No,POS,Grocery,0
2165.61,20,4,0,12.14,2120,Yes,Yes,POS,Fuel,0
5279.11,8,4,0,0.97,787,Yes,No,Online,Travel,0
6855.18,7,2,0,11.87,995,Yes,No,POS,Fuel,0
7141.42,2,1,1,25.49,2155,No,Yes,POS,Other,0
3086.06,13,3,0,4.47,1803,No,No,Online,Electronics,0
5646.18,12,4,1,52.17,2198,Yes,No,POS,Travel,1
2350.11,19,1,1,49.5,13,Yes,No,POS,Fuel,0
75064.04,4,21,2,469.96,58,No,Yes,Transfer,Electronics,1
2873.75,17,5,1,16.03,2515,Yes,No,Online,Fuel,0
2562.81,12,3,0,14.18,2677,Yes,No,Online,Other,0
3825.43,20,5,0,41.0,509,Yes,No,POS,Restaurant,0
1459.46,23,5,1,60.43,1694,No,No,Transfer,Grocery,0
6495.53,19,3,0,15.93,1844,Yes,No,POS,Electronics,0
2570.63,8,6,0,61.71,874,No,No,POS,Electronics,0
6297.54,6,0,0,35.6,2567,Yes,No,POS,Travel,0
1722.85,0,4,1,62.89,187,Yes,No,Online,Restaurant,0
2563.93,23,3,0,19.52,2044,Yes,No,Online,Restaurant,0
1455.36,17,7,0,7.92,1718,Yes,No,ATM,Travel,0
1410.08,22,1,1,62.94,1426,No,No,Online,Jewellery,0
1910.32,18,4,0,14.76,2315,Yes,No,POS,Fuel,0
1744.41,10,2,0,53.06,1518,No,No,Online,Grocery,0
1465.58,3,2,0,2.51,211,Yes,No,POS,Grocery,1
3541.66,1,2,0,26.65,1323,No,No,ATM,Grocery,0
5211.07,19,1,0,35.89,2801,No,No,POS,Restaurant,0
62464.39,3,19,6,359.31,111,No,Yes,Online,Electronics,1
784.54,9,0,1,30.86,188,Yes,Yes,Transfer,Restaurant,0
29440.83,23,16,6,204.67,122,No,Yes,Online,Travel,1
2656.3,11,6,0,22.19,335,Yes,No,POS,Restaurant,0
8180.39,22,6,1,33.38,2869,Yes,Yes,Online,Travel,0
2941.28,13,4,2,59.15,1630,Yes,No,POS,Electronics,0
3336.31,19,3,0,14.69,2164,Yes,No,POS,Restaurant,0
1064.9,3,5,0,42.38,2101,No,No,POS,Jewellery,1
1870.95,9,1,1,8.18,2697,Yes,No,Transfer,Restaurant,0
1007.58,4,5,0,37.93,2996,Yes,Yes,Online,Restaurant,1
3702.25,1,4,1,17.37,2615,No,No,POS,Grocery,0
8346.04,23,1,0,12.66,2035,Yes,No,Online,Travel,0
1922.45,12,3,0,32.85,1072,Yes,No,ATM,Travel,1
2958.42,8,2,0,65.96,975,Yes,No,Online,Restaurant,0
1753.16,9,2,0,11.01,1095,Yes,No,POS,Grocery,0
2210.7,5,3,0,9.0,2910,Yes,No,Transfer,Fuel,0
69848.99,3,21,2,170.39,166,No,Yes,Transfer,Travel,1
10878.29,21,4,0,13.15,134,Yes,No,POS,Electronics,0
8085.75,2,3,2,27.11,283,No,No,ATM,Grocery,0
9613.3,9,8,0,19.32,1674,Yes,No,POS,Travel,0
6333.99,3,3,1,9.12,143,Yes,No,POS,Grocery,0
2930.13,22,3,3,14.88,2049,Yes,No,POS,Grocery,0
2645.77,4,3,0,53.54,17,Yes,No,ATM,Grocery,0
1931.57,9,4,0,21.27,2005,Yes,Yes,Online,Electronics,0
308.66,18,1,0,25.55,1591,Yes,No,Transfer,Grocery,0
2896.44,13,3,0,12.68,2007,Yes,No,Online,Grocery,0
8421.34,9,4,0,32.68,1620,No,No,Online,Fuel,0
8360.73,13,0,0,43.76,1196,Yes,No,ATM,Restaurant,0
13426.57,10,2,0,28.82,242,Yes,No,POS,Grocery,0
3951.19,6,2,0,20.46,1791,Yes,No,Online,Fuel,0
1277.56,14,3,0,49.44,540,Yes,No,POS,Fuel,0
29557.32,2,23,2,343.19,97,No,Yes,Transfer,Jewellery,1
10952.18,23,5,0,58.15,2227,Yes,No,POS,Fuel,0
9126.56,11,3,1,39.63,2842,Yes,No,Online,Fuel,0
2426.22,18,3,1,20.05,1600,Yes,No,Transfer,Restaurant,0
1381.92,5,4,1,6.16,2767,Yes,No,POS,Jewellery,0
1349.69,15,2,1,40.41,2338,No,No,Transfer,Fuel,0
2029.08,13,0,1,58.4,2496,Yes,No,Online,Restaurant,0
2271.95,17,1,0,10.65,609,No,No,Online,Fuel,0
2773.03,11,4,0,24.3,2339,Yes,No,Online,Electronics,0
5429.45,17,2,0,40.08,1719,Yes,No,POS,Travel,0
2703.63,1,2,0,20.19,2361,No,No,POS,Travel,0
3600.63,16,3,1,26.57,726,Yes,No,POS,Electronics,0
945.83,18,8,1,74.54,775,Yes,No,POS,Fuel,0
1933.51,11,1,0,32.31,2881,Yes,No,POS,Jewellery,0
1864.41,0,1,1,13.16,1230,No,No,POS,Electronics,0
806.62,13,2,0,26.23,2773,No,No,Online,Travel,1
2653.95,18,3,0,26.58,674,Yes,Yes,Online,Electronics,0
952.04,11,5,1,10.82,984,Yes,Yes,Online,Restaurant,0
62118.67,4,15,3,403.3,118,No,Yes,Online,Travel,1
3797.53,9,2,0,1.79,473,Yes,No,Online,Other,0
8512.29,23,9,1,6.26,1266,Yes,No,ATM,Grocery,0
1790.3,6,1,0,10.56,451,No,Yes,ATM,Electronics,1
3724.31,12,8,0,6.32,443,Yes,No,Online,Fuel,0
2139.21,8,4,0,4.11,537,Yes,No,Online,Grocery,0
905.3,17,4,1,74.65,1077,Yes,No,Transfer,Restaurant,0
26411.94,3,22,7,342.46,171,No,Yes,Transfer,Travel,1
54889.62,3,11,3,417.53,33,No,Yes,Online,Jewellery,1
4816.21,13,5,0,19.09,545,Yes,No,Online,Other,0
9467.88,13,4,1,60.33,2861,Yes,No,POS,Jewellery,0
2507.89,11,2,0,40.43,560,No,No,POS,Other,0
1222.6,6,4,1,18.39,1913,Yes,No,Transfer,Jewellery,0
22508.6,23,22,7,385.97,83,No,Yes,Transfer,Travel,1
1127.87,16,4,1,7.13,176,Yes,No,Online,Grocery,0
7106.77,8,4,2,33.12,2383,Yes,No,POS,Restaurant,0
11218.65,14,5,0,22.58,323,Yes,No,POS,Travel,0
3769.07,9,2,1,74.03,409,No,No,POS,Fuel,0
5530.79,20,4,0,53.82,150,Yes,No,POS,Travel,0
6508.11,16,2,0,6.99,479,No,No,POS,Electronics,0
9867.32,9,8,0,11.68,950,Yes,No,Online,Fuel,0
10927.46,7,2,0,97.47,235,No,No,Online,Fuel,1
638.31,17,3,0,19.01,550,Yes,No,POS,Travel,0
2186.21,0,2,0,6.81,200,No,No,Online,Jewellery,0
3476.32,1,4,0,43.46,671,Yes,No,POS,Other,0
1985.32,2,4,1,66.65,500,Yes,No,POS,Restaurant,0
2825.01,8,2,0,21.82,854,Yes,No,POS,Restaurant,0
4608.38,11,1,2,36.32,2389,Yes,No,Online,Restaurant,0
4524.16,7,2,0,24.47,363,Yes,No,Online,Grocery,0
6371.36,4,4,0,43.88,2955,No,No,POS,Other,0
3531.41,7,4,0,13.11,1538,Yes,No,POS,Other,0
344.21,11,3,1,31.21,622,Yes,No,Online,Fuel,0
2653.96,7,3,0,52.82,493,Yes,No,Online,Restaurant,0
4307.47,13,1,1,18.44,554,Yes,No,Online,Electronics,0
6668.18,9,3,0,50.04,2300,Yes,No,POS,Restaurant,0
6056.61,22,6,0,42.3,504,Yes,Yes,Online,Fuel,0
3199.68,23,2,0,8.91,1660,No,No,POS,Other,0
2077.39,15,3,0,13.54,140,Yes,No,Online,Other,0
3307.41,13,5,0,46.23,1334,Yes,No,POS,Restaurant,0
736.35,0,2,0,13.4,2523,Yes,No,POS,Grocery,0
2236.73,14,7,0,1.88,2407,Yes,No,Online,Grocery,0
7473.86,9,5,0,29.34,1535,No,No,Online,Electronics,1
3300.21,6,5,0,27.66,785,Yes,No,POS,Restaurant,0
4433.08,19,3,0,44.45,997,Yes,No,POS,Grocery,0
1086.33,1,5,0,63.16,990,Yes,No,Online,Grocery,0
6638.77,6,5,0,27.8,636,Yes,No,Online,Electronics,0
3083.19,18,1,1,33.78,1991,No,No,POS,Other,0
4331.34,22,3,0,6.43,532,Yes,No,Online,Other,0
4987.99,12,0,0,19.43,2895,No,No,Transfer,Other,0
77625.0,0,20,3,124.81,40,No,Yes,Online,Travel,1
3888.72,23,2,0,39.36,1876,No,No,Online,Other,0
3135.64,2,3,0,64.93,2001,Yes,No,ATM,Other,0
1308.02,11,2,0,19.29,1972,No,No,ATM,Other,1
999.18,5,0,2,16.86,1981,Yes,No,POS,Electronics,0
3834.88,11,3,0,16.46,1354,No,No,POS,Fuel,0
4350.58,21,2,0,51.67,391,Yes,No,Online,Restaurant,0
4846.73,14,4,0,22.48,1860,Yes,No,POS,Fuel,0
1799.25,23,3,0,6.21,642,Yes,Yes,POS,Fuel,0
2252.67,12,2,1,24.13,618,No,No,ATM,Travel,1
3787.16,20,5,1,17.22,2456,Yes,No,Online,Restaurant,0
2472.76,4,3,1,53.97,426,No,No,POS,Electronics,0
14119.89,7,6,0,93.56,1608,Yes,No,POS,Grocery,0
2216.12,6,2,0,6.42,1100,Yes,No,Online,Travel,0
4555.38,18,1,0,40.33,541,No,No,POS,Grocery,0
5937.67,12,7,0,59.53,2862,Yes,No,POS,Fuel,0
6178.12,5,7,0,46.26,1958,Yes,No,ATM,Grocery,0
2440.33,4,2,2,17.03,1450,Yes,Yes,Transfer,Travel,0
5004.29,9,2,0,20.64,2527,No,No,POS,Fuel,0
4597.09,3,1,2,27.03,1036,No,No,Online,Travel,0
5148.89,16,3,0,14.61,992,Yes,No,POS,Jewellery,0
3752.37,20,1,0,31.48,111,Yes,No,Transfer,Electronics,0
5965.59,23,0,0,68.03,2287,Yes,Yes,POS,Grocery,0
4067.2,5,0,1,39.93,2901,Yes,No,POS,Grocery,0
1176.64,10,1,0,4.7,2523,Yes,Yes,POS,Electronics,0
3983.84,12,4,0,24.55,66,No,No,POS,Grocery,0
4310.73,11,5,0,87.04,1049,Yes,No,Online,Electronics,0
5694.47,10,7,0,13.02,2877,Yes,No,POS,Travel,0
3838.07,5,2,0,46.16,2773,No,Yes,Online,Electronics,1
10018.08,2,3,0,8.97,639,No,No,Online,Travel,1
68095.39,23,18,5,168.27,132,No,Yes,Transfer,Jewellery,1
2346.31,2,4,0,20.66,1662,Yes,No,POS,Jewellery,0
8101.26,1,2,2,74.17,329,Yes,No,POS,Grocery,0
3152.5,12,2,1,73.84,1177,No,No,Online,Grocery,0
3594.77,20,4,0,6.68,2274,No,Yes,POS,Other,0
4311.97,12,4,0,23.98,2255,Yes,No,Online,Other,0
40519.5,3,21,2,84.19,22,No,Yes,Online,Jewellery,1
5121.6,20,3,1,45.24,1570,Yes,No,Transfer,Restaurant,0
5476.47,16,3,1,22.83,626,No,No,Transfer,Jewellery,0
2189.45,7,2,2,68.58,2234,No,No,POS,Grocery,0
1402.99,6,4,0,21.49,1970,Yes,No,Online,Restaurant,0
1545.87,21,2,0,30.08,2074,Yes,No,Online,Fuel,0
7539.56,11,2,1,23.17,1525,Yes,No,ATM,Travel,0
2968.22,3,3,0,45.46,1119,Yes,No,POS,Other,0
5902.93,6,0,0,77.5,247,No,No,POS,Electronics,0
5574.58,6,3,0,52.56,2257,Yes,No,POS,Travel,0
3594.24,9,5,0,20.2,2403,No,No,POS,Restaurant,0
1777.87,8,2,0,8.83,1280,Yes,No,Online,Restaurant,0
5663.64,13,5,1,14.55,70,No,No,ATM,Travel,1
3508.91,7,3,1,64.5,1666,No,Yes,POS,Grocery,0
1329.07,15,3,0,30.92,581,Yes,No,POS,Restaurant,0
2488.27,11,3,1,33.37,2781,Yes,No,Online,Travel,0
927.21,22,3,0,50.38,1881,Yes,No,POS,Travel,0
2576.84,19,5,1,27.53,2958,Yes,No,POS,Restaurant,0
3725.28,7,4,0,55.25,2310,No,No,POS,Electronics,0
3251.37,1,4,1,23.37,2642,No,No,POS,Grocery,0
2979.95,14,4,0,19.39,1372,Yes,No,Online,Fuel,0
75353.26,23,19,4,234.46,104,No,Yes,Transfer,Electronics,1
4918.88,21,3,0,2.57,1362,No,No,POS,Restaurant,0
6211.85,9,3,0,31.47,1184,Yes,Yes,Online,Electronics,1
6758.97,6,0,0,48.02,2820,No,No,Online,Restaurant,0
2003.61,8,1,0,47.77,1076,Yes,No,POS,Restaurant,0
36744.22,3,23,2,288.53,96,No,Yes,Online,Electronics,1
3512.76,2,5,2,25.96,1564,Yes,No,POS,Other,0
2746.79,22,6,0,65.6,1649,No,No,POS,Other,0
20669.33,23,14,6,452.92,73,No,Yes,Online,Electronics,1
314.7,20,4,1,9.81,1937,No,No,ATM,Jewellery,0
4693.32,13,1,0,38.95,1382,Yes,No,Online,Other,0
4573.15,13,1,0,10.45,2783,Yes,No,POS,Other,0
2321.76,4,2,0,25.94,2686,Yes,No,POS,Electronics,0
2373.56,17,7,1,58.12,2295,Yes,No,Online,Fuel,0
3167.18,15,5,0,1.35,1079,No,No,POS,Grocery,1
2712.23,11,2,0,29.82,363,Yes,No,POS,Grocery,0
69960.08,4,21,5,251.56,78,No,Yes,Online,Jewellery,1
78458.61,0,15,4,424.28,57,No,Yes,Online,Jewellery,1
7240.22,11,3,2,82.46,483,Yes,No,POS,Travel,1
2478.82,23,2,0,21.93,1869,Yes,Yes,ATM,Electronics,0
4555.87,0,3,2,43.73,1331,Yes,No,POS,Grocery,0
5163.83,6,1,0,6.79,2325,Yes,No,POS,Electronics,0
4708.66,20,4,0,34.57,2564,No,No,ATM,Grocery,0
5348.9,19,4,0,11.41,302,No,No,POS,Jewellery,0
4673.66,8,3,0,12.84,1454,Yes,No,Online,Other,0
2158.07,12,4,0,24.49,2762,Yes,No,POS,Other,0
2824.85,0,2,1,13.0,1151,Yes,No,POS,Grocery,0
7116.29,4,3,1,35.69,2382,Yes,Yes,Online,Jewellery,0
2425.42,22,0,0,27.61,2227,Yes,No,POS,Fuel,0
3516.28,15,2,1,15.91,2544,Yes,No,Online,Travel,0
4933.23,0,0,0,14.81,228,Yes,Yes,Online,Electronics,0
8797.75,19,5,0,40.26,2643,No,No,ATM,Fuel,0
6714.98,9,2,0,47.5,53,No,No,POS,Travel,0
1721.7,13,1,0,29.77,296,No,No,Online,Jewellery,0
4459.22,20,4,2,44.78,549,Yes,No,Online,Jewellery,0
4119.53,20,3,0,10.2,2396,Yes,No,ATM,Grocery,0
2842.63,3,2,0,11.78,451,Yes,No,ATM,Grocery,0
3588.32,8,2,1,16.47,2103,Yes,Yes,POS,Restaurant,0
2142.0,6,0,0,9.37,882,No,No,POS,Jewellery,0
3126.72,21,2,0,1.59,2044,Yes,No,POS,Electronics,0
2442.18,18,3,1,22.45,2092,Yes,No,Online,Jewellery,0
3777.48,15,5,0,14.01,1153,Yes,No,POS,Other,0
2767.53,1,6,0,19.39,2890,No,No,Transfer,Fuel,1
57459.66,1,17,5,419.01,174,No,Yes,Online,Travel,1
3863.74,13,1,0,18.56,252,No,No,POS,Electronics,0
3371.34,6,2,0,27.43,1830,Yes,No,Online,Jewellery,0
3009.44,10,4,0,43.26,173,Yes,No,ATM,Electronics,0
2772.92,10,3,0,62.5,864,No,No,POS,Restaurant,0
1329.34,7,3,0,21.58,1544,Yes,No,POS,Fuel,0
5893.85,21,2,1,13.77,2752,Yes,No,Online,Grocery,0
43491.48,2,9,5,155.73,175,No,Yes,Online,Electronics,1
2414.8,1,2,0,102.95,1828,Yes,No,POS,Grocery,0
7092.75,22,5,0,46.79,1597,No,No,POS,Grocery,0
14032.53,9,1,0,30.75,1083,Yes,No,Online,Other,0
10971.97,19,3,1,7.31,2486,Yes,No,ATM,Restaurant,0
7883.09,18,6,0,2.04,73,Yes,No,ATM,Travel,0
1469.92,14,3,0,4.45,486,No,No,POS,Fuel,0
1456.07,17,5,1,17.01,489,No,No,POS,Restaurant,0
5331.97,16,2,0,14.39,1870,Yes,No,Transfer,Other,0
3540.44,20,1,0,13.4,879,Yes,No,Online,Fuel,0
62929.17,23,11,5,498.81,28,No,Yes,Online,Jewellery,1
2622.53,17,1,0,52.39,494,No,No,Online,Restaurant,0
5179.34,23,2,0,7.25,1983,Yes,No,Online,Electronics,0
3158.67,22,3,1,9.76,1640,No,No,Online,Restaurant,0
3552.46,3,3,1,10.11,1616,Yes,No,POS,Grocery,0
1454.31,11,1,0,16.59,2166,Yes,No,Online,Other,0
2598.06,12,2,0,4.6,1562,No,No,POS,Grocery,0
5346.67,14,3,0,38.17,2653,Yes,No,ATM,Restaurant,0
83692.85,23,23,3,137.28,98,No,Yes,Online,Electronics,1
80321.52,2,22,6,270.34,129,No,Yes,Transfer,Jewellery,1
3608.31,12,6,0,26.33,960,No,No,POS,Grocery,0
4681.7,16,2,0,19.21,1739,Yes,No,POS,Jewellery,0
5268.37,21,1,1,47.38,554,Yes,No,Online,Electronics,0
5132.26,2,3,0,61.25,726,Yes,No,POS,Fuel,0
1683.12,15,4,1,8.04,2878,Yes,No,POS,Electronics,0
1922.37,8,5,0,13.03,2622,Yes,No,Online,Other,1
588.65,21,4,0,10.73,1224,Yes,No,POS,Restaurant,0
2817.79,13,7,0,6.17,954,No,No,POS,Grocery,0
1812.69,14,4,0,42.03,1856,Yes,No,ATM,Other,0
2452.03,18,1,0,35.63,2112,Yes,No,POS,Restaurant,0
3027.99,5,3,1,13.42,108,Yes,No,ATM,Fuel,0
3934.94,13,1,0,12.94,2245,Yes,No,Online,Other,0
3191.94,18,3,0,30.07,120,No,No,Online,Electronics,0
3151.05,18,2,0,20.35,143,Yes,No,POS,Travel,0
4439.61,5,0,1,30.54,1424,Yes,Yes,POS,Fuel,0
3446.29,20,0,0,15.46,1955,No,No,ATM,Other,0
6172.74,3,5,1,28.19,1037,Yes,Yes,Online,Fuel,1
3453.84,6,3,0,49.1,2794,Yes,No,POS,Jewellery,0
8831.66,20,1,1,22.89,1243,Yes,Yes,POS,Travel,0
1630.51,14,4,0,72.67,2084,Yes,Yes,POS,Restaurant,0
58730.36,23,8,3,498.99,136,No,Yes,Transfer,Travel,1
2171.33,13,4,0,21.33,1435,Yes,No,Online,Electronics,1
4038.0,23,6,1,39.75,883,Yes,No,Online,Fuel,0
1629.68,5,4,0,33.84,1213,Yes,No,ATM,Grocery,0
1095.2,7,4,1,39.23,1122,Yes,No,POS,Electronics,0
1878.63,11,4,0,27.46,458,Yes,Yes,POS,Electronics,0
1161.86,20,3,0,70.07,2246,Yes,No,POS,Electronics,0
3056.2,13,2,0,43.1,682,Yes,No,Online,Electronics,0
3927.32,17,7,0,25.73,17,Yes,No,POS,Fuel,0
960.6,19,3,0,31.14,2668,No,No,Transfer,Grocery,0
2660.23,21,3,0,96.74,2099,Yes,No,POS,Travel,0
6703.48,11,3,0,20.84,1176,Yes,No,POS,Other,0
7948.71,10,0,1,31.71,2221,No,No,POS,Electronics,0
5622.12,1,3,1,69.61,495,No,No,Online,Fuel,0
391.33,1,4,1,9.72,1086,Yes,No,Online,Fuel,0
3691.44,11,2,0,17.37,1201,Yes,No,POS,Fuel,0
7201.32,17,0,1,51.47,1415,Yes,No,POS,Electronics,0
2471.11,20,3,0,12.52,1319,Yes,No,POS,Grocery,0
1348.03,9,4,0,20.65,1281,Yes,Yes,POS,Fuel,0
6863.25,13,2,0,30.32,1024,Yes,No,POS,Other,0
47954.14,23,16,7,460.88,157,No,Yes,Online,Jewellery,1
3429.07,7,3,0,7.16,60,Yes,No,ATM,Grocery,0
1358.27,3,4,0,48.66,50,Yes,No,Online,Grocery,0
857.69,22,3,0,28.16,1108,No,No,Online,Other,0
4313.05,13,0,0,29.7,2027,Yes,No,Online,Restaurant,0
2184.98,3,1,1,4.84,2691,No,No,POS,Fuel,0
3282.67,6,2,0,24.36,2714,Yes,No,Transfer,Fuel,0
3044.76,7,3,1,8.34,831,Yes,No,POS,Restaurant,0
1802.97,4,3,0,74.4,1641,Yes,No,Transfer,Jewellery,0
816.94,10,5,1,19.3,1093,No,No,Transfer,Jewellery,0
2518.7,19,1,0,63.2,200,No,Yes,POS,Electronics,0
3789.8,17,3,0,29.12,2149,No,No,POS,Restaurant,0
3910.32,22,4,0,63.93,145,Yes,No,POS,Restaurant,0
2082.39,20,2,1,3.01,475,No,No,Online,Restaurant,0
7410.17,7,4,1,11.8,2588,Yes,No,POS,Grocery,0
1469.89,1,1,0,60.64,2525,Yes,No,ATM,Fuel,0
6370.88,3,3,0,85.18,1784,Yes,Yes,Transfer,Fuel,1
3708.4,19,2,1,21.66,1640,Yes,No,POS,Fuel,0
2534.72,8,7,0,15.73,2214,No,No,POS,Grocery,0
83563.43,4,12,3,206.23,96,No,Yes,Online,Electronics,1
2918.99,10,5,0,4.06,2224,Yes,No,POS,Jewellery,0
64842.65,4,13,6,140.41,69,No,Yes,Online,Electronics,1
1385.47,12,3,1,26.1,2944,Yes,No,Online,Travel,0
2787.57,21,2,0,24.8,211,Yes,No,Online,Other,0
2298.78,6,0,0,8.29,2211,No,No,Online,Grocery,0
6277.97,18,5,0,13.67,2545,Yes,No,POS,Jewellery,0
2221.96,12,3,2,19.67,101,Yes,No,Online,Restaurant,0
2122.23,4,3,1,2.78,671,Yes,No,POS,Electronics,0
53939.17,4,18,6,463.46,44,No,Yes,Online,Travel,1
1799.86,7,8,0,33.41,1313,Yes,No,POS,Travel,0
1844.81,3,1,0,40.03,513,Yes,No,POS,Restaurant,0
1221.91,22,2,2,37.29,1527,Yes,No,POS,Restaurant,0
3814.52,5,2,0,22.9,2871,Yes,No,Online,Jewellery,0
3093.11,14,1,1,73.83,81,Yes,No,Online,Jewellery,1
3004.01,13,2,1,16.38,2654,Yes,No,POS,Other,0
903.51,12,4,0,36.72,2114,Yes,No,POS,Travel,0
4426.64,15,1,0,7.78,1325,Yes,No,Online,Fuel,0
4720.3,21,3,0,7.97,1632,Yes,No,POS,Grocery,0
8566.51,23,1,0,34.57,471,No,No,Online,Grocery,0
4554.98,20,3,0,10.35,2727,Yes,Yes,Transfer,Electronics,0
9657.03,11,1,1,34.26,148,No,No,POS,Grocery,0
2046.02,17,3,0,35.74,401,Yes,No,Online,Jewellery,0
8856.13,4,1,0,79.31,2122,Yes,No,POS,Restaurant,0
4651.9,21,5,0,7.23,513,Yes,No,Online,Jewellery,0
4274.44,4,3,0,6.01,248,No,No,ATM,Other,0
2950.88,2,6,0,27.23,783,Yes,No,ATM,Other,0
2527.45,19,5,0,59.36,1711,No,No,POS,Travel,1
2163.24,18,2,0,26.17,921,Yes,No,ATM,Grocery,0
9045.09,3,5,1,141.83,2526,No,No,POS,Grocery,0
2885.45,23,1,0,33.7,2828,No,No,Online,Fuel,0
4706.72,2,2,1,31.81,1258,No,No,Online,Grocery,0
5391.81,1,5,0,19.54,1707,Yes,No,Online,Electronics,0
5342.46,22,1,0,37.86,1803,Yes,No,POS,Other,0
3826.27,5,5,0,57.97,818,Yes,No,ATM,Other,0
8753.83,5,0,0,29.22,1449,Yes,No,POS,Restaurant,0
4467.14,19,3,1,53.94,652,Yes,No,POS,Travel,0
2122.82,14,3,1,28.96,2899,No,No,POS,Restaurant,0
2612.75,12,4,0,6.63,1571,Yes,No,POS,Other,0
948.48,23,5,0,5.16,1271,Yes,No,POS,Restaurant,0
4108.16,2,4,2,43.78,611,Yes,Yes,POS,Jewellery,0
4966.12,22,3,1,29.88,445,Yes,No,Online,Electronics,0
5246.77,6,1,1,56.5,250,No,No,ATM,Electronics,0
4651.95,14,7,0,44.99,908,No,No,POS,Electronics,0
2958.06,7,4,1,5.12,1875,Yes,Yes,ATM,Grocery,0
3355.15,7,4,1,16.96,2805,Yes,No,Online,Fuel,0
3361.88,7,9,0,10.71,2008,Yes,No,POS,Restaurant,0
6292.05,13,1,0,25.25,494,Yes,No,POS,Jewellery,0
653.16,21,6,0,23.34,231,Yes,No,ATM,Fuel,0
2405.02,2,5,0,4.51,1551,Yes,No,Online,Electronics,0
1540.89,15,5,1,15.5,1521,Yes,Yes,POS,Electronics,0
61341.7,3,23,4,252.74,54,No,Yes,Transfer,Electronics,1
7090.18,17,4,0,35.93,1719,Yes,No,Online,Grocery,0
2479.09,23,7,0,24.27,328,No,No,ATM,Travel,0
1118.49,0,3,1,13.48,1909,No,No,Online,Travel,0
1388.71,8,2,1,11.53,2953,Yes,No,POS,Grocery,0
6237.92,10,5,0,4.38,34,Yes,No,POS,Grocery,0
924.16,12,2,1,43.66,833,Yes,No,POS,Grocery,0
3392.57,7,4,0,44.55,2384,Yes,No,Online,Restaurant,0
5601.11,6,1,0,60.38,2199,Yes,No,Online,Restaurant,1
1281.3,20,3,0,14.7,1590,Yes,No,Online,Electronics,0
3367.66,5,3,1,73.74,2801,No,No,Online,Other,0
2508.96,22,5,0,44.23,1243,Yes,No,Online,Electronics,0
2277.43,0,4,0,48.51,1999,Yes,No,POS,Jewellery,0
2002.06,10,2,0,18.45,1323,No,No,POS,Travel,0
5900.02,14,2,1,17.35,2906,No,Yes,Online,Other,0
8045.07,23,2,1,40.21,1364,No,No,POS,Grocery,0
2796.1,18,3,0,61.91,349,No,Yes,POS,Grocery,0
4286.69,0,5,0,73.95,2554,No,No,POS,Travel,0
3421.09,17,3,1,66.73,1232,Yes,No,Online,Jewellery,0
734.55,7,3,0,35.3,2066,No,No,POS,Restaurant,0
2718.45,20,2,0,7.77,1222,No,No,POS,Electronics,1
608.99,18,7,1,46.89,865,Yes,No,POS,Grocery,0
2359.03,4,4,0,11.46,753,Yes,No,Online,Fuel,0
3304.04,8,1,0,91.96,47,Yes,No,Online,Restaurant,0
5315.85,19,4,0,65.04,281,Yes,No,Online,Fuel,0
4034.52,22,2,0,26.05,1136,Yes,No,Transfer,Restaurant,0
5997.59,14,2,0,28.38,2328,Yes,No,POS,Grocery,0
1764.13,5,2,0,40.82,577,Yes,No,POS,Electronics,0
7415.82,9,6,0,27.65,2093,Yes,No,ATM,Restaurant,0
25329.32,0,20,5,383.63,66,No,Yes,Transfer,Travel,1
580.2,14,2,0,25.63,2069,No,No,POS,Jewellery,0
877.69,4,3,1,17.22,1926,No,No,Online,Other,0
3250.53,6,1,0,11.53,2557,Yes,No,POS,Grocery,0
2231.73,4,4,0,18.1,974,No,No,ATM,Grocery,0
2493.05,11,2,0,30.47,2011,Yes,No,ATM,Travel,0
4010.09,10,1,0,10.6,2590,Yes,No,Transfer,Other,0
6150.21,13,5,0,51.86,1985,Yes,No,POS,Electronics,0
1692.88,22,3,0,30.64,2946,Yes,No,POS,Electronics,0
6807.08,15,1,2,21.24,2468,Yes,No,POS,Fuel,0
1975.07,14,3,0,10.13,1415,Yes,No,Online,Fuel,0
11914.47,8,1,0,55.52,2320,No,No,POS,Grocery,0
7449.42,15,4,0,71.56,1422,No,No,POS,Electronics,0
2129.81,22,3,0,1.49,2726,Yes,No,POS,Restaurant,0
1139.89,0,1,0,28.74,244,Yes,No,Transfer,Restaurant,0
2093.32,8,2,1,62.86,2975,No,No,ATM,Electronics,0
1882.64,1,2,1,41.16,2636,No,No,Online,Electronics,0
4896.22,4,1,0,5.21,904,No,No,Online,Jewellery,0
594.33,1,2,0,20.14,438,Yes,No,ATM,Other,0
887.38,14,4,0,8.98,1743,No,No,POS,Restaurant,0
4806.01,19,2,0,10.45,1889,No,No,POS,Electronics,0
1821.74,22,1,0,26.65,1121,Yes,No,POS,Other,0
2381.4,5,1,1,37.5,1939,No,No,POS,Other,0
5584.81,16,3,0,15.32,1607,No,No,Online,Restaurant,0
6325.52,7,2,0,24.62,1042,Yes,No,POS,Other,0
7224.95,7,4,1,37.44,1444,Yes,No,Online,Other,0
5286.99,14,1,1,5.39,306,No,No,Online,Travel,0
2888.72,16,3,0,10.32,1636,Yes,Yes,POS,Fuel,0
2720.86,14,4,0,12.18,1966,No,No,POS,Restaurant,0
2499.1,2,3,1,18.42,2894,Yes,No,ATM,Grocery,0
1285.33,9,5,1,20.49,1032,Yes,No,Online,Fuel,0
1639.8,6,3,0,27.22,272,Yes,No,Online,Electronics,0
6638.35,0,7,0,15.38,467,Yes,No,POS,Restaurant,0
1964.44,0,2,0,39.57,2638,Yes,Yes,Online,Electronics,0
1292.08,10,8,0,16.58,2742,Yes,No,POS,Travel,0
6989.58,2,9,0,7.83,2357,Yes,No,POS,Restaurant,1
3847.33,17,2,1,13.75,1464,Yes,Yes,POS,Grocery,0
9167.95,1,1,1,8.93,2947,Yes,No,POS,Jewellery,0
8566.13,5,3,1,2.13,2104,Yes,No,Transfer,Jewellery,0
1386.66,23,4,0,85.17,681,Yes,Yes,Online,Travel,0
3103.34,17,3,0,2.09,908,Yes,No,POS,Other,0
1544.71,13,3,1,17.52,2836,Yes,No,Online,Electronics,1
1533.99,0,1,0,24.28,452,Yes,No,POS,Grocery,0
2446.82,1,5,0,23.54,2159,Yes,No,POS,Jewellery,0
4989.78,21,3,0,1.76,113,No,No,POS,Electronics,0
5009.08,19,2,0,26.5,2098,No,No,POS,Other,0
4611.51,22,3,0,55.37,1040,No,No,POS,Restaurant,0
2882.43,19,2,0,5.33,58,Yes,No,ATM,Grocery,0
5184.5,0,2,0,26.0,160,Yes,Yes,Online,Electronics,0
1276.27,19,4,0,26.49,567,Yes,No,ATM,Grocery,0
3889.08,10,3,0,21.57,2970,Yes,No,POS,Other,0
3377.58,16,2,0,93.78,2922,Yes,No,POS,Grocery,0
2760.9,9,4,0,21.06,707,Yes,No,Online,Electronics,0
3990.78,17,5,0,14.23,907,Yes,No,Online,Grocery,0
543.51,20,2,0,3.74,386,Yes,No,Online,Electronics,0
1568.9,23,3,0,61.43,1505,Yes,No,Online,Restaurant,0
4731.4,12,4,0,8.78,2465,No,No,POS,Grocery,0
3317.27,6,1,0,29.37,1603,No,No,Online,Fuel,0
962.49,14,3,0,66.44,2399,Yes,Yes,ATM,Restaurant,1
3264.82,11,1,0,35.07,2915,Yes,No,Online,Fuel,0
2248.42,4,6,0,4.88,2990,No,No,ATM,Fuel,0
6744.48,17,2,0,41.18,1002,Yes,No,POS,Fuel,0
1354.25,1,4,1,13.36,739,Yes,No,POS,Jewellery,1
1394.24,9,4,0,38.71,1471,No,No,ATM,Other,0
4336.75,16,4,0,84.68,153,No,No,Online,Electronics,0
2964.64,22,2,0,36.13,1356,Yes,No,Online,Other,0
2864.72,14,2,0,23.09,2172,Yes,Yes,POS,Grocery,0
11957.12,23,0,0,11.83,588,No,No,POS,Restaurant,0
5102.19,19,6,3,8.3,2425,No,Yes,POS,Fuel,0
2610.88,5,3,1,35.68,2564,Yes,No,POS,Grocery,0
858.07,20,3,0,63.57,1056,Yes,Yes,ATM,Jewellery,0
2505.16,8,4,2,32.86,930,Yes,No,POS,Fuel,0
1242.62,15,1,1,26.15,2808,Yes,No,POS,Grocery,0
1649.42,4,5,0,25.87,2452,No,No,POS,Electronics,0
1693.35,12,2,0,22.29,2317,No,No,POS,Grocery,0
29423.1,1,8,7,130.33,62,No,Yes,Online,Travel,1
1034.07,21,1,1,43.36,1235,No,No,POS,Other,0
5998.92,22,2,0,71.22,2086,Yes,Yes,ATM,Grocery,0
4469.25,19,2,0,66.24,2162,Yes,No,POS,Fuel,0
4425.42,13,4,0,104.38,739,Yes,No,ATM,Travel,0
1597.18,21,2,0,49.61,12,Yes,Yes,POS,Electronics,0
5492.7,2,2,0,44.19,178,No,No,Transfer,Travel,0
1451.56,23,9,1,23.42,1025,Yes,Yes,Online,Grocery,0
8131.14,4,4,2,26.87,1404,Yes,No,Transfer,Travel,0
6501.96,9,2,0,53.76,518,Yes,No,ATM,Jewellery,1
9021.06,21,2,0,18.77,102,Yes,No,Online,Travel,0
3389.84,17,3,1,60.3,922,Yes,No,POS,Grocery,0
2963.14,20,5,2,23.2,2616,Yes,No,POS,Grocery,1
2455.56,16,6,2,28.17,634,No,No,POS,Jewellery,0
18273.1,2,8,6,302.78,20,No,Yes,Online,Travel,1
24786.41,3,11,4,427.8,120,No,Yes,Transfer,Jewellery,1
1254.38,23,1,0,28.93,1868,Yes,No,POS,Electronics,0
7543.8,15,1,1,95.91,2488,Yes,No,POS,Electronics,0
2883.18,16,3,0,15.38,869,Yes,No,ATM,Grocery,0
295.16,10,3,0,12.32,548,Yes,No,Online,Electronics,1
1877.47,22,4,0,11.65,499,No,No,ATM,Electronics,0
6499.17,10,2,0,31.93,1257,Yes,Yes,POS,Fuel,0
32041.45,23,22,7,303.98,67,No,Yes,Transfer,Travel,1
5081.92,4,4,1,36.4,1799,No,No,POS,Restaurant,0
7496.77,16,3,0,4.05,2651,Yes,No,POS,Other,0
729.8,17,3,0,4.55,441,Yes,No,POS,Other,0
1895.19,4,6,1,12.3,1834,No,No,POS,Jewellery,1
3443.07,16,3,0,32.0,1088,No,No,POS,Fuel,0
6623.69,23,5,0,18.42,2074,Yes,No,Transfer,Restaurant,0
1444.9,12,4,0,8.49,594,Yes,No,Online,Fuel,0
2599.48,23,4,1,10.69,60,Yes,No,Online,Grocery,0
3291.96,3,3,1,46.32,1690,Yes,No,POS,Fuel,0
1823.17,9,1,0,71.32,919,Yes,Yes,Online,Grocery,0
3265.79,13,4,0,19.8,2707,No,No,POS,Electronics,0
2952.78,8,2,0,8.78,2193,Yes,Yes,ATM,Restaurant,0
2207.3,2,2,0,33.31,1393,Yes,No,POS,Grocery,0
5483.56,10,1,0,88.16,1151,Yes,No,POS,Grocery,0
4852.96,8,3,1,29.24,2016,No,No,POS,Grocery,0
5643.74,4,3,0,31.25,1385,Yes,No,Online,Grocery,0
5969.87,8,1,0,23.81,2163,No,No,Online,Jewellery,1
8710.09,10,3,0,38.63,2196,Yes,No,Online,Grocery,0
56059.88,2,22,2,488.87,39,No,Yes,Online,Electronics,1
1025.63,11,1,0,37.86,942,Yes,No,POS,Jewellery,0
5182.07,9,2,1,29.49,1887,Yes,No,POS,Fuel,0
2363.01,9,2,0,9.65,1487,Yes,No,ATM,Grocery,0
2144.85,14,2,0,14.59,563,Yes,No,POS,Other,0
1906.36,6,0,1,5.65,699,Yes,No,POS,Grocery,0
5772.53,20,0,0,42.47,41,Yes,No,POS,Other,0
65656.62,0,13,3,96.37,80,No,Yes,Transfer,Travel,1
5949.46,10,3,0,33.47,425,No,No,Online,Other,0
2284.06,1,3,0,19.06,561,No,No,Online,Electronics,0
78114.81,3,13,4,277.99,137,No,Yes,Transfer,Travel,1
997.86,11,1,0,32.82,15,Yes,No,POS,Fuel,0
2806.35,3,3,1,32.31,1573,Yes,No,POS,Grocery,0
730.75,4,3,0,45.68,2793,Yes,No,POS,Electronics,0
2366.31,8,4,0,15.22,1323,Yes,No,POS,Grocery,0
3708.2,18,5,0,29.4,1522,Yes,Yes,Online,Restaurant,0
12652.74,2,5,1,12.02,1847,Yes,No,POS,Electronics,0
6967.26,2,5,1,42.48,1747,No,No,POS,Grocery,0
744.84,13,3,0,13.13,242,Yes,No,POS,Restaurant,0
813.39,11,2,0,96.0,1341,No,No,Online,Electronics,0
1832.92,22,1,0,27.37,2462,Yes,No,POS,Electronics,0
9742.92,18,1,2,18.87,656,Yes,No,POS,Travel,0
777.44,15,6,1,15.82,335,Yes,No,POS,Restaurant,1
1917.8,8,6,0,27.02,1933,No,No,Online,Grocery,0
1909.86,15,2,1,81.22,2053,Yes,No,POS,Grocery,0
4331.38,14,0,1,10.01,2175,Yes,No,POS,Grocery,0
5676.39,6,4,0,43.08,2081,Yes,No,Online,Fuel,0
4884.88,8,4,1,12.47,897,Yes,No,Transfer,Restaurant,0
3927.78,22,3,1,8.5,1708,Yes,No,Online,Travel,1
961.64,12,1,1,36.55,2553,No,No,POS,Grocery,0
3514.79,11,3,0,19.44,532,Yes,No,ATM,Restaurant,0
7633.78,19,3,0,25.5,2080,No,No,POS,Grocery,1
9291.66,6,3,0,34.24,1842,Yes,No,Online,Grocery,0
4252.92,5,4,0,81.21,827,No,No,Online,Other,0
751.63,23,2,0,41.99,2775,No,No,Online,Fuel,1
4302.29,19,4,0,19.4,504,No,No,POS,Fuel,0
2946.13,10,4,0,45.71,2417,Yes,No,POS,Grocery,0
865.88,22,5,0,7.27,1708,Yes,No,POS,Grocery,0
1375.71,8,6,0,22.26,398,No,No,POS,Grocery,0
1596.57,16,5,0,16.95,1327,Yes,No,Online,Restaurant,0
5194.01,0,2,0,108.2,999,No,No,POS,Restaurant,1
9043.73,16,2,0,12.2,1256,No,Yes,Online,Electronics,1
4675.56,4,1,0,41.66,2371,Yes,No,Online,Restaurant,0
61148.14,2,11,5,118.35,162,No,Yes,Online,Jewellery,1
3097.36,19,4,0,11.47,598,No,No,ATM,Fuel,0
2119.19,4,5,0,13.69,2231,Yes,No,POS,Other,0
4762.11,11,3,2,29.03,2147,Yes,No,Online,Fuel,0
3963.72,22,3,0,24.56,290,Yes,No,Online,Restaurant,0
29795.83,3,13,6,137.7,74,No,Yes,Transfer,Electronics,1
3782.76,10,5,0,52.55,29,Yes,No,POS,Other,0
3244.16,2,1,0,21.04,860,Yes,No,POS,Fuel,0
2584.42,6,4,1,49.52,877,Yes,No,Online,Fuel,0
2062.19,14,1,0,26.01,291,Yes,Yes,POS,Travel,0
4250.24,8,3,1,9.69,1992,Yes,Yes,POS,Grocery,0
2167.37,17,5,2,28.18,1386,Yes,No,POS,Grocery,1
11340.84,23,2,0,27.95,2449,Yes,No,Online,Fuel,0
4570.07,14,1,0,123.68,946,Yes,No,POS,Electronics,0
4299.0,14,5,0,66.08,2565,Yes,No,Online,Grocery,0
2862.7,12,2,0,74.76,1531,Yes,No,Online,Restaurant,0
2418.52,4,3,0,24.51,26,Yes,No,Online,Fuel,0
594.53,13,5,0,15.79,915,Yes,No,Transfer,Grocery,0
1811.19,22,2,0,21.39,1092,Yes,No,POS,Travel,0
735.91,16,5,1,20.34,1516,Yes,No,ATM,Restaurant,0
726.41,18,5,0,50.63,2115,No,No,POS,Electronics,0
1206.25,20,2,0,16.72,481,Yes,No,POS,Electronics,0
7124.97,9,3,0,46.2,2422,No,No,Online,Electronics,1
7102.66,8,3,0,56.4,526,Yes,No,POS,Grocery,0
61692.4,1,12,7,114.6,172,No,Yes,Online,Jewellery,1
940.97,11,2,0,7.91,1160,Yes,No,Online,Electronics,0
2336.92,17,1,0,36.68,2812,No,No,Online,Other,0
5159.01,15,1,0,7.02,278,Yes,No,POS,Electronics,0
6200.93,2,4,2,27.45,617,No,No,POS,Grocery,0
3745.08,7,6,0,21.86,2952,Yes,No,Online,Fuel,0
83031.99,2,12,4,354.14,109,No,Yes,Transfer,Jewellery,1
3937.07,4,3,0,18.24,974,Yes,No,Online,Restaurant,0
786.71,18,4,0,16.36,1687,No,No,ATM,Travel,0
1026.46,23,1,0,18.47,607,No,No,Transfer,Travel,1
9281.5,23,3,0,19.78,1050,Yes,Yes,POS,Jewellery,0
3732.76,4,9,2,6.84,2112,Yes,No,POS,Other,1
82915.57,1,10,2,207.74,70,No,Yes,Online,Jewellery,1
4388.53,5,4,0,20.85,1268,Yes,No,POS,Restaurant,0
1534.78,1,5,1,46.25,2014,Yes,No,POS,Restaurant,0
6529.48,14,1,0,35.82,2874,Yes,No,POS,Grocery,0
6080.03,20,2,0,21.69,2528,Yes,Yes,Online,Electronics,1
4969.3,1,6,0,17.45,168,No,No,POS,Restaurant,1
3702.94,15,5,0,6.26,1890,Yes,No,POS,Fuel,0
7573.5,0,5,1,14.92,1442,Yes,No,POS,Fuel,0
8074.28,20,5,0,8.17,1297,No,No,Online,Fuel,0
1567.89,1,3,0,10.68,711,No,No,POS,Other,0
4932.97,10,4,2,45.44,809,Yes,No,Online,Jewellery,0
2080.21,2,3,2,17.68,2112,Yes,No,Online,Electronics,1
1385.33,9,4,0,13.24,2922,Yes,No,POS,Electronics,0
8069.78,10,5,1,18.26,1641,Yes,Yes,POS,Jewellery,0
5471.01,12,4,0,8.09,632,Yes,No,Online,Other,0
3919.03,19,2,2,9.25,721,Yes,Yes,Online,Fuel,1
1694.56,23,3,0,49.8,576,Yes,No,POS,Restaurant,0
8222.88,8,2,1,70.13,1579,No,No,POS,Fuel,0
1516.38,22,2,0,24.84,2128,Yes,No,POS,Restaurant,0
1243.64,10,1,1,3.9,2337,Yes,No,POS,Restaurant,0
3251.13,2,2,0,66.88,1938,Yes,No,ATM,Jewellery,0
5158.35,14,5,0,91.11,2924,No,No,Online,Fuel,0
2514.3,17,3,1,31.94,2681,Yes,No,POS,Other,0
26218.69,7,6,0,14.12,687,Yes,No,POS,Fuel,0
3661.13,14,2,2,46.22,2738,Yes,No,Transfer,Other,0
2073.45,10,2,0,23.76,172,Yes,No,POS,Grocery,0
2259.3,3,1,0,42.48,2235,Yes,Yes,POS,Electronics,0
9953.7,9,2,0,5.24,1701,Yes,Yes,POS,Grocery,0
48684.0,3,13,4,369.27,24,No,Yes,Transfer,Electronics,1
7888.79,8,2,0,7.76,932,No,No,Transfer,Electronics,1
701.44,21,3,0,10.78,2604,Yes,No,Transfer,Restaurant,0
6616.31,9,3,0,4.97,2237,No,No,POS,Jewellery,0
1762.78,15,2,0,10.86,1704,Yes,No,Online,Travel,0
5559.4,0,3,0,57.5,2306,Yes,Yes,Online,Grocery,0
1750.9,7,2,0,12.22,593,Yes,No,POS,Restaurant,0
2384.85,21,2,1,4.82,575,Yes,No,ATM,Fuel,0
1350.76,21,1,0,12.08,1857,Yes,Yes,ATM,Travel,1
5630.69,23,2,0,5.3,1347,No,Yes,POS,Restaurant,1
6227.42,1,4,0,25.7,689,Yes,No,POS,Grocery,0
1809.41,20,1,0,12.53,80,Yes,No,POS,Fuel,0
883.92,6,3,1,20.08,1324,Yes,Yes,ATM,Other,0
7816.07,0,1,0,14.22,2179,No,No,ATM,Grocery,0
1986.47,2,5,1,20.0,1147,Yes,Yes,Online,Fuel,1
2919.44,18,2,0,4.52,1645,Yes,No,POS,Other,0
1556.45,14,1,0,11.43,589,Yes,No,Online,Grocery,1
5273.28,13,2,0,36.65,2937,Yes,No,POS,Jewellery,0
5362.13,21,3,0,39.18,2428,Yes,No,Online,Jewellery,0
8659.03,2,2,0,21.04,1020,Yes,No,Online,Fuel,0
6743.57,1,4,0,22.39,1467,Yes,Yes,POS,Grocery,0
6441.98,22,4,0,3.23,1974,Yes,No,POS,Restaurant,0
3119.4,14,1,0,31.29,445,No,No,POS,Fuel,0
2845.5,18,0,0,57.02,1722,Yes,No,Online,Restaurant,0
69682.28,1,17,4,102.72,37,No,Yes,Online,Travel,1
2993.36,3,1,0,43.78,1669,Yes,No,Online,Grocery,0
6895.01,12,1,0,5.15,1499,No,No,POS,Fuel,0
1475.93,23,2,0,25.24,1278,Yes,No,Online,Restaurant,1
687.7,2,5,1,4.35,1913,Yes,No,ATM,Travel,0
4817.77,3,2,1,6.12,1125,No,No,Online,Electronics,1
2185.99,8,1,1,10.57,2313,Yes,Yes,Online,Electronics,0
1293.31,10,4,1,8.94,697,No,No,Transfer,Other,0
12166.93,15,1,1,52.82,147,Yes,No,POS,Restaurant,0
3333.03,3,6,1,26.74,2076,Yes,No,POS,Travel,0
1050.15,22,4,0,9.39,1799,No,No,POS,Fuel,0
1987.84,3,2,0,36.84,2114,Yes,No,Online,Grocery,0
2669.7,4,2,0,41.66,1172,Yes,No,Online,Jewellery,1
4750.1,23,1,0,32.54,2004,Yes,No,Online,Grocery,0
44887.53,3,19,6,95.76,123,No,Yes,Transfer,Electronics,1
2951.81,13,1,0,29.34,2933,Yes,No,POS,Grocery,0
4014.13,10,2,0,8.86,2653,Yes,No,POS,Other,0
4546.91,6,2,0,25.01,984,Yes,No,POS,Travel,0
82189.21,3,17,6,191.46,139,No,Yes,Transfer,Travel,1
9853.12,18,4,1,77.55,491,Yes,Yes,POS,Grocery,0
5311.07,0,4,1,22.33,2903,No,No,POS,Electronics,0
5114.72,21,2,0,13.43,186,Yes,No,Online,Travel,0
4989.13,4,3,1,10.3,2474,No,No,Online,Other,0
6929.88,22,1,0,50.14,407,Yes,No,Online,Travel,0
77470.63,4,21,2,382.23,78,No,Yes,Online,Electronics,1
1455.66,22,5,0,19.36,802,Yes,No,Transfer,Restaurant,0
4398.95,15,4,0,19.04,1322,Yes,No,POS,Fuel,0
4787.34,21,2,2,40.59,189,Yes,No,ATM,Fuel,0
7641.91,20,5,0,30.94,889,Yes,No,Transfer,Restaurant,0
1335.01,15,1,0,90.66,2831,Yes,No,POS,Travel,0
1622.89,21,5,1,30.25,1775,Yes,No,Online,Electronics,0
3411.3,8,1,1,51.4,982,Yes,No,Transfer,Restaurant,0
5085.65,20,0,0,15.54,2672,Yes,No,POS,Other,0
1132.23,22,4,0,30.43,2792,No,No,POS,Jewellery,0
1366.29,15,8,0,53.7,1237,Yes,No,POS,Restaurant,0
5916.49,2,3,1,48.6,1134,No,No,Online,Electronics,0
1173.57,5,3,0,6.49,2506,Yes,No,Online,Other,0
1641.5,4,2,0,9.17,1624,Yes,No,POS,Restaurant,0
6166.92,12,3,0,31.23,862,Yes,No,Online,Other,0
5035.55,10,4,0,19.73,1788,Yes,Yes,Online,Restaurant,0
2012.4,19,6,0,24.03,1096,Yes,No,POS,Fuel,0
4649.38,6,3,1,18.95,1202,Yes,No,POS,Other,0
4057.58,3,3,2,45.9,1991,Yes,No,POS,Travel,0
3023.56,14,0,1,27.73,1079,Yes,No,POS,Restaurant,0
2466.94,3,3,1,21.1,1584,No,No,Online,Restaurant,0
4524.95,21,1,1,112.16,1992,No,No,Transfer,Other,1
1265.08,1,7,0,52.89,2727,Yes,No,ATM,Restaurant,0
4489.52,11,3,2,61.66,2704,Yes,No,POS,Restaurant,0
3798.94,22,2,0,8.29,2660,Yes,Yes,Online,Other,0
3992.46,13,2,1,118.04,2246,Yes,No,POS,Restaurant,0
1582.94,19,4,0,108.0,1377,Yes,No,POS,Travel,0
7766.47,10,3,0,45.22,1327,Yes,No,POS,Restaurant,0
2017.89,18,1,0,27.05,211,No,No,ATM,Fuel,0
2273.39,16,3,0,12.73,2358,Yes,No,POS,Travel,0
2936.77,12,3,1,48.86,2801,Yes,No,POS,Other,0
5027.66,2,3,0,93.06,1902,No,No,POS,Grocery,0
3909.25,23,3,0,27.93,2794,No,Yes,Online,Other,0
854.06,1,0,1,9.21,1538,Yes,No,POS,Restaurant,1
3298.71,8,1,0,24.59,350,Yes,No,POS,Fuel,0
3498.39,15,7,1,16.31,2655,No,No,ATM,Other,0
7888.69,18,6,0,10.68,1228,Yes,No,POS,Electronics,0
2636.84,12,3,1,4.76,1518,Yes,No,Online,Electronics,0
4736.93,9,0,0,85.45,1840,No,Yes,Transfer,Electronics,0
15749.85,9,4,1,65.6,1323,No,No,Online,Grocery,0
7029.27,23,4,0,18.28,1320,Yes,No,Online,Jewellery,0
1511.92,8,0,1,1.76,2004,Yes,No,Transfer,Electronics,0
5482.64,20,3,1,35.56,966,Yes,No,POS,Other,0
4502.47,1,5,0,69.83,1306,No,No,Transfer,Restaurant,0
2572.01,15,4,0,91.8,455,No,No,POS,Electronics,0
18439.35,1,8,5,242.83,73,No,Yes,Online,Electronics,1
1493.18,16,3,1,12.9,2169,No,No,POS,Other,0
2050.32,10,1,0,31.25,1549,Yes,No,ATM,Travel,0
78391.65,1,17,2,350.13,173,No,Yes,Transfer,Travel,1
2483.15,10,2,0,19.26,2814,Yes,No,POS,Electronics,0
5133.44,14,4,1,59.32,609,No,No,POS,Grocery,0
3233.99,21,3,0,36.61,1510,Yes,No,POS,Electronics,0
2298.18,16,2,0,6.78,211,No,No,Transfer,Electronics,0
6953.79,17,2,0,59.8,2969,No,No,Online,Electronics,0
5004.31,23,6,0,85.63,2521,No,No,Online,Grocery,0
37615.56,0,13,4,313.67,155,No,Yes,Transfer,Electronics,1
994.8,14,4,1,35.73,815,Yes,No,Transfer,Electronics,0
2310.66,15,4,0,21.3,1460,Yes,No,POS,Restaurant,0
1126.32,16,5,0,4.27,1363,Yes,No,POS,Fuel,0
6244.03,3,1,0,31.23,1019,Yes,Yes,POS,Grocery,0
2127.08,18,3,0,47.01,79,Yes,Yes,POS,Fuel,0
4732.91,4,3,1,31.4,1940,Yes,No,ATM,Electronics,0
5431.84,9,4,1,67.33,66,Yes,No,Online,Grocery,0
600.95,17,4,1,29.66,2864,Yes,No,POS,Electronics,0
2202.9,6,4,0,4.37,445,Yes,No,Online,Travel,0
2861.74,3,2,1,13.98,1247,Yes,No,Online,Restaurant,0
4030.06,16,2,0,54.89,911,Yes,No,POS,Electronics,0
61578.13,1,18,7,477.55,142,No,Yes,Online,Electronics,1
12510.54,19,2,0,14.87,2954,Yes,No,POS,Jewellery,0
9237.04,21,1,1,30.47,401,Yes,No,ATM,Travel,0
3206.33,8,3,1,55.37,2410,Yes,No,ATM,Travel,0
3178.98,17,2,1,72.68,1555,Yes,No,ATM,Fuel,0
8628.28,5,2,0,20.91,2036,Yes,No,Online,Grocery,1
3333.52,22,5,2,25.69,1337,Yes,No,POS,Electronics,0
2164.72,5,1,1,15.86,31,Yes,No,Online,Fuel,0
6311.3,21,3,0,27.43,1547,Yes,No,ATM,Electronics,0
4165.91,18,1,0,7.97,89,No,No,Online,Restaurant,0
980.94,7,0,0,37.38,1463,Yes,No,ATM,Jewellery,0
2654.14,19,2,0,1.17,1738,No,No,POS,Grocery,0
1157.33,15,2,0,34.57,1726,No,No,Online,Grocery,0
31345.4,3,21,3,386.93,108,No,Yes,Transfer,Electronics,1
10056.05,9,4,0,56.62,948,No,Yes,Online,Electronics,0
26942.58,23,23,7,131.6,40,No,Yes,Online,Electronics,1
2728.18,16,2,0,18.5,1431,Yes,No,POS,Travel,0
2297.1,1,4,0,43.94,2081,Yes,No,POS,Other,0
3378.73,8,3,0,8.69,1287,Yes,No,ATM,Travel,0
2274.97,3,2,0,5.07,1101,No,Yes,Online,Travel,1
1534.67,0,5,0,33.92,1585,No,No,ATM,Other,0
2378.58,0,1,0,4.62,2504,Yes,No,POS,Grocery,0
8092.09,2,2,1,77.49,1354,No,Yes,POS,Travel,1
82018.08,2,22,2,250.93,43,No,Yes,Transfer,Electronics,1
2380.92,18,3,1,53.2,1953,No,No,POS,Jewellery,0
10706.67,23,1,0,21.57,1052,Yes,No,Online,Travel,0
3178.9,2,2,1,38.53,2134,Yes,No,POS,Restaurant,1
1825.57,23,6,1,27.92,2500,Yes,No,POS,Travel,0
4293.65,14,7,1,14.97,1207,Yes,No,POS,Travel,0
8918.94,19,2,1,12.8,2784,Yes,Yes,Transfer,Electronics,1
47378.06,0,20,5,101.34,65,No,Yes,Online,Travel,1
1898.06,6,5,0,57.27,2020,No,No,Online,Electronics,0
1289.58,17,2,0,31.08,2737,Yes,Yes,Online,Grocery,0
2547.56,15,4,1,37.44,2638,Yes,No,ATM,Travel,0
61864.63,4,22,5,429.45,143,No,Yes,Online,Travel,1
5683.4,11,2,0,6.79,2964,Yes,No,POS,Grocery,0
7142.62,5,2,0,7.46,2327,No,No,POS,Restaurant,0
3784.28,4,4,0,72.56,2562,Yes,No,Online,Fuel,0
3871.22,22,4,0,21.64,2201,Yes,No,POS,Jewellery,0
52423.2,0,22,4,291.29,159,No,Yes,Transfer,Jewellery,1
67955.36,1,16,3,351.72,152,No,Yes,Online,Travel,1
5749.65,16,3,1,11.31,2421,No,No,Online,Grocery,0
1844.49,9,5,0,17.16,2865,No,No,Online,Restaurant,0
5293.12,5,3,0,42.83,1753,Yes,No,Online,Electronics,0
6279.14,22,3,0,12.58,584,No,Yes,POS,Fuel,0
6607.56,23,6,0,29.58,2432,Yes,No,ATM,Restaurant,0
4169.13,5,2,1,37.8,886,Yes,No,Online,Restaurant,0
4014.63,19,1,0,25.56,2204,Yes,No,Online,Restaurant,0
3278.43,10,4,0,29.04,630,No,No,POS,Restaurant,0
3525.31,16,2,0,29.64,2577,Yes,No,Transfer,Grocery,0
9680.19,2,4,1,12.31,1458,No,No,Online,Restaurant,0
3609.08,11,3,0,19.94,1120,Yes,No,POS,Fuel,0
1962.61,2,0,0,11.55,2245,Yes,No,ATM,Fuel,0
4229.77,19,3,0,19.06,2122,Yes,No,POS,Fuel,0
5609.86,9,1,0,45.64,782,Yes,No,Online,Grocery,0
27676.92,0,10,6,486.39,158,No,Yes,Transfer,Jewellery,1
1520.3,16,4,1,29.98,2882,Yes,Yes,POS,Travel,0
8446.19,22,0,0,24.75,2912,Yes,No,POS,Restaurant,1
5471.92,8,1,1,35.97,1985,Yes,No,POS,Grocery,0
8144.17,17,1,0,28.92,340,Yes,No,ATM,Electronics,0
1088.31,16,3,0,18.9,2808,Yes,No,Transfer,Travel,1
6771.16,11,2,0,23.77,1391,No,Yes,POS,Fuel,0
1460.69,19,4,0,8.97,1821,Yes,No,Online,Fuel,0
2771.09,3,4,1,7.87,2029,No,No,Transfer,Grocery,0
39432.62,4,18,6,123.63,22,No,Yes,Transfer,Jewellery,1
1344.77,9,1,0,42.58,699,Yes,No,Transfer,Electronics,1
2261.55,1,0,0,15.57,2894,No,No,POS,Grocery,0
1070.83,23,1,0,23.76,1592,Yes,No,POS,Restaurant,0
5492.78,18,9,1,17.82,2837,Yes,No,ATM,Restaurant,0
1820.21,19,3,0,23.4,411,Yes,No,POS,Grocery,0
3448.92,3,1,0,43.21,2084,Yes,No,Online,Grocery,1
4508.18,18,3,0,1.2,550,Yes,Yes,POS,Grocery,0
4196.94,16,1,0,34.57,352,Yes,No,POS,Restaurant,0
3940.18,21,1,0,6.8,2636,No,Yes,Online,Fuel,0
3934.91,8,1,1,154.29,363,No,No,Online,Other,0
1134.27,22,2,0,50.8,130,Yes,No,POS,Other,0
2883.55,16,0,0,5.71,110,Yes,Yes,ATM,Fuel,0
3910.72,6,0,0,5.96,1105,Yes,Yes,ATM,Other,0
3622.85,5,2,1,13.54,450,Yes,No,ATM,Fuel,0
3128.88,21,6,0,23.34,231,Yes,No,Online,Fuel,0
2018.36,15,2,1,12.66,1646,Yes,No,Online,Other,0
4134.88,2,2,1,14.41,631,Yes,No,ATM,Travel,0
4667.61,3,3,0,1.73,1342,No,No,POS,Jewellery,0
2493.16,19,2,0,112.21,309,Yes,No,Online,Electronics,0
6459.79,4,1,1,22.81,2084,No,No,Online,Electronics,0
8558.4,5,2,0,80.35,1262,Yes,No,Online,Restaurant,0
3497.19,14,3,0,14.27,2677,Yes,No,POS,Grocery,0
1876.71,20,5,0,102.28,2424,Yes,No,POS,Other,0
63879.45,2,21,4,384.44,29,No,Yes,Online,Travel,1
2741.85,15,1,0,25.0,1003,No,No,POS,Fuel,0
3319.05,16,1,1,71.13,2609,Yes,No,Transfer,Restaurant,0
1272.27,14,7,0,6.07,1100,Yes,No,Online,Grocery,0
2680.88,16,3,0,23.98,2689,Yes,No,POS,Restaurant,0
6242.99,5,6,1,19.81,301,Yes,No,Online,Restaurant,0
510.32,14,1,0,51.08,2037,Yes,No,ATM,Grocery,0
3651.99,0,1,1,3.07,1343,Yes,No,POS,Fuel,0
2251.18,17,2,0,16.29,2507,Yes,No,Online,Jewellery,0
3392.04,19,1,0,1.77,271,Yes,Yes,Transfer,Restaurant,0
50476.23,23,9,5,348.09,51,No,Yes,Online,Jewellery,1
3280.89,0,3,0,62.25,2995,Yes,No,ATM,Electronics,1
2953.43,21,2,0,17.23,1375,No,No,POS,Electronics,0
5263.25,10,2,1,11.14,1972,Yes,No,Online,Jewellery,0
28258.45,2,23,3,361.04,81,No,Yes,Transfer,Electronics,1
3662.84,12,5,1,11.99,1835,Yes,No,Online,Fuel,0
4275.8,13,1,0,56.46,1553,No,No,POS,Grocery,0
62296.96,23,12,2,383.08,147,No,Yes,Transfer,Electronics,1
5984.77,17,5,1,26.36,1386,No,Yes,ATM,Grocery,0
2809.19,13,3,0,36.57,2968,Yes,No,ATM,Electronics,0
8554.84,5,7,1,60.15,2844,Yes,Yes,Transfer,Grocery,0
2355.52,14,3,1,25.67,2399,No,No,Online,Grocery,0
3652.34,6,0,0,4.54,283,Yes,No,POS,Jewellery,0
43871.9,23,18,6,432.3,99,No,Yes,Online,Jewellery,1
28489.81,0,16,2,499.8,139,No,Yes,Transfer,Electronics,1
74193.83,4,10,6,427.1,115,No,Yes,Transfer,Travel,1
2615.63,13,3,2,6.83,2720,Yes,No,Online,Other,0
3101.37,7,2,0,17.24,829,Yes,No,Online,Electronics,0
6554.45,8,3,0,31.85,2325,Yes,No,Online,Grocery,0
2421.08,20,0,0,35.09,2712,Yes,Yes,POS,Electronics,0
56107.09,0,21,6,290.33,168,No,Yes,Transfer,Travel,1
59583.4,23,20,6,249.16,93,No,Yes,Transfer,Electronics,1
1549.0,14,1,0,44.13,1994,Yes,No,Transfer,Electronics,0
1412.41,23,1,0,25.2,1921,Yes,No,POS,Electronics,0
522.29,15,5,0,14.41,15,Yes,No,ATM,Restaurant,0
595.38,9,5,1,10.56,1653,Yes,No,Online,Electronics,0
640.63,6,2,0,48.97,1602,Yes,No,Online,Restaurant,0
9269.9,1,2,0,23.87,23,Yes,No,Online,Restaurant,1
638.19,18,5,0,8.45,2756,Yes,No,POS,Fuel,0
1517.49,22,1,0,35.31,2279,Yes,No,Online,Fuel,0
3138.6,15,1,0,33.85,1858,Yes,Yes,POS,Grocery,0
5111.0,11,4,0,109.39,1097,Yes,No,Online,Restaurant,0
5459.21,3,3,0,2.02,2728,No,No,POS,Restaurant,0
1877.63,15,3,1,4.99,1281,Yes,No,ATM,Grocery,0
3606.32,4,3,0,2.36,235,Yes,No,Online,Grocery,0
3073.95,14,10,1,11.11,2998,Yes,No,Online,Restaurant,0
3465.41,7,3,0,23.43,1605,No,Yes,POS,Grocery,0
3790.79,20,7,1,18.62,1771,Yes,No,Online,Restaurant,0
4498.01,22,3,0,72.88,2055,Yes,No,Online,Fuel,0
2219.69,5,1,0,19.26,501,Yes,No,POS,Electronics,0
7154.0,7,1,2,2.81,109,No,No,POS,Grocery,0
2630.21,22,2,0,97.12,1379,Yes,No,POS,Fuel,0
12173.98,0,2,0,49.23,2600,Yes,No,POS,Travel,0
2322.67,12,6,1,47.06,2980,Yes,No,POS,Restaurant,0
3650.64,3,4,2,6.84,776,Yes,No,Online,Travel,0
3093.68,10,4,0,27.45,2961,No,No,Online,Grocery,0
3552.54,0,2,0,63.24,2595,Yes,No,POS,Travel,1
6665.96,3,3,0,54.68,2454,Yes,No,Transfer,Grocery,0
2969.19,9,2,0,12.17,846,No,No,POS,Electronics,1
1363.79,1,3,0,23.52,2202,Yes,No,Online,Fuel,0
2189.61,19,3,0,54.87,2944,Yes,No,ATM,Restaurant,0
2973.94,13,4,0,27.6,1747,Yes,No,Online,Restaurant,0
3875.09,10,2,0,18.28,2663,No,No,POS,Travel,0
1884.54,11,3,0,8.1,837,No,Yes,ATM,Electronics,0
2047.82,20,3,0,23.5,2570,Yes,No,Online,Restaurant,0
3971.55,20,2,1,68.82,541,No,No,POS,Fuel,0
4065.13,1,0,1,62.32,2065,Yes,No,Online,Fuel,0
6073.16,16,6,1,33.14,1093,Yes,No,POS,Grocery,0
2169.06,11,4,0,30.13,1210,Yes,Yes,POS,Restaurant,1
24242.26,23,11,7,228.71,89,No,Yes,Online,Jewellery,1
3097.79,18,3,1,30.99,1379,Yes,No,POS,Other,0
2407.95,16,2,0,30.96,2532,Yes,No,POS,Restaurant,0
3169.74,16,2,0,8.89,1765,Yes,Yes,POS,Restaurant,0
3484.49,5,4,0,40.89,1542,Yes,No,Online,Electronics,0
1243.64,20,2,0,28.49,809,No,Yes,POS,Fuel,1
1327.5,16,7,0,25.56,1937,No,No,Online,Electronics,0
5227.82,6,2,1,18.03,776,Yes,Yes,Online,Restaurant,0
2583.53,5,3,0,68.33,2247,No,Yes,Transfer,Electronics,0
3894.2,12,1,0,41.76,1461,Yes,No,POS,Fuel,0
5127.47,8,3,0,35.98,1598,Yes,No,Online,Travel,0
3183.02,16,3,1,8.19,1591,No,No,Online,Grocery,0
4851.38,9,3,1,35.9,138,Yes,No,Online,Restaurant,0
3499.82,4,2,0,127.15,2394,No,No,Online,Jewellery,0
3612.97,9,5,1,3.49,2978,Yes,No,Online,Fuel,0
7013.46,19,6,1,48.89,2237,Yes,No,Online,Grocery,0
77428.08,3,23,7,357.3,155,No,Yes,Transfer,Jewellery,1
5266.83,7,2,2,25.12,1879,No,No,POS,Fuel,0
1059.82,19,2,1,58.26,491,Yes,No,Online,Travel,0
3800.15,2,3,0,12.0,1966,Yes,No,Online,Travel,0
8148.14,23,3,0,17.97,1334,Yes,No,ATM,Travel,0
12716.99,18,3,0,21.17,2616,Yes,No,POS,Grocery,0
1108.08,0,4,0,11.09,1750,Yes,No,POS,Electronics,0
2574.15,16,4,0,20.47,183,Yes,No,Online,Restaurant,0
1577.35,11,5,1,12.57,2613,Yes,No,ATM,Restaurant,0
3029.32,21,3,0,26.32,1716,Yes,No,ATM,Electronics,0
5826.59,5,3,0,50.03,2665,No,No,Online,Grocery,0
7172.89,21,6,1,10.62,190,Yes,No,Online,Travel,0
7319.83,20,3,0,29.11,720,Yes,No,POS,Travel,1
1021.57,6,2,0,24.37,338,No,No,POS,Restaurant,0
3432.7,10,4,0,23.55,896,Yes,No,Online,Restaurant,0
2136.06,15,6,2,9.92,1432,Yes,No,Transfer,Electronics,1
2906.26,5,4,0,58.85,1967,No,No,POS,Travel,0
2366.95,23,6,0,58.84,1181,Yes,Yes,Online,Electronics,0
51979.77,3,15,6,353.04,168,No,Yes,Online,Electronics,1
7217.2,5,3,0,46.55,2204,Yes,No,POS,Fuel,0
52973.58,2,11,7,359.74,63,No,Yes,Transfer,Travel,1
2166.51,11,5,0,50.62,2457,No,Yes,Online,Restaurant,0
8178.84,1,2,1,10.39,356,No,No,POS,Restaurant,0
907.85,21,7,0,8.77,2372,Yes,No,Online,Fuel,0
31165.56,2,21,7,235.66,18,No,Yes,Online,Jewellery,1
6352.53,2,5,0,87.19,1743,Yes,No,Online,Grocery,0
7775.02,12,3,0,8.07,903,Yes,No,Transfer,Jewellery,0
4255.64,22,3,1,3.79,27,Yes,No,POS,Fuel,0
5329.53,0,6,0,49.97,2952,Yes,Yes,Online,Fuel,1
6350.36,11,5,0,28.59,79,Yes,No,Transfer,Fuel,0
3062.78,21,3,1,31.17,271,No,No,POS,Grocery,0
1695.15,21,1,1,18.56,578,Yes,No,POS,Electronics,0
8566.43,4,2,1,38.89,584,Yes,Yes,Online,Travel,0
4963.42,14,2,1,46.68,812,No,No,Online,Grocery,0
3429.95,20,3,0,6.12,651,Yes,No,POS,Electronics,0
1117.92,16,4,2,4.77,1388,Yes,No,Online,Other,0
417.28,15,6,0,9.14,2695,No,No,Online,Electronics,0
4397.83,18,6,0,13.79,1146,Yes,No,POS,Electronics,0
389.22,10,2,0,21.43,429,Yes,No,POS,Travel,0
3404.25,1,1,0,27.96,461,No,No,Online,Fuel,1
1968.07,15,4,0,41.69,2548,Yes,No,POS,Grocery,0
2362.58,15,4,0,13.7,298,Yes,No,POS,Restaurant,0
7369.96,20,5,0,48.25,2854,Yes,No,POS,Restaurant,0
1982.56,22,2,0,28.45,74,Yes,Yes,POS,Restaurant,0
3523.29,8,5,0,32.4,134,Yes,No,POS,Fuel,0
1990.83,22,1,0,6.1,216,No,No,Online,Travel,0
52647.83,1,8,6,374.1,83,No,Yes,Online,Travel,1
3744.22,23,2,2,17.54,11,Yes,No,Online,Jewellery,1
3405.86,3,2,0,157.79,2658,No,No,Online,Restaurant,1
58209.2,1,12,4,226.9,13,No,Yes,Transfer,Travel,1
909.87,16,3,0,22.56,2154,Yes,No,Online,Restaurant,0
701.26,15,1,0,14.82,1347,Yes,No,POS,Travel,0
1299.22,23,2,0,90.32,743,Yes,No,POS,Restaurant,0
3757.19,13,3,1,29.8,2029,Yes,No,POS,Restaurant,0
4607.59,3,1,0,11.38,2140,Yes,No,POS,Restaurant,0
180.78,14,2,1,8.79,1261,No,No,Transfer,Travel,0
4567.62,6,8,0,36.91,328,Yes,No,POS,Travel,0
2621.23,14,8,0,22.39,795,Yes,No,Online,Grocery,0
8705.16,9,2,0,55.68,67,Yes,No,POS,Travel,0
4348.04,1,6,0,7.85,1850,Yes,No,POS,Other,0
8077.44,15,5,0,48.71,1075,Yes,No,Online,Fuel,0
7138.36,2,2,0,51.96,1900,No,No,Online,Electronics,0
2622.25,7,5,0,64.78,1624,Yes,No,POS,Travel,0
5842.94,14,3,0,12.8,2135,No,No,Online,Fuel,0
2618.1,21,4,0,48.84,1370,Yes,Yes,Online,Grocery,0
9388.94,7,1,0,18.09,860,No,No,POS,Other,0
54510.26,4,16,4,124.91,15,No,Yes,Transfer,Electronics,1
4754.37,7,2,0,22.89,2869,Yes,No,Online,Fuel,0
10496.72,13,3,1,2.31,2080,Yes,No,Online,Jewellery,0
61637.36,3,10,5,330.11,168,No,Yes,Transfer,Jewellery,1
2422.21,12,1,0,23.64,776,No,No,Online,Grocery,0
1174.17,19,0,0,5.48,2890,Yes,No,Online,Fuel,1
917.41,1,1,1,32.98,2154,Yes,No,POS,Restaurant,0
4552.34,23,3,0,46.76,1903,Yes,No,Online,Grocery,0
3169.03,12,5,0,21.37,2173,No,No,POS,Grocery,0
1319.3,15,4,0,16.33,824,Yes,No,Online,Grocery,0
5440.57,14,1,2,37.89,2761,Yes,No,POS,Other,0
58744.99,3,18,4,477.49,10,No,Yes,Online,Jewellery,1
3129.02,15,4,0,20.42,2829,Yes,No,ATM,Electronics,0
8301.96,21,2,0,97.14,702,No,No,POS,Other,0
766.35,6,4,0,58.52,947,Yes,No,Transfer,Grocery,0
2491.83,5,3,1,17.07,1941,Yes,Yes,Online,Grocery,1
4876.1,15,3,1,11.72,1497,Yes,No,Transfer,Electronics,0
1451.59,3,5,0,38.99,2874,Yes,No,ATM,Restaurant,0
5794.21,2,2,0,8.07,2561,Yes,No,ATM,Grocery,0
6917.15,5,3,0,8.07,2604,Yes,No,POS,Fuel,0
277.86,6,3,0,17.98,1711,Yes,No,ATM,Grocery,0
8479.27,2,3,0,16.93,2944,No,No,POS,Restaurant,1
4681.95,17,3,0,84.24,2185,No,No,ATM,Fuel,0
78460.51,2,19,7,193.42,124,No,Yes,Transfer,Travel,1
991.4,4,2,2,52.69,1797,Yes,No,POS,Grocery,0
6301.89,6,3,0,37.89,1169,Yes,No,ATM,Electronics,0
1261.14,22,0,0,17.94,831,Yes,No,Online,Grocery,0
4676.19,21,3,0,21.04,2243,Yes,Yes,Online,Other,0
1306.52,2,2,0,35.32,1233,Yes,No,ATM,Jewellery,0
3350.22,14,3,0,9.89,758,No,No,Transfer,Travel,0
6121.66,7,0,0,9.81,2572,No,No,Online,Fuel,0
2299.82,8,7,0,47.31,1017,Yes,No,Online,Grocery,0
8442.74,14,2,0,41.1,2228,Yes,No,POS,Electronics,0
4951.52,23,4,0,9.08,866,Yes,No,Online,Grocery,0
1455.6,13,4,1,8.79,1153,Yes,No,Online,Electronics,1
1063.88,22,2,0,9.31,1229,Yes,No,Online,Grocery,0
1804.03,19,3,0,46.51,1455,No,No,Online,Travel,0
3237.26,18,1,0,56.83,2318,Yes,No,Online,Restaurant,0
41478.59,23,22,5,102.1,170,No,Yes,Transfer,Travel,1
10037.59,19,2,1,29.24,36,Yes,No,POS,Grocery,0
2233.02,6,2,0,9.72,472,Yes,No,POS,Travel,0
2179.46,23,4,0,66.41,87,Yes,No,Online,Other,0
5510.09,22,3,0,4.23,2737,No,No,POS,Other,0
5480.39,14,3,0,32.25,21,Yes,Yes,Online,Electronics,1
7598.12,17,4,0,17.76,2764,Yes,No,Online,Electronics,0
7728.16,21,1,0,10.08,1921,Yes,No,ATM,Fuel,0
1703.66,3,4,0,5.91,38,No,No,Online,Other,0
880.29,1,2,0,8.05,1106,Yes,No,Transfer,Grocery,0
5000.23,23,4,0,20.88,2324,Yes,No,Online,Travel,0
3898.05,13,4,1,13.8,1418,Yes,No,Online,Electronics,0
38038.59,2,23,5,459.88,17,No,Yes,Transfer,Travel,1
860.56,12,3,1,87.27,1404,Yes,No,POS,Electronics,0
4839.29,12,1,2,49.77,1087,Yes,No,POS,Travel,0
3034.02,0,2,0,47.02,617,Yes,No,Online,Fuel,0
4913.68,6,2,1,45.91,1996,Yes,No,POS,Grocery,0
1372.84,2,2,0,36.78,2373,Yes,No,POS,Electronics,0
5154.54,10,2,1,56.28,2065,Yes,No,Transfer,Other,0
4237.37,0,3,0,15.73,568,Yes,No,POS,Other,0
5409.73,19,3,0,36.8,1068,Yes,No,ATM,Electronics,0
2357.15,7,2,1,3.83,2055,No,No,ATM,Restaurant,0
1982.3,17,1,1,46.39,645,Yes,No,POS,Restaurant,0
989.95,1,1,0,27.62,2220,No,No,POS,Other,0
2664.58,0,2,0,24.11,2762,Yes,No,Online,Jewellery,0
6726.84,10,2,0,9.15,773,No,No,POS,Fuel,0
7949.42,18,2,0,6.65,1108,No,No,POS,Other,0
1270.82,19,1,0,16.88,2130,Yes,No,Online,Fuel,0
3235.5,13,5,0,27.56,2233,Yes,No,Online,Grocery,0
9039.22,14,4,0,50.52,658,Yes,No,POS,Electronics,0
9822.64,16,2,0,56.36,1460,No,No,POS,Other,0
2583.71,16,2,1,51.68,1582,No,No,POS,Jewellery,0
7115.3,17,5,0,38.77,2500,Yes,No,Transfer,Travel,0
6345.41,0,5,1,6.35,2153,Yes,No,Transfer,Fuel,0
6009.2,10,6,2,24.2,443,No,No,ATM,Restaurant,0
748.04,20,3,1,71.66,445,Yes,No,POS,Grocery,0
2130.12,10,2,1,87.43,2712,No,No,POS,Grocery,0
2986.26,3,5,0,6.16,2034,No,No,Transfer,Restaurant,1
2923.61,15,5,2,17.74,2592,Yes,Yes,ATM,Electronics,0
3210.34,7,3,0,74.81,408,Yes,No,POS,Other,0
10507.4,12,4,0,57.39,1589,No,Yes,POS,Grocery,0
2650.86,12,4,1,26.18,222,Yes,No,Online,Restaurant,0
4373.88,16,1,1,32.79,1437,Yes,No,Online,Grocery,0
4267.66,22,1,0,37.25,1054,No,No,Online,Grocery,0
3239.51,16,5,0,58.82,954,Yes,No,Transfer,Grocery,0
1342.2,23,0,0,57.65,662,Yes,No,POS,Grocery,0
3557.77,0,6,0,19.56,397,No,No,ATM,Other,0
493.81,18,2,0,71.46,455,No,No,POS,Jewellery,0
4676.66,10,4,0,77.53,1607,Yes,No,Online,Other,0
408.89,17,3,0,22.09,782,Yes,No,Online,Grocery,0
4394.49,2,3,0,74.56,910,Yes,Yes,Online,Restaurant,0
2042.48,12,2,0,21.81,2288,Yes,Yes,POS,Grocery,0
20843.67,4,13,4,332.2,74,No,Yes,Online,Travel,1
5566.92,15,2,0,82.59,2583,No,No,ATM,Restaurant,1
2423.59,5,7,1,63.98,1887,Yes,No,POS,Grocery,0
3427.77,3,5,0,13.85,2811,Yes,No,POS,Restaurant,0
773.74,1,3,0,36.74,2107,Yes,No,POS,Other,0
8328.83,6,6,0,41.63,2854,Yes,No,Online,Grocery,0
3670.43,23,7,0,32.14,2184,No,No,Online,Other,0
3663.99,23,0,0,15.12,1889,No,No,Online,Travel,1
4746.19,1,0,0,14.24,1136,Yes,No,POS,Travel,0
237.08,23,4,1,22.92,2083,No,No,ATM,Restaurant,0
8867.8,14,1,0,6.53,1225,Yes,No,POS,Jewellery,0
2578.04,7,2,1,40.68,922,Yes,No,Transfer,Other,0
8532.58,22,6,0,92.65,95,No,No,POS,Other,0
2509.84,5,2,1,25.44,2686,Yes,No,Online,Fuel,0
2090.76,4,0,0,14.28,898,No,No,Online,Restaurant,1
4528.12,5,4,1,8.25,1052,Yes,No,Online,Electronics,0
11851.04,3,0,0,60.6,2373,Yes,No,ATM,Grocery,0
7110.49,11,4,0,37.02,2207,Yes,No,Online,Fuel,0
4874.04,3,3,0,32.07,2012,Yes,No,Online,Grocery,0
67378.48,3,11,6,172.2,178,No,Yes,Transfer,Jewellery,1
3534.14,8,2,0,37.88,2924,Yes,No,Online,Grocery,0
8287.34,15,6,1,40.93,2933,Yes,No,Online,Grocery,0
42961.12,4,14,6,409.67,21,No,Yes,Online,Jewellery,1
970.25,1,3,1,46.09,105,No,No,Online,Other,0
1514.28,15,0,0,38.87,376,Yes,No,POS,Travel,0
4988.34,2,2,0,3.6,760,Yes,No,POS,Other,0
1296.58,23,1,0,13.2,1617,Yes,No,POS,Electronics,0
3655.61,6,2,0,13.16,1419,Yes,No,Online,Electronics,0
5978.31,20,5,0,14.4,1835,Yes,No,Online,Electronics,0
4550.32,18,5,0,9.24,2394,No,No,Online,Grocery,0
1123.76,7,4,0,34.26,2152,Yes,No,Online,Fuel,1
1587.55,7,4,1,47.52,2179,Yes,Yes,POS,Electronics,0
4648.74,7,1,0,4.97,2547,Yes,No,Online,Electronics,0
11037.18,11,3,0,10.5,235,Yes,No,ATM,Electronics,0
3124.76,10,4,0,6.12,1177,Yes,No,Online,Fuel,0
6115.9,15,5,0,2.65,2572,Yes,No,POS,Restaurant,0
4577.79,11,2,1,27.76,386,Yes,No,POS,Other,0
2025.39,18,1,1,3.44,1243,Yes,No,POS,Restaurant,0
6162.23,11,2,1,26.62,2359,Yes,No,POS,Fuel,0
750.45,7,1,0,32.18,2567,Yes,Yes,Online,Fuel,0
5868.08,7,1,0,25.58,2470,Yes,No,POS,Other,0
4771.03,17,3,0,25.94,2652,No,No,POS,Grocery,0
2182.52,3,1,0,22.98,181,Yes,No,Online,Grocery,0
1400.2,6,6,0,50.52,2754,Yes,No,POS,Fuel,0
2338.38,7,2,0,78.09,1480,Yes,No,Transfer,Travel,0
1902.77,15,2,0,34.18,2359,Yes,Yes,Online,Grocery,0
2760.75,3,4,0,13.68,815,Yes,Yes,Online,Grocery,0
2530.83,10,3,0,10.35,2262,Yes,No,Online,Fuel,0
2181.6,16,1,0,3.19,423,Yes,No,Online,Travel,0
54170.53,23,15,6,129.82,100,No,Yes,Online,Travel,1
1229.97,10,3,0,20.7,119,No,No,ATM,Other,1
6812.31,23,1,0,21.98,1673,No,No,POS,Grocery,0
2232.49,14,3,0,27.23,2973,Yes,No,POS,Jewellery,0
2801.08,18,5,0,16.92,1554,Yes,No,Online,Fuel,0
2426.46,5,4,0,31.55,131,Yes,No,POS,Travel,0
39221.89,23,23,2,382.62,115,No,Yes,Online,Electronics,1
1865.95,6,4,0,36.59,616,Yes,No,POS,Electronics,0
1758.08,3,2,0,6.08,639,Yes,No,POS,Electronics,0
4843.38,1,3,0,1.84,1748,Yes,No,POS,Other,0
3859.41,15,3,0,48.96,990,Yes,No,ATM,Fuel,0
4935.4,15,3,0,21.38,1156,No,Yes,Online,Restaurant,0
4726.26,4,2,0,12.06,540,Yes,No,POS,Restaurant,0
6267.64,21,2,0,53.42,1910,Yes,No,Online,Travel,0
1096.39,6,5,1,12.54,2155,Yes,No,POS,Restaurant,0
4533.44,14,4,1,11.3,2680,Yes,No,POS,Fuel,0
1767.5,12,7,1,15.77,1267,Yes,No,POS,Travel,0
519.91,14,4,1,13.47,83,Yes,No,POS,Grocery,0
4704.29,17,0,0,13.79,737,No,No,ATM,Restaurant,0
4520.31,22,5,0,45.21,2956,Yes,No,POS,Fuel,0
25517.61,3,9,6,91.58,133,No,Yes,Online,Travel,1
6340.08,21,2,0,9.6,1604,No,Yes,Online,Electronics,1
64475.76,4,12,7,482.03,130,No,Yes,Online,Electronics,1
5232.48,8,3,0,14.05,764,No,No,ATM,Fuel,0
2990.84,13,2,0,57.27,23,Yes,Yes,Online,Fuel,0
3162.16,4,1,0,34.02,1969,Yes,No,ATM,Restaurant,0
603.46,22,4,0,26.87,2635,No,No,Online,Other,1
6382.52,23,5,0,43.61,405,Yes,Yes,Online,Electronics,1
4401.4,21,5,0,53.02,89,Yes,No,POS,Grocery,0
5098.9,17,6,0,42.76,2216,No,No,POS,Fuel,0
1582.82,20,2,0,41.62,2132,No,No,Online,Restaurant,0
4056.95,19,3,1,76.82,131,No,No,Online,Electronics,0
2986.18,5,0,0,35.95,2632,Yes,No,POS,Restaurant,0
4560.39,6,4,0,11.68,2934,No,No,POS,Electronics,0
3928.47,12,3,0,29.35,714,Yes,No,POS,Grocery,0
68837.19,2,19,7,387.23,36,No,Yes,Transfer,Electronics,1
19814.99,3,9,4,411.02,161,No,Yes,Transfer,Travel,1
2739.61,17,3,0,19.14,1348,Yes,No,POS,Electronics,0
4700.52,23,5,0,19.72,2163,Yes,No,POS,Other,0
2571.29,18,2,1,22.71,1428,Yes,Yes,POS,Fuel,1
6229.67,0,1,0,31.93,2951,No,No,POS,Fuel,1
3079.03,8,1,0,14.74,282,Yes,Yes,Online,Grocery,0
2309.88,7,2,0,14.76,606,No,No,POS,Grocery,0
24116.04,0,18,5,229.36,19,No,Yes,Online,Jewellery,1
7271.9,8,0,0,67.97,393,Yes,No,POS,Grocery,0
6546.37,23,3,2,39.88,224,No,No,Online,Fuel,0
2413.27,6,3,0,21.34,1988,No,No,POS,Restaurant,0
8939.75,10,2,0,16.65,1791,Yes,No,Online,Grocery,0
1662.38,19,5,1,10.98,1549,No,No,POS,Jewellery,0
2098.89,8,2,0,18.83,2232,No,No,Online,Electronics,1
6059.01,1,6,0,21.53,2446,Yes,No,ATM,Electronics,0
523.77,7,3,0,58.13,816,Yes,No,Online,Electronics,0
3434.54,8,2,0,10.41,1292,Yes,No,POS,Fuel,0
2730.91,14,6,0,30.92,1957,Yes,No,POS,Grocery,0
9271.9,17,2,2,38.71,15,Yes,No,POS,Other,0
38512.29,1,22,7,151.72,69,No,Yes,Transfer,Jewellery,1
1558.31,9,2,0,4.59,1460,Yes,No,Online,Jewellery,0
10082.94,12,6,0,30.05,828,No,No,Online,Restaurant,0
2754.51,3,2,0,10.82,2001,Yes,Yes,Online,Grocery,1
7090.51,4,5,1,33.51,997,Yes,No,POS,Grocery,0
2434.45,14,3,0,30.41,943,No,No,POS,Other,0
2032.35,20,4,0,49.49,2178,Yes,No,POS,Grocery,0
7317.78,12,0,0,52.5,1511,Yes,Yes,POS,Electronics,1
11635.76,1,1,0,5.53,604,Yes,No,POS,Grocery,0
7679.84,23,6,0,38.84,1814,Yes,No,ATM,Electronics,0
2317.26,7,3,0,33.23,989,No,No,POS,Grocery,0
3328.26,17,6,0,32.37,2157,Yes,No,Online,Other,0
82609.56,4,14,3,250.28,67,No,Yes,Transfer,Electronics,1
1848.74,23,2,0,11.41,714,No,No,Transfer,Restaurant,1
1774.17,2,6,0,52.69,256,Yes,No,POS,Electronics,0
2479.03,4,3,1,38.68,813,Yes,No,Online,Travel,1
3715.69,15,1,0,4.58,1978,No,No,ATM,Jewellery,0
3425.81,18,4,0,15.94,2063,Yes,No,POS,Jewellery,0
5497.92,20,3,0,26.11,2484,Yes,No,Online,Restaurant,0
3852.73,13,2,1,5.28,1069,No,No,Transfer,Fuel,0
5156.44,3,3,0,37.95,2751,Yes,No,ATM,Electronics,0
5705.37,17,3,0,53.07,2253,Yes,No,ATM,Restaurant,0
2348.88,16,2,0,46.25,997,Yes,No,Online,Fuel,0
3033.5,11,2,0,42.74,810,Yes,No,Online,Grocery,0
41885.59,4,20,5,479.55,75,No,Yes,Transfer,Travel,1
2202.65,5,2,0,37.78,2267,Yes,No,ATM,Fuel,0
5352.82,19,9,1,74.68,1417,Yes,No,Online,Grocery,0
1165.33,1,5,0,8.26,481,No,No,POS,Grocery,0
5813.52,20,3,0,7.12,2304,Yes,No,ATM,Grocery,0
1930.65,20,1,0,11.13,1362,Yes,No,POS,Fuel,0
3513.66,16,0,0,24.71,98,Yes,No,ATM,Other,0
997.06,19,1,0,10.4,582,Yes,Yes,Online,Travel,0
64033.74,4,15,7,397.65,121,No,Yes,Transfer,Travel,1
22255.69,0,18,2,464.3,48,No,Yes,Transfer,Travel,1
2951.17,13,1,0,26.02,507,Yes,No,Online,Travel,0
4590.28,15,3,0,53.22,2103,Yes,No,Online,Grocery,0
6920.65,22,2,1,5.79,1911,Yes,No,POS,Travel,0
1552.2,17,2,1,32.66,1587,Yes,No,POS,Other,0
3004.26,14,2,0,33.99,233,No,No,POS,Grocery,0
1063.48,13,2,1,66.1,488,Yes,No,Transfer,Other,0
660.19,3,3,0,103.59,552,Yes,No,POS,Electronics,0
3818.29,7,2,0,7.76,2764,Yes,No,POS,Electronics,0
1453.61,10,1,0,16.65,682,Yes,No,POS,Grocery,0
55992.75,2,20,7,192.98,96,No,Yes,Online,Electronics,1
3925.77,20,2,0,9.89,862,Yes,No,Transfer,Electronics,0
779.47,15,6,0,69.48,2194,Yes,No,Online,Other,0
4344.97,2,1,1,45.72,643,No,No,Online,Restaurant,1
21245.45,1,22,4,237.25,123,No,Yes,Transfer,Jewellery,1
5030.67,11,5,2,24.21,93,No,No,Transfer,Restaurant,0
1583.48,15,3,2,7.6,2689,No,No,ATM,Restaurant,0
3250.26,10,0,0,8.74,1645,Yes,No,ATM,Grocery,0
3514.35,17,2,1,25.33,2584,Yes,No,Online,Restaurant,0
3046.03,5,4,1,15.26,2161,Yes,No,ATM,Restaurant,0
1114.08,3,2,0,44.1,459,Yes,No,Online,Travel,0
1797.28,5,6,0,50.71,1994,Yes,No,Transfer,Restaurant,0
2852.14,22,2,0,16.54,2838,Yes,No,ATM,Restaurant,0
43635.99,3,12,3,356.48,39,No,Yes,Transfer,Electronics,1
2191.67,6,2,0,24.23,461,No,No,POS,Fuel,0
587.31,8,3,0,23.55,1659,Yes,Yes,Transfer,Other,0
2297.33,20,1,0,67.59,1695,Yes,No,Online,Fuel,0
9453.77,8,5,0,6.32,2347,Yes,No,Transfer,Grocery,0
4365.32,21,5,1,66.11,477,No,Yes,POS,Jewellery,0
3810.44,23,2,0,47.05,1970,Yes,No,Online,Electronics,0
20568.66,1,22,6,246.17,172,No,Yes,Transfer,Electronics,1
2379.48,8,5,0,43.25,730,Yes,No,POS,Travel,0
543.67,14,3,0,22.92,2379,No,No,POS,Other,0
1678.6,16,1,1,15.91,1652,Yes,Yes,ATM,Restaurant,0
4216.22,2,4,1,11.25,2808,Yes,No,Online,Jewellery,0
3830.29,19,2,0,48.07,713,Yes,No,Online,Electronics,0
2033.2,10,5,0,30.26,969,No,Yes,Online,Grocery,0
3044.07,20,5,0,82.7,2750,Yes,No,POS,Grocery,0
3427.48,14,2,0,44.93,1313,Yes,No,POS,Restaurant,0
2119.75,20,4,0,32.68,1183,Yes,No,Transfer,Restaurant,0
4538.13,1,4,1,15.26,2409,Yes,No,Online,Grocery,0
3781.63,1,4,1,17.68,333,Yes,No,Transfer,Travel,0
2446.26,2,1,0,14.07,1792,Yes,No,ATM,Fuel,0
1181.93,20,2,0,36.45,1062,Yes,No,POS,Restaurant,1
2313.64,23,2,2,22.33,2693,Yes,No,ATM,Restaurant,0
2196.45,23,0,0,15.77,394,No,Yes,POS,Electronics,0
2029.69,7,3,0,87.51,992,Yes,No,Transfer,Jewellery,0
811.37,6,4,0,57.27,577,Yes,No,Online,Fuel,0
7884.83,8,2,0,25.96,570,No,No,POS,Electronics,0
7638.79,19,3,1,27.88,765,Yes,Yes,Online,Restaurant,0
2965.23,6,1,1,46.57,1649,No,No,ATM,Grocery,0
3874.73,13,1,0,22.92,1487,Yes,No,Transfer,Grocery,0
4484.82,15,3,0,7.84,1405,No,No,POS,Jewellery,0
2999.53,8,2,0,14.56,2636,No,No,Online,Restaurant,0
4066.44,11,4,0,28.25,2644,Yes,No,POS,Travel,0
4920.29,15,0,0,27.99,638,Yes,No,POS,Grocery,0
3684.47,18,2,0,4.87,275,Yes,No,POS,Electronics,0
5505.31,4,4,0,46.19,2030,No,No,Online,Electronics,0
1976.34,12,4,0,5.25,145,Yes,No,POS,Other,0
3247.89,3,3,0,10.13,1818,No,No,Online,Jewellery,0
15241.29,0,1,0,49.11,530,No,Yes,Transfer,Electronics,1
6361.46,15,5,1,21.65,521,Yes,No,Online,Electronics,0
3743.08,11,4,0,61.09,2018,Yes,Yes,POS,Fuel,0
1555.48,6,2,0,53.77,2318,Yes,No,ATM,Grocery,0
3367.11,1,2,0,7.72,983,No,No,Online,Restaurant,0
6086.78,22,1,0,18.72,1080,Yes,No,Online,Travel,0
5288.67,19,4,0,15.4,301,Yes,No,Transfer,Grocery,0
637.48,22,5,1,16.9,2685,No,No,POS,Electronics,0
840.46,2,2,1,14.84,2660,Yes,No,POS,Restaurant,0
877.29,0,2,0,9.68,482,Yes,No,POS,Grocery,0
4533.3,5,3,2,57.05,2289,Yes,No,POS,Restaurant,0
888.36,2,0,0,10.62,2761,Yes,No,POS,Electronics,0
1499.64,11,1,0,20.93,2654,No,No,Online,Grocery,0
2921.35,15,1,1,9.93,1282,Yes,No,POS,Other,0
6752.67,4,4,0,29.14,344,Yes,No,Online,Grocery,1
4680.13,9,1,0,20.27,1562,Yes,No,POS,Grocery,0
45478.23,2,12,2,148.64,29,No,Yes,Transfer,Electronics,1
5608.96,7,2,0,56.73,1051,No,No,POS,Grocery,0
11217.8,11,1,2,22.77,1879,No,No,POS,Grocery,0
3388.53,14,4,0,24.56,1725,No,No,Transfer,Jewellery,0
1121.86,22,1,0,4.83,245,Yes,No,POS,Grocery,0
1543.77,7,4,0,27.93,1877,Yes,No,POS,Other,0
1531.71,2,2,1,44.38,2974,Yes,No,POS,Restaurant,0
1828.85,20,1,0,12.5,593,Yes,No,ATM,Restaurant,0
2533.28,13,4,1,20.22,2978,Yes,Yes,Online,Jewellery,0
3966.63,11,4,1,64.99,323,Yes,No,POS,Travel,0
974.33,17,4,0,15.81,1560,Yes,No,POS,Jewellery,0
1144.7,23,4,0,39.45,295,Yes,No,ATM,Travel,0
4890.98,3,5,0,21.34,2981,Yes,No,POS,Restaurant,0
2204.4,20,1,1,57.53,2373,Yes,No,POS,Grocery,0
1668.36,15,3,0,32.12,2811,Yes,No,POS,Grocery,0
2751.32,14,2,0,13.86,131,No,No,ATM,Jewellery,0
7518.4,20,5,0,7.3,1831,Yes,No,POS,Grocery,0
5346.24,7,5,1,74.84,2481,Yes,No,Online,Other,0
5104.96,18,6,0,36.57,263,Yes,No,Online,Grocery,0
9225.39,13,2,0,31.51,2795,Yes,No,POS,Jewellery,1
4097.4,22,2,0,17.88,388,No,No,POS,Restaurant,0
9764.07,11,3,0,5.88,340,No,No,Transfer,Fuel,0
10261.54,17,3,3,33.42,899,Yes,No,ATM,Jewellery,0
1002.59,11,2,0,32.28,2754,Yes,No,Transfer,Other,0
765.81,9,3,1,39.2,2472,No,No,Online,Other,0
1448.77,9,3,1,61.36,1302,Yes,No,POS,Grocery,0
7042.41,22,5,1,30.0,1623,Yes,No,Online,Grocery,0
2792.85,20,1,0,5.09,125,Yes,No,Online,Fuel,0
2542.56,5,5,1,41.33,2494,Yes,Yes,Online,Grocery,1
5709.23,20,3,0,76.63,164,No,No,POS,Grocery,0
2119.02,14,4,0,23.78,2138,Yes,No,Online,Electronics,0
44106.07,4,20,5,160.44,17,No,Yes,Transfer,Jewellery,1
4889.4,18,2,0,21.11,2446,Yes,No,POS,Grocery,0
1561.22,3,2,0,26.83,88,Yes,No,POS,Other,0
1277.55,20,1,2,33.29,804,No,No,Online,Restaurant,0
22494.38,0,8,6,242.8,117,No,Yes,Online,Electronics,1
3686.55,21,6,0,15.56,2104,Yes,No,POS,Grocery,0
52545.18,0,11,5,117.52,179,No,Yes,Transfer,Travel,1
69707.35,2,21,3,260.96,88,No,Yes,Transfer,Electronics,1
1874.1,18,5,0,5.08,1099,Yes,Yes,ATM,Fuel,0
10196.93,17,3,0,19.32,2072,Yes,No,POS,Travel,0
6267.97,7,5,0,33.73,1897,Yes,No,POS,Electronics,0
2987.23,4,1,0,18.25,1466,Yes,No,POS,Jewellery,0
6932.05,20,4,0,44.03,1767,Yes,No,Online,Electronics,0
1422.83,18,0,0,14.52,1012,Yes,No,Online,Electronics,0
2740.11,7,3,0,15.29,1718,Yes,No,POS,Grocery,0
75884.69,2,18,4,424.1,31,No,Yes,Transfer,Travel,1
50909.3,1,8,2,372.37,147,No,Yes,Online,Travel,1
2580.59,4,2,0,48.87,30,Yes,No,POS,Travel,0
35502.86,23,18,3,434.38,26,No,Yes,Transfer,Travel,1
6325.68,19,2,0,27.89,2317,Yes,Yes,POS,Grocery,0
2316.26,22,3,1,33.32,2519,Yes,No,POS,Jewellery,0
1053.09,11,5,2,8.93,1611,Yes,No,Online,Electronics,0
865.39,3,8,0,2.77,2568,Yes,No,POS,Grocery,1
489.16,13,2,0,8.06,1297,No,No,POS,Grocery,0
9126.57,16,3,0,4.94,2176,Yes,No,POS,Electronics,0
5254.28,23,3,0,32.33,1593,Yes,Yes,POS,Jewellery,0
4504.86,2,4,0,54.82,10,Yes,Yes,POS,Restaurant,0
2090.89,15,2,0,8.65,822,Yes,Yes,POS,Fuel,0
2081.51,12,4,0,30.83,2016,Yes,No,POS,Restaurant,0
6462.11,14,5,0,69.36,1854,No,No,POS,Grocery,0
769.25,2,4,0,46.92,2214,Yes,No,Online,Jewellery,0
2393.19,0,4,0,34.99,693,Yes,No,POS,Grocery,0
7077.98,14,1,0,25.92,559,Yes,No,ATM,Travel,0
2389.97,4,2,0,32.9,2782,Yes,No,ATM,Fuel,0
26710.73,1,11,7,263.49,26,No,Yes,Online,Jewellery,1
3075.12,0,3,0,22.73,2341,Yes,No,ATM,Jewellery,0
207.26,19,0,0,10.28,179,Yes,No,Online,Travel,0
2981.18,7,5,0,15.17,2652,No,Yes,Online,Grocery,0
3423.52,10,2,1,31.15,2593,Yes,No,Online,Travel,0
2814.4,8,1,0,51.68,2148,Yes,No,POS,Travel,0
1225.18,10,6,1,8.95,878,Yes,No,POS,Restaurant,0
2837.69,12,6,0,92.92,251,No,No,Online,Restaurant,0
522.79,15,3,1,4.54,635,Yes,No,ATM,Grocery,0
2371.01,16,1,0,11.78,1568,No,No,POS,Jewellery,0
5350.93,23,3,1,32.16,2860,Yes,No,POS,Fuel,0
8805.01,4,4,0,41.34,2114,Yes,No,Online,Fuel,0
7878.9,20,4,0,15.38,1439,No,No,Online,Restaurant,0
1391.19,14,2,0,26.52,1855,No,Yes,Online,Electronics,0
901.74,7,4,0,22.71,2217,Yes,No,POS,Other,0
3665.37,22,4,1,19.56,2056,Yes,No,POS,Fuel,0
3265.92,16,2,1,11.61,327,Yes,No,Online,Grocery,0
4824.47,4,1,0,31.59,1611,Yes,No,POS,Electronics,0
1955.3,4,1,1,32.86,2699,No,No,POS,Restaurant,0
3338.49,15,1,1,25.8,1902,Yes,No,Online,Electronics,0
3210.5,17,7,1,44.1,1140,Yes,No,POS,Electronics,0
2434.02,1,4,0,31.53,1686,Yes,Yes,ATM,Jewellery,0
717.26,15,2,0,13.54,2161,No,No,POS,Travel,0
5298.18,12,5,1,69.91,244,No,No,POS,Jewellery,0
3683.22,23,4,1,37.72,560,Yes,No,POS,Restaurant,1
5548.19,17,3,2,20.1,1759,Yes,No,POS,Other,0
6458.51,21,3,0,17.69,285,Yes,No,POS,Fuel,0
3009.72,0,3,1,17.44,1403,Yes,Yes,POS,Travel,0
5320.84,18,1,0,9.65,2284,Yes,No,POS,Travel,0
8938.8,8,3,0,14.77,1519,Yes,No,Online,Fuel,0
10824.65,13,4,1,28.81,2415,No,No,Online,Other,0
4004.7,21,3,1,38.63,233,No,No,POS,Restaurant,0
4226.07,20,4,0,64.08,1391,Yes,No,POS,Fuel,0
3957.46,5,1,0,20.4,2712,Yes,No,Online,Other,0
4708.76,5,2,0,30.88,1805,No,No,Online,Fuel,0
6273.91,17,7,1,30.38,2518,No,No,Online,Fuel,0
3899.24,21,1,0,14.62,1212,Yes,No,Online,Grocery,0
41607.13,0,14,6,302.64,109,No,Yes,Online,Electronics,1
9490.27,1,2,1,7.14,921,No,No,Online,Grocery,1
3417.04,3,0,0,23.82,2699,Yes,No,Online,Other,1
3402.15,17,3,1,20.23,669,Yes,No,POS,Restaurant,0
2295.5,17,8,0,15.55,2532,No,No,POS,Jewellery,0
4884.13,21,1,0,32.84,1910,Yes,Yes,POS,Electronics,1
2599.56,12,1,0,64.3,2332,Yes,No,Online,Restaurant,0
2213.32,10,5,0,48.12,2844,Yes,No,POS,Electronics,0
54237.8,4,19,2,458.2,90,No,Yes,Online,Travel,1
1326.1,18,2,3,45.53,1525,Yes,No,POS,Grocery,0
6346.48,22,0,0,77.77,1982,Yes,No,POS,Grocery,0
4944.27,1,3,0,13.73,344,No,No,Transfer,Electronics,0
9172.44,11,3,0,23.67,376,Yes,No,ATM,Restaurant,1
4055.62,8,4,0,35.4,2775,No,No,POS,Jewellery,0
5471.98,17,2,0,37.49,488,No,No,Online,Fuel,1
5958.44,18,3,0,20.51,164,Yes,No,Online,Grocery,0
7474.16,5,4,0,30.27,225,No,No,Online,Travel,0
3744.52,22,1,0,21.42,56,Yes,No,Online,Travel,0
2281.86,3,2,1,24.91,1263,Yes,No,ATM,Grocery,0
4121.96,18,1,0,5.06,261,Yes,No,Online,Restaurant,0
6341.61,17,2,0,64.24,499,Yes,No,POS,Restaurant,0
36800.11,4,17,6,280.48,98,No,Yes,Online,Travel,1
21758.36,23,11,2,287.62,15,No,Yes,Transfer,Travel,1
16769.34,6,2,0,38.65,359,Yes,No,Transfer,Travel,0
2222.6,6,1,0,52.27,1555,Yes,No,Online,Jewellery,1
5535.76,2,3,1,21.17,628,Yes,No,Online,Other,1
8029.17,17,4,0,42.03,927,No,No,Online,Fuel,0
3191.89,19,2,1,24.02,1400,Yes,No,POS,Restaurant,0
7083.87,12,4,0,32.4,603,Yes,No,ATM,Electronics,0
717.66,18,0,0,17.35,2190,Yes,No,POS,Grocery,0
7255.63,8,4,0,39.11,2106,No,No,POS,Restaurant,0
47577.71,1,19,6,258.25,156,No,Yes,Online,Jewellery,1
4487.3,18,2,1,90.83,1723,Yes,No,Online,Grocery,1
6355.05,10,2,0,14.85,1006,Yes,No,POS,Jewellery,0
9657.55,14,2,0,9.62,1659,Yes,No,POS,Travel,0
8194.45,3,5,0,25.32,1969,No,No,POS,Electronics,0
3330.8,12,2,1,19.45,1065,Yes,No,Transfer,Grocery,0
4094.34,20,2,1,63.57,1830,No,No,Transfer,Other,0
2926.49,18,3,0,80.73,2268,Yes,Yes,POS,Other,0
2651.5,7,3,2,15.29,2413,No,No,ATM,Other,0
5935.03,13,2,1,35.31,465,No,No,POS,Jewellery,0
2902.67,14,0,0,32.58,1667,No,No,Online,Grocery,0
5925.91,22,3,0,34.46,1338,Yes,No,POS,Jewellery,0
3189.14,19,2,3,11.67,2702,Yes,No,ATM,Restaurant,0
3539.55,19,3,1,11.36,1167,Yes,No,POS,Other,0
1767.09,18,5,0,27.34,715,Yes,No,Online,Travel,0
5822.75,8,2,1,33.26,2391,Yes,Yes,Online,Fuel,1
675.4,9,3,0,7.71,1183,Yes,No,Online,Electronics,0
7435.76,11,7,0,16.76,567,Yes,No,POS,Travel,0
13050.97,10,4,1,22.97,1617,Yes,No,Online,Restaurant,0
3628.56,22,2,0,54.03,2961,Yes,No,Online,Other,1
3513.37,21,2,1,44.53,901,Yes,No,POS,Fuel,0
916.84,21,2,1,62.52,485,Yes,No,POS,Fuel,0
2333.12,14,1,0,25.23,1420,Yes,No,Online,Restaurant,0
6400.94,4,4,0,18.38,1325,Yes,No,POS,Electronics,0
7011.27,3,5,0,59.87,904,Yes,No,Online,Fuel,0
3963.99,6,5,1,24.56,1823,Yes,No,Transfer,Grocery,0
6151.15,15,4,0,38.93,72,No,Yes,POS,Grocery,1
1796.51,8,3,0,3.66,1273,Yes,No,ATM,Fuel,0
4627.51,15,1,1,23.76,408,No,Yes,Online,Grocery,0
54540.3,0,8,7,335.4,129,No,Yes,Online,Electronics,1
5258.03,8,3,1,24.31,1655,Yes,Yes,POS,Travel,0
9561.37,22,9,1,26.99,1936,No,No,Transfer,Restaurant,0
9750.48,12,2,0,58.63,1806,Yes,No,Online,Electronics,0
4835.02,19,7,0,17.12,2047,No,Yes,Online,Other,0
101.15,1,2,1,44.2,2046,Yes,No,ATM,Electronics,0
53783.63,4,17,3,263.24,97,No,Yes,Transfer,Travel,1
1214.46,22,3,1,7.57,1841,Yes,No,POS,Restaurant,0
236.11,21,0,0,11.98,395,Yes,No,POS,Travel,0
580.59,13,7,0,14.63,1122,Yes,No,ATM,Fuel,0
7238.67,0,0,0,43.88,1346,Yes,No,ATM,Grocery,0
4861.91,1,3,0,27.33,2716,Yes,No,POS,Grocery,0
4040.72,10,1,1,5.21,1211,No,No,Online,Fuel,0
5185.14,21,1,1,29.45,2603,Yes,No,ATM,Grocery,0
619.89,9,1,1,29.38,2255,Yes,No,POS,Electronics,0
2916.81,21,4,1,62.49,1181,Yes,No,POS,Fuel,0
2052.43,12,2,1,13.11,2528,No,No,Transfer,Jewellery,0
3820.65,3,1,0,43.7,1426,Yes,No,POS,Electronics,1
3918.77,13,1,0,37.09,1355,Yes,No,Online,Grocery,0
5034.98,8,3,1,9.33,399,Yes,Yes,Online,Electronics,0
5564.44,5,1,0,54.66,360,Yes,No,POS,Restaurant,0
652.98,16,2,0,33.09,1658,No,No,Online,Electronics,0
2946.93,4,6,0,54.37,2286,Yes,No,ATM,Electronics,0
3459.47,21,2,0,73.63,2546,Yes,No,Online,Fuel,0
1183.35,19,4,0,11.59,2351,Yes,No,Online,Jewellery,0
1073.36,18,2,1,31.31,1356,No,No,POS,Restaurant,0
584.23,1,2,0,6.79,833,No,No,POS,Travel,1
937.43,23,2,0,54.02,1228,Yes,No,POS,Travel,0
6126.38,11,4,0,5.0,522,Yes,No,Online,Fuel,0
770.33,17,4,0,8.6,1573,Yes,No,POS,Restaurant,0
905.05,4,5,1,16.16,432,Yes,No,Transfer,Restaurant,0
3707.75,18,4,0,24.64,2275,Yes,No,ATM,Grocery,0
4614.22,7,4,0,45.1,312,Yes,No,Transfer,Other,0
3380.79,16,2,2,5.6,1230,Yes,Yes,POS,Fuel,0
1401.63,6,4,0,30.95,878,No,Yes,Online,Grocery,0
1095.46,22,2,0,15.44,1876,Yes,No,ATM,Jewellery,0
3633.47,17,1,0,23.93,2151,Yes,No,POS,Electronics,0
3111.64,10,4,0,61.04,1176,Yes,Yes,Online,Other,0
47982.4,3,21,4,419.06,77,No,Yes,Online,Electronics,1
5945.51,0,2,0,36.79,2758,Yes,No,Transfer,Jewellery,0
2961.11,7,1,1,3.5,2514,Yes,Yes,Online,Grocery,0
1008.01,18,1,2,13.09,2532,Yes,No,Transfer,Electronics,0
2555.52,19,1,0,24.79,1009,Yes,No,POS,Jewellery,0
4980.58,23,3,1,7.06,138,No,No,Online,Grocery,0
2827.2,2,4,0,4.68,2118,Yes,No,POS,Travel,0
4919.81,6,1,0,13.42,633,No,No,POS,Other,0
5602.64,18,4,0,24.75,642,No,No,ATM,Fuel,0
2968.73,8,3,0,43.17,2392,Yes,No,POS,Travel,0
3369.1,5,5,0,43.34,351,No,No,Online,Travel,0
2692.25,6,2,0,22.32,2508,Yes,Yes,POS,Restaurant,0
4995.15,22,3,0,27.27,731,Yes,No,Transfer,Grocery,0
2628.3,20,2,1,6.13,998,No,No,Online,Restaurant,0
4661.96,0,1,2,85.34,1882,Yes,No,Online,Travel,1
3965.17,20,4,0,66.22,2075,Yes,No,Online,Travel,0
576.57,13,4,0,32.57,1995,Yes,No,POS,Jewellery,0
4840.87,20,6,1,19.64,1526,Yes,No,Transfer,Restaurant,0
3706.98,14,1,0,52.76,1864,Yes,No,POS,Restaurant,0
7630.88,16,4,1,86.45,1144,Yes,No,POS,Grocery,0
1234.48,13,3,1,35.96,1272,Yes,No,Online,Electronics,0
4011.32,17,4,0,43.73,376,Yes,No,POS,Jewellery,0
2347.16,19,4,1,15.91,1683,Yes,No,POS,Grocery,0
18448.54,4,21,4,333.93,16,No,Yes,Online,Electronics,1
460.86,2,1,1,22.92,2824,Yes,No,Online,Grocery,0
8650.7,2,4,1,39.29,2889,No,No,ATM,Fuel,0
4020.57,9,2,0,5.94,233,Yes,No,POS,Restaurant,0
2893.87,11,1,0,81.56,1921,Yes,No,ATM,Restaurant,0
845.65,20,8,0,37.19,256,Yes,No,Online,Jewellery,0
8318.29,0,2,0,43.51,1080,Yes,No,ATM,Grocery,0
48422.95,0,9,4,336.29,91,No,Yes,Online,Jewellery,1
4155.53,1,3,1,16.92,872,Yes,No,ATM,Restaurant,0
3602.85,11,4,1,27.39,2407,No,No,Online,Grocery,0
10910.33,10,4,1,9.08,34,Yes,No,Transfer,Travel,0
3309.46,13,5,1,105.13,2636,No,No,Online,Electronics,1
2232.32,1,1,1,63.18,2942,No,No,POS,Jewellery,0
4063.77,18,1,1,28.53,2194,No,No,POS,Jewellery,0
45396.03,3,13,2,215.29,66,No,Yes,Online,Travel,1
15845.22,18,2,1,19.71,670,Yes,No,Online,Fuel,0
3268.49,13,2,0,55.84,1859,No,Yes,POS,Restaurant,0
1197.09,21,5,1,23.09,2279,No,Yes,POS,Electronics,0
2544.32,23,6,0,78.01,1045,Yes,No,POS,Restaurant,0
4057.33,20,2,0,14.97,660,Yes,No,Online,Fuel,0
84280.24,3,22,5,405.64,141,No,Yes,Online,Travel,1
770.05,9,4,0,25.09,54,Yes,No,POS,Electronics,0
2313.06,15,3,1,13.75,1582,Yes,No,POS,Electronics,0
10501.91,15,2,0,36.18,465,Yes,No,Online,Fuel,0
1587.76,18,5,1,11.57,951,Yes,Yes,Online,Restaurant,0
6039.28,11,3,0,105.37,2904,Yes,No,Online,Jewellery,0
2611.63,11,5,0,37.44,216,Yes,No,Transfer,Restaurant,0
3411.17,2,1,0,19.37,2145,Yes,No,Online,Electronics,1
869.55,4,2,3,70.25,741,Yes,No,POS,Restaurant,0
2809.4,19,2,1,20.38,449,Yes,No,ATM,Electronics,0
4022.01,23,4,0,20.22,1654,Yes,No,POS,Fuel,0
3298.83,14,2,1,18.8,938,Yes,No,POS,Other,0
2944.22,8,2,2,38.38,2052,Yes,No,POS,Fuel,0
5012.43,1,3,0,18.51,2650,Yes,Yes,POS,Grocery,0
1092.17,1,2,0,16.26,2157,Yes,Yes,POS,Travel,0
4156.07,16,5,2,6.65,2143,Yes,No,POS,Restaurant,0
78889.5,3,20,5,285.4,47,No,Yes,Transfer,Electronics,1
7183.71,6,3,0,46.72,738,Yes,No,Transfer,Restaurant,0
3019.26,4,0,0,13.92,1357,Yes,No,Transfer,Other,0
5770.57,1,5,0,29.64,2931,Yes,Yes,Online,Electronics,0
163.82,16,5,1,3.88,1591,Yes,Yes,Online,Other,1
5230.66,14,4,1,45.14,1750,No,No,POS,Grocery,0
1829.91,7,1,1,121.15,1883,Yes,No,Online,Travel,1
3427.78,17,5,0,8.77,1652,Yes,No,Online,Other,0
5287.53,20,2,0,11.13,351,Yes,No,ATM,Electronics,0
3199.86,12,3,0,20.89,1763,Yes,No,POS,Restaurant,0
4866.42,6,4,0,4.8,487,Yes,No,Online,Jewellery,0
2641.33,0,3,0,9.68,2201,Yes,No,POS,Fuel,0
7557.91,19,3,1,43.19,2693,No,No,POS,Other,0
3013.03,13,7,0,25.69,797,No,No,Transfer,Electronics,1
3058.54,8,1,0,25.79,887,Yes,No,ATM,Grocery,0
3100.96,0,0,0,3.87,81,No,No,POS,Fuel,1
3359.25,19,4,0,6.72,970,Yes,No,POS,Restaurant,0
37827.66,1,11,6,161.75,102,No,Yes,Transfer,Electronics,1
1545.01,11,0,0,62.92,534,Yes,No,POS,Jewellery,0
6346.5,6,2,0,16.41,1426,Yes,No,Online,Grocery,0
5768.32,14,0,0,30.42,2421,Yes,Yes,ATM,Restaurant,0
5523.54,20,4,0,13.87,2436,No,No,POS,Travel,0
4567.38,14,4,0,25.51,111,Yes,No,Transfer,Grocery,0
2270.6,0,3,0,84.66,2782,Yes,No,POS,Electronics,1
2091.72,4,1,1,34.38,2537,No,No,POS,Fuel,0
3257.01,2,6,0,20.59,1836,Yes,No,Online,Restaurant,0
7004.51,9,2,0,41.17,2412,Yes,Yes,Online,Electronics,0
3862.42,10,2,0,40.29,1789,Yes,No,Online,Jewellery,0
1480.43,12,2,0,37.22,1247,Yes,No,Online,Other,0
934.12,18,2,0,16.72,1911,Yes,No,ATM,Electronics,0
5889.42,2,3,1,5.54,2666,Yes,No,POS,Restaurant,0
8464.57,22,0,1,22.84,244,Yes,No,POS,Fuel,0
731.97,6,2,1,9.89,2200,No,No,Online,Fuel,0
6020.69,12,3,1,8.7,1095,Yes,No,Online,Grocery,0
4494.0,5,3,0,29.96,2553,Yes,Yes,Online,Restaurant,0
1779.61,8,2,0,24.85,1975,Yes,No,POS,Restaurant,0
3898.52,19,2,0,41.11,304,Yes,No,Online,Grocery,0
1280.93,1,3,0,36.78,1585,Yes,No,POS,Other,0
2844.44,11,2,1,40.36,2510,Yes,No,POS,Electronics,0
3388.65,14,1,0,109.86,2356,No,No,POS,Jewellery,1
84023.23,1,8,2,231.21,158,No,Yes,Online,Travel,1
41632.05,1,10,3,235.0,161,No,Yes,Transfer,Travel,1
1942.83,9,6,0,29.37,2987,Yes,No,Online,Other,0
4261.73,21,1,0,3.62,1913,Yes,Yes,POS,Restaurant,0
4955.32,5,2,0,22.45,2443,Yes,No,POS,Electronics,0
1885.98,11,3,0,8.87,2519,Yes,No,POS,Electronics,0
1432.03,8,2,1,46.51,2970,Yes,Yes,POS,Jewellery,0
1538.32,18,4,0,15.89,1993,No,No,POS,Restaurant,0
7528.01,19,4,0,12.34,1652,Yes,No,Online,Other,0
4809.08,20,3,0,61.05,240,Yes,No,Transfer,Grocery,0
2607.58,2,3,0,32.16,414,Yes,No,ATM,Travel,0
19420.26,3,12,2,143.43,85,No,Yes,Online,Electronics,1
20734.52,3,13,5,242.93,144,No,Yes,Transfer,Jewellery,1
3164.45,10,6,1,9.69,2552,Yes,Yes,Transfer,Electronics,0
1262.35,1,2,0,6.47,2555,Yes,No,Online,Restaurant,0
6532.01,21,4,1,37.68,454,Yes,No,POS,Electronics,0
1753.89,21,2,0,56.67,1351,Yes,No,Transfer,Grocery,0
1786.36,10,4,0,20.35,1859,Yes,No,POS,Grocery,0
4327.83,18,1,2,57.92,1860,Yes,No,POS,Travel,0
80233.66,2,23,2,220.41,87,No,Yes,Online,Jewellery,1
1029.03,15,2,0,17.47,2819,Yes,No,POS,Grocery,0
5405.44,20,3,0,28.24,681,Yes,No,POS,Electronics,0
1519.01,2,0,1,11.6,2510,Yes,No,POS,Grocery,0
21062.42,0,20,6,189.18,159,No,Yes,Online,Electronics,1
3756.26,10,2,0,60.24,1932,Yes,No,Transfer,Restaurant,0
681.37,21,2,2,9.84,1274,No,No,Transfer,Restaurant,0
8739.87,14,6,1,16.62,1085,Yes,No,POS,Jewellery,0
3753.36,9,4,1,60.1,1718,No,No,Online,Restaurant,1
28641.5,0,14,2,91.42,84,No,Yes,Online,Electronics,1
3743.66,14,4,1,13.12,2247,Yes,Yes,Online,Travel,1
675.77,6,2,0,76.17,227,Yes,No,POS,Restaurant,0
3240.58,7,1,2,87.27,299,Yes,Yes,Online,Grocery,1
1611.02,23,5,0,30.62,1147,Yes,No,POS,Fuel,0
3096.31,12,0,1,28.68,611,Yes,No,Online,Jewellery,0
2318.17,3,4,0,89.22,2153,No,No,Online,Restaurant,1
3607.55,1,3,0,62.45,1929,Yes,No,Online,Grocery,0
27425.48,4,12,7,132.69,34,No,Yes,Online,Jewellery,1
2204.18,1,6,0,15.55,377,No,No,POS,Electronics,0
1465.28,10,0,0,19.25,2530,Yes,No,POS,Other,0
707.19,9,4,1,3.22,1975,Yes,Yes,POS,Fuel,0
564.96,21,5,0,4.05,2683,Yes,No,POS,Grocery,0
1062.05,8,3,0,4.83,1974,Yes,No,Online,Restaurant,0
5126.79,6,1,0,19.71,1217,Yes,No,POS,Electronics,0
1395.03,14,2,1,11.65,1016,Yes,No,POS,Restaurant,0
1925.88,15,2,1,30.12,2497,No,No,ATM,Grocery,0
1940.57,0,3,1,14.61,2966,No,No,Online,Other,0
2346.99,2,3,1,70.08,1309,Yes,No,Online,Other,0
4540.34,4,2,1,10.74,1426,Yes,No,POS,Fuel,1
2586.45,18,5,0,2.83,1199,No,No,Online,Grocery,0
5786.64,5,2,0,6.42,2885,Yes,No,Online,Electronics,0
1073.48,23,3,1,63.51,370,Yes,No,POS,Fuel,0
5384.94,10,2,0,10.85,544,No,Yes,Transfer,Restaurant,1
8077.05,22,4,0,45.12,2467,No,No,POS,Grocery,1
3210.25,5,4,0,29.56,2806,Yes,No,Online,Grocery,0
1308.14,10,3,0,56.92,833,Yes,No,POS,Jewellery,0
4602.26,3,1,0,75.67,1733,Yes,Yes,POS,Restaurant,0
3251.94,20,3,0,31.67,862,Yes,No,POS,Grocery,0
4057.88,14,1,1,32.35,2969,Yes,No,Online,Fuel,0
5899.82,1,1,0,1.45,215,Yes,No,Online,Travel,1
2435.98,17,3,0,27.59,1797,No,No,ATM,Fuel,0
2146.7,21,3,0,16.9,1778,Yes,No,POS,Jewellery,0
14837.42,16,7,0,40.92,2794,No,No,Online,Travel,1
4643.36,19,6,1,45.24,1700,Yes,No,Online,Electronics,0
6594.76,6,5,0,7.33,1054,Yes,No,Online,Restaurant,0
5672.47,10,2,0,22.58,1482,Yes,No,POS,Grocery,0
6649.05,20,6,0,66.86,1902,Yes,Yes,Online,Grocery,0
4155.41,14,4,0,45.39,2550,Yes,No,Online,Grocery,0
6125.08,14,1,0,34.84,105,Yes,Yes,ATM,Other,0
1935.57,18,8,0,38.85,2154,Yes,No,Online,Fuel,0
689.28,14,1,0,1.1,1753,No,No,Online,Electronics,0
1554.69,3,1,0,26.08,601,Yes,No,POS,Fuel,0
2912.31,5,5,0,14.11,1131,Yes,No,POS,Restaurant,0
23485.69,1,14,2,420.55,40,No,Yes,Transfer,Travel,1
3265.48,5,6,2,109.52,2473,Yes,No,Online,Travel,1
1844.65,15,1,0,14.35,2525,Yes,No,POS,Grocery,0
437.08,11,5,0,82.67,1495,Yes,No,Transfer,Restaurant,0
2383.74,14,4,2,43.12,2097,Yes,Yes,POS,Other,0
952.4,5,1,0,1.18,1574,Yes,No,Online,Fuel,0
3164.5,7,3,1,67.99,2049,Yes,No,POS,Grocery,0
4294.93,16,4,0,56.37,2949,Yes,No,POS,Fuel,0
2348.09,4,2,0,26.19,270,No,No,POS,Grocery,0
1237.61,7,5,1,43.14,2672,Yes,No,Online,Other,1
3387.62,23,5,0,47.05,548,Yes,No,POS,Other,0
15355.73,3,4,0,75.02,2795,No,No,POS,Fuel,0
4641.91,13,1,0,76.11,1245,No,No,POS,Restaurant,0
4882.16,3,6,0,18.2,517,No,No,ATM,Restaurant,0
2161.54,16,4,0,12.78,148,Yes,No,POS,Restaurant,1
1654.17,3,4,0,14.09,2641,Yes,Yes,POS,Grocery,0
6659.11,13,2,2,12.45,2179,Yes,No,POS,Restaurant,0
283.51,10,4,1,18.94,1289,Yes,No,POS,Electronics,0
1798.27,16,4,0,19.62,2796,Yes,No,Online,Restaurant,0
9276.56,0,3,0,11.44,2558,Yes,No,ATM,Fuel,0
3024.11,12,5,0,22.7,537,Yes,No,POS,Other,0
779.91,13,1,0,67.57,1530,Yes,No,Online,Fuel,0
4383.56,5,1,0,27.46,1933,No,Yes,POS,Grocery,1
2359.98,7,3,1,7.34,2003,Yes,No,POS,Grocery,0
614.42,16,2,0,14.91,1517,No,No,POS,Fuel,0
3822.78,13,3,1,89.84,759,Yes,No,ATM,Electronics,0
3428.43,13,2,0,65.02,714,Yes,No,ATM,Restaurant,0
3286.8,22,5,0,11.53,591,Yes,No,POS,Grocery,0
4596.45,9,1,0,75.57,1446,Yes,No,Online,Fuel,0
1166.34,20,2,1,48.15,1676,Yes,No,POS,Travel,0
4098.92,23,2,1,84.26,2836,Yes,No,Online,Restaurant,0
3608.94,13,2,0,4.56,438,Yes,No,Transfer,Jewellery,0
82997.89,0,15,2,411.63,164,No,Yes,Online,Travel,1
1778.62,10,1,0,50.54,1878,Yes,No,Online,Restaurant,0
7338.55,1,3,0,37.59,1297,No,No,POS,Grocery,0
5606.5,16,5,0,78.95,107,No,No,POS,Fuel,1
2936.52,6,2,0,57.41,2027,No,Yes,POS,Other,0
3285.32,22,2,1,4.01,607,Yes,No,POS,Restaurant,0
312.23,15,5,0,42.11,2219,Yes,No,POS,Other,1
3218.26,11,1,0,60.27,832,Yes,Yes,Online,Other,1
5347.61,4,5,0,9.5,2031,No,No,POS,Grocery,0
2606.22,2,6,0,30.33,514,Yes,Yes,Online,Travel,1
6556.09,16,4,0,10.92,1858,Yes,No,Online,Restaurant,0
4436.12,18,1,1,36.03,363,Yes,No,POS,Jewellery,0
11115.51,6,2,0,22.29,900,Yes,No,ATM,Grocery,0
1883.2,0,1,0,27.18,2293,Yes,No,ATM,Jewellery,0
5005.68,7,2,0,60.31,816,No,No,POS,Electronics,0
978.61,18,5,1,17.88,1261,Yes,Yes,ATM,Travel,0
2790.87,13,4,0,20.26,1305,No,No,ATM,Restaurant,0
4617.64,2,6,0,21.55,771,Yes,No,POS,Grocery,0
45831.28,3,15,7,356.78,17,No,Yes,Transfer,Travel,1
2453.9,2,4,0,18.25,920,Yes,No,POS,Grocery,0
7029.42,18,2,0,13.01,1587,No,No,POS,Travel,0
8041.51,18,2,0,51.31,2383,No,No,Transfer,Grocery,0
1901.04,9,2,1,20.15,2258,No,No,Transfer,Fuel,0
82537.32,3,18,4,297.28,35,No,Yes,Transfer,Travel,1
2637.21,0,5,2,44.54,2064,Yes,No,POS,Grocery,0
2160.18,13,4,0,16.26,2287,Yes,No,POS,Fuel,0
39966.12,2,20,7,118.7,82,No,Yes,Transfer,Jewellery,1
7658.48,19,6,0,74.01,2192,No,No,POS,Restaurant,0
2705.45,11,3,0,37.2,1263,Yes,No,Online,Restaurant,0
60009.65,23,14,2,130.15,63,No,Yes,Online,Travel,1
6505.86,13,3,0,29.11,1733,Yes,Yes,Transfer,Jewellery,0
3859.56,10,6,1,85.12,2719,Yes,No,POS,Jewellery,0
2551.42,22,2,0,45.04,1450,No,No,POS,Travel,0
1791.63,23,5,0,0.92,1696,Yes,No,POS,Electronics,0
5315.83,10,4,0,26.52,2023,No,No,POS,Grocery,0
1056.76,8,3,0,29.21,2517,No,No,POS,Restaurant,0
2604.52,15,2,0,27.07,1479,No,No,Online,Electronics,0
2271.39,4,4,0,3.15,961,Yes,No,ATM,Restaurant,0
996.4,9,4,1,8.92,1894,No,No,ATM,Electronics,0
3028.5,20,1,0,4.4,2072,Yes,No,Online,Jewellery,0
2811.34,21,4,0,94.75,2013,Yes,No,Transfer,Other,1
1495.08,9,2,0,27.46,1811,Yes,No,POS,Grocery,0
7526.33,9,3,0,31.29,2999,Yes,No,Online,Fuel,0
5340.91,20,3,0,22.96,817,Yes,No,POS,Fuel,0
3323.85,4,7,1,11.46,955,No,No,Online,Other,0
5897.98,1,1,0,12.99,2556,Yes,No,ATM,Grocery,0
6843.77,1,2,1,95.08,552,Yes,No,Online,Restaurant,0
7749.22,2,0,0,23.51,2443,No,No,POS,Grocery,0
1874.22,21,2,0,15.94,750,No,No,POS,Other,0
5896.45,0,2,0,57.91,2013,No,No,ATM,Grocery,0
36365.89,0,17,4,268.58,30,No,Yes,Online,Electronics,1
3765.82,14,6,1,7.3,2605,No,No,Online,Other,0
1952.22,14,4,0,11.19,1816,Yes,No,POS,Other,0
3211.12,19,6,0,57.51,664,Yes,No,POS,Electronics,0
5953.67,23,0,0,16.91,1021,Yes,No,POS,Travel,0
52075.65,2,19,3,117.78,63,No,Yes,Transfer,Electronics,1
2984.89,5,6,0,23.4,1917,Yes,No,POS,Other,0
1536.76,2,3,0,47.34,871,Yes,No,POS,Restaurant,0
9916.09,21,1,1,20.63,1720,No,No,Online,Other,0
1814.84,8,1,0,13.17,2819,Yes,No,POS,Restaurant,1
705.68,21,3,0,10.92,182,No,No,POS,Travel,0
55788.4,2,13,7,180.37,138,No,Yes,Online,Travel,1
347.37,18,3,0,15.98,1662,Yes,No,Online,Other,0
6624.17,15,6,0,32.1,2548,No,No,POS,Electronics,0
1716.62,17,1,0,64.42,780,Yes,No,Online,Other,0
1214.4,15,2,0,27.14,547,Yes,No,POS,Fuel,0
3518.17,7,2,0,36.59,1333,Yes,Yes,POS,Travel,0
38111.25,3,21,6,461.74,89,No,Yes,Transfer,Travel,1
4493.73,0,1,0,20.56,2666,Yes,No,POS,Fuel,0
1040.93,10,4,0,65.61,2291,Yes,Yes,Online,Fuel,0
12168.47,21,1,0,46.88,1184,Yes,Yes,POS,Restaurant,0
4131.39,15,6,0,22.69,1082,No,No,Online,Fuel,1
6186.16,16,3,0,27.42,48,Yes,No,POS,Jewellery,0
841.82,6,1,0,21.79,278,Yes,No,POS,Electronics,0
10872.95,11,3,0,42.81,1673,Yes,No,Online,Grocery,0
61132.78,0,15,4,433.22,117,No,Yes,Online,Jewellery,1
20797.1,4,15,3,184.68,163,No,Yes,Online,Travel,1
3824.39,14,3,1,82.82,339,Yes,Yes,Online,Fuel,0
6184.16,8,2,0,29.83,489,Yes,No,POS,Grocery,0
4971.31,9,5,1,7.95,1671,Yes,No,Online,Grocery,0
4911.34,14,4,0,24.14,273,Yes,Yes,Transfer,Restaurant,0
4671.33,0,4,0,77.98,2511,Yes,No,POS,Fuel,1
3582.06,22,3,1,27.29,1333,Yes,No,ATM,Other,0
838.68,5,3,0,9.99,1755,No,No,ATM,Grocery,0
2788.65,16,2,0,23.23,2343,Yes,No,ATM,Restaurant,0
2505.45,18,5,0,69.3,1506,No,No,POS,Fuel,0
7769.64,3,1,1,15.55,229,Yes,No,Online,Jewellery,0
6630.71,5,5,0,70.22,693,Yes,No,POS,Jewellery,0
2257.31,9,4,1,21.75,1048,Yes,No,POS,Grocery,0
5542.03,19,3,1,123.52,497,No,No,POS,Grocery,0
3095.0,15,2,1,16.99,1551,No,No,Online,Restaurant,0
708.63,11,2,1,12.23,65,Yes,Yes,Online,Fuel,0
36952.91,23,12,5,474.04,74,No,Yes,Online,Jewellery,1
5102.2,11,4,1,24.88,2404,Yes,No,POS,Jewellery,0
66184.65,4,15,2,491.03,120,No,Yes,Online,Jewellery,1
1347.99,18,3,1,77.54,100,Yes,No,ATM,Restaurant,0
1856.41,4,5,0,51.79,1346,Yes,No,ATM,Electronics,0
5179.62,9,4,0,67.9,2577,Yes,No,POS,Fuel,0
6690.72,0,5,2,57.38,738,Yes,No,POS,Grocery,0
6596.48,5,2,1,25.67,1196,Yes,No,POS,Fuel,0
626.75,0,3,0,263.1,2287,Yes,No,Online,Fuel,0
1791.65,2,4,0,23.85,2731,No,No,POS,Restaurant,0
1559.79,0,3,0,36.51,904,Yes,Yes,Online,Electronics,0
5177.07,16,4,1,95.43,476,No,No,ATM,Other,0
43687.65,3,14,7,85.21,175,No,Yes,Transfer,Jewellery,1
2930.76,11,3,1,29.85,2431,Yes,No,POS,Electronics,0
5498.83,18,2,0,41.53,1014,Yes,No,Online,Fuel,0
3364.08,19,8,0,15.36,2598,Yes,No,POS,Electronics,0
4119.48,12,2,0,19.36,1486,Yes,No,Online,Grocery,0
2851.45,10,0,0,36.42,1259,Yes,No,Online,Fuel,0
58561.37,23,20,6,117.97,15,No,Yes,Transfer,Jewellery,1
6654.88,9,2,0,14.22,2947,No,No,POS,Restaurant,0
4669.87,10,1,0,3.53,2250,Yes,No,POS,Travel,0
6672.75,7,3,0,26.58,642,Yes,No,ATM,Fuel,0
14739.85,4,6,1,29.74,980,Yes,No,POS,Fuel,0
5434.43,4,2,0,59.19,343,Yes,No,POS,Electronics,0
3172.13,15,3,0,12.07,1775,Yes,Yes,POS,Travel,0
65129.85,1,22,3,222.53,139,No,Yes,Transfer,Electronics,1
7123.58,10,3,0,48.38,951,Yes,No,Online,Other,0
2395.35,2,4,0,55.1,776,No,No,POS,Grocery,0
2247.1,14,4,1,53.17,2785,Yes,No,POS,Other,0
4137.03,21,5,0,13.09,94,No,No,ATM,Travel,0
3129.36,12,3,0,4.61,642,No,No,POS,Fuel,0
41152.57,23,23,4,377.01,41,No,Yes,Transfer,Jewellery,1
3698.13,1,5,0,25.78,2815,No,No,POS,Jewellery,0
8096.25,12,2,0,30.9,2973,Yes,No,Online,Jewellery,1
4562.83,20,3,0,35.26,2682,Yes,No,ATM,Other,0
1291.97,1,3,1,39.98,2523,Yes,No,Online,Fuel,0
5071.83,18,6,1,40.3,96,Yes,No,Online,Travel,0
2672.76,18,1,0,19.91,298,Yes,No,Online,Jewellery,0
11737.32,1,2,0,22.75,2680,Yes,No,POS,Restaurant,0
4800.82,5,4,0,17.16,1085,No,Yes,Transfer,Restaurant,0
2067.89,0,2,0,49.48,494,Yes,Yes,Transfer,Restaurant,0
5333.0,13,2,0,9.9,1613,Yes,No,Online,Fuel,0
19788.47,4,18,6,226.26,66,No,Yes,Transfer,Travel,1
41561.41,4,20,6,484.2,92,No,Yes,Transfer,Travel,1
48036.15,4,13,6,454.03,114,No,Yes,Online,Travel,1
4793.26,15,1,0,22.29,584,No,No,Online,Travel,0
839.58,18,5,0,50.71,2301,Yes,No,POS,Grocery,0
3584.74,4,3,0,28.36,281,Yes,No,Online,Restaurant,1
1261.11,6,3,1,18.04,352,Yes,No,POS,Electronics,0
3798.42,19,4,0,48.88,2203,No,No,Transfer,Electronics,1
4406.11,2,1,1,15.25,562,Yes,No,POS,Restaurant,0
38919.22,23,8,6,426.42,119,No,Yes,Online,Travel,1
2235.17,6,5,0,6.24,2973,Yes,No,POS,Restaurant,0
3662.74,0,3,0,68.36,1551,Yes,Yes,Online,Fuel,0
21528.05,2,14,6,267.81,33,No,Yes,Transfer,Jewellery,1
9686.09,11,2,0,8.42,2121,Yes,Yes,ATM,Other,0
3752.52,8,1,0,21.08,2473,No,No,ATM,Grocery,0
22391.27,1,18,3,233.2,12,No,Yes,Transfer,Electronics,1
1661.65,2,2,2,35.5,2133,No,No,Online,Other,0
2513.1,10,3,1,7.95,1535,Yes,No,POS,Electronics,0
4048.21,4,4,1,34.66,491,Yes,No,Transfer,Grocery,0
3144.42,18,0,0,20.89,2346,Yes,No,Online,Travel,0
2908.3,13,7,0,28.25,1456,Yes,No,POS,Fuel,0
6633.62,16,2,0,9.84,1774,No,No,ATM,Electronics,0
1444.81,2,8,0,26.8,917,No,No,Online,Travel,0
1570.57,10,6,0,14.89,2472,Yes,No,Online,Other,0
1090.09,1,6,1,5.16,2268,Yes,No,POS,Grocery,0
4134.29,7,1,0,42.71,1746,Yes,No,POS,Fuel,0
2670.04,22,6,0,12.54,553,Yes,No,Online,Restaurant,0
6214.11,17,3,0,34.78,1302,Yes,No,POS,Grocery,0
3889.97,1,0,0,12.71,782,Yes,No,Online,Other,0
2194.47,8,2,0,26.17,1797,No,Yes,Online,Fuel,1
1938.39,20,1,0,114.15,214,Yes,Yes,POS,Jewellery,0
319.55,4,2,0,57.78,1280,Yes,No,POS,Grocery,0
3005.96,18,2,0,84.26,2941,No,No,ATM,Fuel,0
1277.02,7,3,0,60.15,636,No,No,Online,Travel,1
6737.15,11,3,2,25.56,1486,No,No,POS,Other,1
2572.57,21,6,1,50.73,1419,Yes,No,Online,Electronics,0
924.85,16,3,1,22.91,2601,Yes,No,POS,Other,0
7626.78,6,2,1,7.86,2844,Yes,Yes,POS,Grocery,0
3039.06,0,2,0,31.9,2506,No,No,POS,Grocery,0
5050.64,5,4,0,5.66,1767,Yes,Yes,POS,Restaurant,0
2218.98,10,1,1,22.23,1266,No,No,POS,Restaurant,0
7798.21,3,1,0,63.91,2187,Yes,No,POS,Grocery,0
1734.06,21,4,2,55.31,161,Yes,No,Transfer,Grocery,0
2669.1,1,3,0,22.48,1975,Yes,No,Online,Restaurant,0
667.45,12,4,0,83.99,945,Yes,No,POS,Grocery,0
7674.88,23,4,0,38.56,1389,Yes,No,POS,Electronics,0
2006.56,8,3,0,44.53,1951,Yes,No,POS,Restaurant,0
4202.68,12,1,0,18.6,1227,Yes,No,POS,Travel,0
4621.57,1,3,1,49.67,895,Yes,No,ATM,Other,0
6874.11,17,2,0,23.78,603,Yes,No,Online,Grocery,0
3985.02,23,3,0,11.0,1214,No,No,Transfer,Electronics,1
3173.22,18,2,0,38.82,56,No,No,POS,Grocery,0
6416.33,3,2,1,26.97,2585,No,No,POS,Electronics,0
4569.08,8,1,0,25.48,2590,Yes,No,ATM,Restaurant,0
2825.68,17,6,0,41.44,2040,Yes,Yes,Online,Other,1
7899.04,19,3,0,5.84,840,Yes,Yes,Online,Grocery,0
4814.01,9,3,0,15.75,2299,Yes,Yes,POS,Fuel,0
1183.69,23,3,3,35.21,1779,Yes,No,POS,Electronics,0
8831.16,4,3,0,10.0,801,Yes,No,POS,Fuel,0
2174.88,17,4,1,13.49,1392,Yes,No,POS,Grocery,0
6851.83,11,4,0,49.55,249,Yes,No,Online,Restaurant,0
60258.65,2,20,2,94.25,59,No,Yes,Online,Jewellery,1
55977.4,23,9,2,302.23,118,No,Yes,Online,Electronics,1
1248.77,10,2,2,42.13,116,Yes,No,POS,Other,0
3910.91,19,0,1,45.31,2609,Yes,No,POS,Restaurant,0
4723.13,20,3,0,9.07,2825,No,No,ATM,Fuel,0
2870.96,19,3,0,59.27,993,No,No,POS,Jewellery,0
3450.75,2,3,0,31.09,1092,Yes,No,POS,Electronics,0
1490.03,10,4,0,85.14,2311,Yes,No,POS,Grocery,0
5955.82,17,5,0,42.87,949,Yes,No,POS,Grocery,0
4058.06,20,2,0,25.2,2359,No,No,POS,Travel,0
1725.75,8,2,0,6.39,264,Yes,No,POS,Grocery,0
4166.54,17,4,1,36.36,1604,No,No,Online,Restaurant,0
4256.7,13,0,0,53.9,18,Yes,No,Online,Jewellery,1
3570.05,5,3,1,49.0,2181,Yes,No,POS,Jewellery,0
324.18,21,4,0,10.57,2174,No,No,POS,Travel,0
2570.1,10,3,2,82.6,1385,No,No,POS,Travel,0
5895.8,14,1,2,16.26,2661,Yes,No,Online,Other,0
4903.31,6,2,0,56.91,1997,Yes,Yes,Online,Travel,0
4804.06,0,3,1,12.25,771,No,No,POS,Fuel,0
4036.53,10,4,0,12.14,1775,No,No,Online,Restaurant,0
6352.05,17,4,0,12.84,1347,Yes,No,Online,Fuel,0
2164.63,7,4,0,13.07,2099,Yes,No,POS,Restaurant,0
20465.78,2,18,7,222.67,98,No,Yes,Online,Travel,1
10267.16,18,2,0,10.4,2339,Yes,No,Transfer,Fuel,0
1989.84,15,5,0,2.13,509,Yes,No,POS,Grocery,0
1146.33,19,5,1,3.77,76,Yes,No,Online,Fuel,0
2832.48,20,5,0,96.82,1117,Yes,No,POS,Electronics,0
3664.0,17,0,1,34.11,226,Yes,No,ATM,Grocery,0
6378.8,19,1,0,26.11,1473,Yes,No,POS,Other,0
2574.31,17,6,0,33.72,1081,No,No,POS,Travel,0
34690.22,4,16,3,261.86,169,No,Yes,Online,Jewellery,1
3426.22,2,8,0,24.79,2033,No,No,POS,Grocery,0
2250.13,8,1,1,19.69,2946,Yes,No,Transfer,Electronics,0
951.03,21,5,0,39.19,44,No,No,ATM,Electronics,0
1228.41,11,3,0,52.05,1495,Yes,No,ATM,Jewellery,0
7518.86,0,3,0,13.82,2397,Yes,No,POS,Electronics,0
5504.0,20,4,1,10.1,779,No,No,POS,Fuel,0
3342.64,15,4,2,16.53,2591,Yes,No,ATM,Restaurant,0
4892.62,21,5,0,14.28,1963,Yes,No,POS,Jewellery,0
5613.62,0,4,1,39.72,1487,No,No,Online,Electronics,0
2073.82,3,5,0,26.5,353,Yes,No,Online,Restaurant,0
1476.9,12,2,1,11.3,1710,Yes,No,ATM,Grocery,0
7022.99,4,5,0,3.59,26,Yes,No,Online,Electronics,1
418.96,12,7,0,45.04,942,Yes,No,Online,Restaurant,0
57806.47,2,22,4,392.31,178,No,Yes,Online,Travel,1
3873.32,5,2,1,19.26,264,No,No,Online,Electronics,0
6571.83,18,1,1,35.96,218,Yes,No,Online,Grocery,0
5068.48,0,5,1,36.57,2667,Yes,Yes,Online,Grocery,0
4871.57,20,4,0,50.2,1437,Yes,No,Transfer,Jewellery,0
29715.92,2,17,5,477.82,104,No,Yes,Online,Travel,1
5756.62,13,3,0,12.85,987,Yes,No,ATM,Electronics,0
4540.72,23,3,0,45.14,1789,Yes,No,Online,Electronics,0
1783.64,2,4,0,54.66,2683,No,Yes,POS,Grocery,0
3897.81,22,3,0,53.09,1343,No,No,Transfer,Travel,0
1334.86,7,1,0,30.46,543,No,No,POS,Electronics,0
3012.41,17,4,0,62.51,1452,Yes,No,POS,Grocery,0
12955.64,20,2,0,111.02,2084,Yes,No,POS,Other,1
1532.75,5,0,0,25.45,394,Yes,Yes,Online,Electronics,1
75515.39,2,23,6,350.59,31,No,Yes,Transfer,Jewellery,1
1241.67,20,1,1,31.78,1040,No,No,Online,Restaurant,0
2980.96,2,3,1,18.14,2985,No,No,Online,Restaurant,0
5319.18,2,4,1,16.25,1320,No,Yes,ATM,Fuel,0
3499.82,7,2,0,86.63,1711,Yes,No,POS,Other,0
1069.53,14,4,0,20.32,2123,Yes,No,Online,Travel,0
5272.94,19,2,1,19.69,2423,No,No,Online,Fuel,0
589.41,13,4,0,16.47,174,Yes,No,ATM,Restaurant,0
1179.51,11,8,0,35.09,1060,Yes,No,POS,Travel,0
2178.08,20,4,0,42.17,44,No,No,POS,Other,0
51879.45,23,23,4,227.05,70,No,Yes,Online,Electronics,1
3600.51,21,5,0,9.96,1434,Yes,No,POS,Travel,0
3702.24,7,2,0,67.52,1219,Yes,No,Online,Jewellery,0
1086.13,6,4,1,12.09,2168,Yes,No,Online,Grocery,0
2350.6,22,3,0,9.69,2020,No,No,Online,Restaurant,0
50993.18,3,18,6,459.06,58,No,Yes,Transfer,Travel,1
4342.63,10,4,1,10.8,770,Yes,No,Online,Other,0
5403.25,7,3,0,35.24,1647,No,No,Online,Fuel,0
3326.95,10,2,0,15.98,424,Yes,No,POS,Travel,0
6262.96,18,2,1,50.64,1283,Yes,No,Transfer,Other,0
1079.82,3,2,0,39.64,323,Yes,No,Online,Restaurant,0
2928.37,4,1,0,42.55,2745,Yes,No,Transfer,Fuel,0
4797.41,7,5,1,32.86,1591,Yes,No,POS,Grocery,0
784.44,11,4,0,31.76,226,Yes,No,POS,Other,0
235.86,19,2,0,14.82,1011,No,Yes,Online,Jewellery,1
10273.05,5,3,0,16.56,2313,Yes,No,ATM,Restaurant,0
3636.07,18,1,1,17.17,2294,Yes,No,POS,Grocery,0
709.73,21,3,0,47.89,2243,Yes,No,Transfer,Travel,0
3570.4,10,3,0,34.93,1920,Yes,No,POS,Other,0
1195.14,23,2,0,17.06,2953,Yes,No,POS,Jewellery,0
1604.99,21,1,0,26.98,2813,Yes,No,POS,Electronics,0
7015.13,19,2,1,66.07,1210,Yes,No,Online,Fuel,0
2220.54,9,5,0,0.15,2940,Yes,No,Online,Grocery,0
2206.49,7,2,0,24.34,2057,Yes,No,ATM,Grocery,0
1161.04,20,3,3,27.68,11,No,No,POS,Fuel,0
2601.77,10,5,1,16.02,2239,Yes,No,Online,Travel,0
3805.91,0,1,0,6.41,713,No,No,Online,Other,0
2218.55,17,2,0,14.97,2580,No,No,POS,Other,0
12005.23,8,1,0,12.59,732,No,No,Online,Grocery,0
1427.22,22,5,0,28.3,1445,Yes,No,POS,Fuel,0
1420.03,20,4,0,13.47,2638,No,No,Online,Grocery,0
2522.12,2,5,0,27.03,2356,Yes,No,Online,Fuel,0
11102.39,21,8,0,77.74,406,Yes,No,ATM,Jewellery,1
5463.32,22,4,0,10.11,2927,No,No,POS,Electronics,0
2161.08,18,1,0,54.01,1258,Yes,Yes,POS,Restaurant,0
48673.03,3,9,6,205.24,137,No,Yes,Online,Travel,1
1381.07,16,1,0,2.15,169,No,No,Online,Jewellery,1
2465.96,20,3,0,51.16,95,Yes,No,POS,Other,0
2868.22,19,3,0,50.3,1439,Yes,No,Online,Grocery,0
5294.7,10,2,0,9.94,1075,No,No,POS,Other,0
4561.26,16,5,0,35.45,124,No,No,Online,Restaurant,0
26215.16,4,14,4,212.52,53,No,Yes,Online,Jewellery,1
8549.31,6,5,0,30.43,2176,Yes,No,POS,Electronics,0
1932.55,16,0,0,14.57,1768,No,No,Online,Grocery,0
924.29,11,2,0,10.99,1559,Yes,No,POS,Jewellery,0
3934.1,5,2,0,8.8,1707,No,No,ATM,Travel,0
6676.93,15,7,2,61.41,2994,Yes,No,Online,Grocery,0
3231.58,7,3,1,10.16,1390,Yes,No,Online,Electronics,0
1119.49,14,2,1,35.06,2958,Yes,No,POS,Other,0
3710.02,8,4,0,10.42,905,Yes,Yes,Online,Other,0
4048.34,21,1,1,112.18,2355,Yes,No,Online,Restaurant,0
4350.99,20,4,1,10.13,1890,Yes,No,Transfer,Grocery,0
3763.65,11,3,2,9.84,885,No,No,Online,Fuel,0
7265.65,17,3,0,68.16,360,Yes,No,POS,Travel,0
1352.29,4,1,1,20.41,345,Yes,No,Online,Grocery,0
138.81,23,2,0,7.75,1967,Yes,No,Online,Restaurant,0
590.12,5,6,0,23.94,478,No,No,Transfer,Jewellery,0
1104.88,20,4,0,11.83,1866,Yes,No,POS,Fuel,0
5923.76,20,4,0,125.73,2073,Yes,Yes,POS,Restaurant,0
2601.21,4,3,0,4.01,2218,Yes,No,ATM,Jewellery,0
8990.9,0,3,0,41.31,411,No,No,Online,Restaurant,0
1266.81,17,0,0,69.89,377,No,No,POS,Jewellery,0
8873.62,20,4,0,45.31,858,Yes,Yes,Online,Other,0
41026.19,0,21,3,166.69,150,No,Yes,Online,Travel,1
2864.34,1,7,0,55.84,286,No,No,POS,Other,0
714.95,15,7,0,28.79,1477,Yes,No,POS,Other,0
8115.16,9,4,0,39.96,164,Yes,No,POS,Travel,1
3162.41,21,1,1,46.56,429,Yes,No,Transfer,Restaurant,0
29450.43,4,23,2,97.63,11,No,Yes,Transfer,Travel,1
6882.21,19,0,1,38.12,1725,Yes,No,Online,Grocery,0
2811.59,9,2,1,44.31,1250,Yes,No,POS,Electronics,0
1843.13,7,1,3,24.32,2125,Yes,No,Online,Grocery,0
6101.31,19,1,0,13.84,584,Yes,No,Transfer,Grocery,1
3410.22,2,3,0,22.89,297,Yes,No,ATM,Travel,0
1762.92,2,5,3,85.1,2761,Yes,No,POS,Fuel,1
3592.45,1,3,1,35.03,1313,Yes,No,Online,Grocery,0
48697.27,0,8,4,217.73,55,No,Yes,Online,Electronics,1
4409.2,1,2,0,9.93,2156,Yes,No,Online,Travel,0
5009.03,13,3,0,55.08,882,Yes,No,POS,Electronics,0
1227.4,4,7,0,37.8,203,Yes,No,ATM,Fuel,0
7395.04,21,4,0,17.78,2505,Yes,No,Online,Restaurant,0
6386.61,10,2,0,15.12,2053,Yes,No,POS,Fuel,0
65183.05,3,15,7,289.94,94,No,Yes,Transfer,Electronics,1
1521.29,16,0,0,39.04,2601,No,No,POS,Grocery,0
5215.78,8,1,0,3.67,1341,Yes,No,Transfer,Grocery,0
2493.53,6,7,0,40.17,156,Yes,No,Online,Fuel,0
19066.61,3,14,3,190.6,71,No,Yes,Transfer,Jewellery,1
5558.82,22,3,0,21.38,2414,Yes,No,Online,Restaurant,0
939.86,23,3,0,56.35,1107,Yes,No,ATM,Restaurant,0
65265.66,23,15,4,379.19,69,No,Yes,Online,Jewellery,1
54638.55,23,21,4,80.66,22,No,Yes,Transfer,Travel,1
11024.41,5,4,1,14.79,178,Yes,No,POS,Jewellery,0
12679.9,20,2,1,22.65,22,Yes,No,POS,Jewellery,0
4339.99,22,3,0,14.82,2504,No,No,ATM,Electronics,0
6506.16,12,3,1,16.43,745,No,No,POS,Other,0
3261.09,12,5,2,11.08,2364,Yes,No,Transfer,Other,0
3594.77,13,2,1,52.57,1595,No,No,Transfer,Grocery,0
2861.78,1,5,0,42.99,2796,Yes,No,Online,Fuel,0
7037.11,20,2,0,10.03,2510,No,No,Online,Other,0
9057.48,17,6,1,35.42,1454,Yes,No,Online,Restaurant,0
3533.83,20,2,0,29.77,2234,No,No,POS,Fuel,0
35011.65,3,9,5,148.22,112,No,Yes,Transfer,Travel,1
2974.13,19,4,0,37.14,2802,Yes,No,ATM,Jewellery,0
9206.47,8,2,0,22.03,2752,Yes,No,Online,Travel,0
5970.8,19,7,0,47.82,789,Yes,No,POS,Restaurant,0
1490.7,23,1,0,11.52,1569,Yes,No,POS,Fuel,0
10809.52,21,2,0,44.32,2768,Yes,No,POS,Electronics,0
308.47,21,3,0,3.62,987,Yes,No,POS,Electronics,0
8615.89,2,1,0,27.88,353,Yes,Yes,Online,Electronics,1
50544.29,0,16,3,422.56,20,No,Yes,Online,Travel,1
3541.87,7,2,0,12.04,605,Yes,No,Transfer,Electronics,0
3479.03,12,1,0,37.97,481,No,No,POS,Grocery,0
3088.19,23,4,0,40.57,1406,Yes,No,ATM,Travel,0
1552.96,16,2,0,14.58,1391,No,No,Online,Other,1
10260.83,13,2,1,18.53,640,Yes,No,ATM,Restaurant,0
3403.49,19,2,0,32.91,2646,Yes,No,POS,Electronics,0
1529.01,4,3,0,4.84,104,No,No,POS,Electronics,0
9861.13,15,1,1,15.25,2763,Yes,No,POS,Travel,0
4684.8,12,2,0,16.29,1922,No,Yes,Online,Other,0
4881.71,4,6,2,19.74,796,No,No,POS,Other,0
11316.17,15,8,0,45.7,1228,Yes,Yes,POS,Restaurant,0
73351.75,0,19,4,90.33,110,No,Yes,Online,Electronics,1
2082.88,19,4,1,11.08,2769,No,No,ATM,Fuel,0
5346.72,20,3,1,26.9,2118,Yes,No,Online,Grocery,0
1675.44,19,5,0,31.67,2951,Yes,No,Online,Grocery,0
2408.89,11,6,0,36.37,140,Yes,No,POS,Fuel,0
4241.57,1,4,1,7.94,2777,No,No,POS,Grocery,0
6440.43,23,4,0,1.95,2501,Yes,No,POS,Jewellery,0
2180.52,10,1,0,93.54,1553,Yes,Yes,POS,Grocery,0
3021.48,15,1,0,13.05,1856,Yes,No,POS,Restaurant,0
52600.9,1,16,2,143.54,42,No,Yes,Transfer,Jewellery,1
38890.19,4,15,6,89.29,134,No,Yes,Transfer,Electronics,1
3475.76,21,4,1,22.85,2865,Yes,Yes,Online,Grocery,0
10716.67,22,5,1,24.25,2442,Yes,No,Online,Grocery,0
2407.43,4,2,0,31.2,1126,Yes,No,POS,Restaurant,0
2257.42,20,3,0,12.16,1655,Yes,No,POS,Jewellery,0
8514.33,14,4,0,12.39,1142,Yes,No,POS,Grocery,0
5053.37,3,4,0,13.08,1050,No,No,POS,Other,0
14815.87,13,4,0,34.53,1908,Yes,No,ATM,Jewellery,0
8307.77,11,4,0,41.01,1258,Yes,No,Transfer,Electronics,1
1188.4,15,4,1,10.95,1906,No,No,Transfer,Restaurant,1
3416.07,2,1,2,12.09,2912,Yes,No,POS,Jewellery,1
4237.67,13,4,0,37.8,322,Yes,No,POS,Grocery,0
4030.5,16,4,1,45.81,1217,Yes,No,Online,Other,0
3057.93,17,0,0,50.11,582,Yes,No,POS,Restaurant,0
3973.29,18,3,0,13.56,208,No,No,POS,Travel,0
4124.12,15,2,0,35.19,10,Yes,Yes,POS,Electronics,0
2208.15,16,3,1,77.5,1124,Yes,No,POS,Restaurant,0
7002.03,2,7,0,16.43,305,Yes,No,POS,Grocery,0
9936.87,19,4,1,43.09,2161,No,No,Online,Other,0
5658.47,8,0,1,27.92,1034,Yes,No,Online,Other,0
4581.95,13,5,0,104.45,664,Yes,No,Online,Electronics,0
3258.53,13,1,0,2.17,2846,Yes,No,POS,Travel,0
4213.17,23,2,0,31.04,1883,No,Yes,POS,Jewellery,1
4515.95,7,1,0,64.56,2400,Yes,No,POS,Restaurant,0
1557.82,9,3,2,10.23,2310,Yes,No,POS,Restaurant,0
6775.67,18,0,0,44.0,691,Yes,No,Online,Restaurant,0
2535.58,15,6,1,17.05,1888,Yes,Yes,POS,Restaurant,0
8810.0,7,6,0,4.01,357,Yes,No,POS,Fuel,0
77642.5,0,15,5,473.07,82,No,Yes,Online,Jewellery,1
6853.64,19,4,0,11.03,2996,Yes,No,POS,Other,0
5601.9,20,0,0,54.03,639,Yes,Yes,POS,Jewellery,0
73845.94,0,16,2,356.56,18,No,Yes,Transfer,Travel,1
8303.61,9,2,0,17.77,167,Yes,Yes,POS,Electronics,0
1918.78,18,3,0,16.7,1574,Yes,No,POS,Electronics,0
2406.29,2,5,0,2.78,386,Yes,No,Transfer,Grocery,0
82496.38,2,21,3,114.32,105,No,Yes,Transfer,Electronics,1
835.66,3,6,0,72.25,1343,Yes,No,POS,Travel,0
4008.97,12,3,0,38.34,2862,Yes,No,Online,Other,0
7138.15,10,2,0,16.07,2708,Yes,No,Transfer,Electronics,0
38235.26,23,19,4,207.56,166,No,Yes,Online,Jewellery,1
3057.33,3,4,1,49.25,1522,Yes,No,Online,Electronics,0
3454.16,15,4,0,22.79,1911,Yes,No,POS,Restaurant,0
5863.81,19,5,0,41.06,1296,No,No,Online,Travel,1
3120.72,5,2,0,18.58,2072,No,No,POS,Electronics,0
7562.51,15,4,1,6.91,1342,Yes,Yes,POS,Fuel,0
3331.88,19,3,0,47.48,2592,Yes,No,Online,Other,0
1711.49,13,0,0,29.0,1894,Yes,No,Online,Jewellery,0
4082.7,13,4,0,32.42,1500,Yes,Yes,Online,Grocery,0
993.72,4,0,0,52.56,2568,Yes,No,Online,Grocery,0
4044.52,22,3,0,11.42,2042,Yes,No,ATM,Travel,0
4594.04,22,6,0,16.76,818,Yes,No,Online,Jewellery,0
1926.44,17,1,0,71.34,1070,Yes,No,Transfer,Fuel,1
4470.0,21,4,1,31.23,287,Yes,No,Online,Grocery,0
2847.97,14,2,0,49.18,1209,Yes,No,Online,Travel,0
1862.69,15,2,1,26.48,1703,No,No,ATM,Grocery,0
870.76,19,5,0,40.33,1694,Yes,No,POS,Travel,0
1098.77,0,1,0,41.58,2377,Yes,No,POS,Other,0
9392.96,5,2,0,14.59,650,Yes,No,ATM,Electronics,0
2761.82,4,5,0,111.1,1193,Yes,No,POS,Grocery,1
4516.96,15,1,0,32.13,2378,Yes,No,POS,Travel,0
3038.76,5,2,1,5.13,2193,Yes,No,Online,Grocery,0
42943.14,23,9,3,317.74,63,No,Yes,Online,Electronics,1
1870.0,11,2,2,17.57,2368,Yes,Yes,POS,Electronics,0
84497.55,0,21,4,339.39,122,No,Yes,Online,Electronics,1
2393.62,12,2,2,64.28,1286,Yes,No,POS,Travel,0
6804.27,0,1,0,14.9,2362,No,No,Online,Grocery,0
4483.74,16,1,0,8.63,680,Yes,No,POS,Fuel,0
3574.11,10,0,0,33.75,1690,Yes,Yes,POS,Fuel,0
1234.68,2,2,0,40.77,754,Yes,No,Online,Travel,0
77773.29,4,18,6,399.38,103,No,Yes,Online,Jewellery,1
3103.99,6,1,0,41.22,1105,No,No,POS,Grocery,0
1624.47,11,2,0,48.67,2546,Yes,No,Online,Other,0
874.52,23,5,0,18.25,2739,Yes,Yes,Online,Fuel,0
1065.88,5,2,0,7.64,1022,No,No,POS,Restaurant,0
3549.53,21,4,1,16.38,112,Yes,No,Online,Fuel,0
6874.76,11,7,0,21.53,2189,No,No,Transfer,Electronics,0
4279.62,22,5,0,26.82,2742,Yes,No,POS,Electronics,0
923.11,20,6,0,49.56,2772,Yes,No,POS,Jewellery,0
3544.21,19,3,0,22.19,703,Yes,No,POS,Fuel,0
8257.23,4,2,0,12.73,103,No,Yes,POS,Jewellery,1
2690.26,18,2,0,15.95,238,Yes,No,Online,Electronics,0
31875.33,3,22,7,335.25,126,No,Yes,Online,Jewellery,1
57156.64,2,12,3,307.13,66,No,Yes,Transfer,Electronics,1
55197.75,3,15,2,354.39,115,No,Yes,Online,Electronics,1
1846.33,14,2,0,21.29,606,Yes,No,Online,Other,0
110.29,21,4,0,12.82,1162,Yes,No,POS,Electronics,0
1299.46,12,3,0,2.42,170,Yes,No,Online,Grocery,0
2438.1,0,4,1,4.17,2487,No,No,ATM,Grocery,0
3291.84,20,1,0,37.55,2866,Yes,No,POS,Fuel,0
2513.87,12,3,1,15.24,605,Yes,No,POS,Travel,0
2475.29,1,4,0,59.65,1731,Yes,No,Online,Restaurant,0
80294.2,23,18,6,379.92,18,No,Yes,Online,Travel,1
1487.71,17,5,2,17.21,264,Yes,No,Transfer,Grocery,0
3561.34,22,5,0,47.89,860,Yes,No,POS,Electronics,0
979.42,16,1,1,65.24,2542,Yes,No,POS,Restaurant,0
5661.02,10,1,0,39.97,2340,No,No,POS,Restaurant,1
4202.78,7,4,0,51.7,2135,No,No,POS,Travel,0
75102.87,0,18,3,344.38,102,No,Yes,Transfer,Jewellery,1
1438.65,7,6,1,20.0,657,Yes,No,POS,Electronics,0
9841.17,6,7,0,68.14,1762,No,No,POS,Grocery,0
1610.52,3,7,0,11.27,1113,Yes,No,POS,Jewellery,0
22283.87,1,19,7,326.76,27,No,Yes,Transfer,Travel,1
1134.37,5,2,1,42.99,1662,Yes,No,POS,Grocery,0
12056.26,3,3,0,62.02,1715,No,No,Online,Fuel,1
4656.0,6,2,1,23.59,1731,Yes,No,POS,Grocery,0
4690.59,19,3,1,19.23,2805,Yes,No,Online,Restaurant,0
42437.01,2,11,7,95.94,99,No,Yes,Transfer,Travel,1
348.01,11,2,0,84.74,2274,Yes,No,ATM,Fuel,0
2591.64,14,2,0,35.01,1460,Yes,No,ATM,Jewellery,0
2228.79,13,2,0,36.25,273,No,Yes,POS,Restaurant,0
625.86,11,4,0,23.53,1629,Yes,No,POS,Other,0
2724.64,20,1,0,12.04,2568,Yes,No,Online,Fuel,0
3566.14,17,5,0,19.61,2282,Yes,Yes,ATM,Grocery,0
4876.49,4,3,0,23.18,1648,Yes,No,ATM,Restaurant,0
407.31,19,4,0,19.36,2869,Yes,No,POS,Electronics,0
1198.37,4,0,0,25.42,2903,Yes,No,Online,Electronics,0
1788.46,1,2,0,37.34,2827,Yes,No,POS,Restaurant,0
7115.12,10,5,1,15.41,2955,Yes,No,POS,Other,0
41691.5,1,18,3,446.23,166,No,Yes,Transfer,Travel,1
4481.41,18,7,1,35.32,499,Yes,No,Transfer,Travel,0
2688.05,16,2,1,27.45,1332,Yes,No,Online,Travel,0
7407.14,1,2,0,21.92,752,Yes,No,POS,Travel,0
4104.36,11,0,0,11.32,488,No,No,POS,Electronics,0
7136.87,19,4,1,37.74,1963,No,No,POS,Other,0
4626.04,17,2,0,111.99,339,Yes,No,POS,Fuel,0
719.42,12,1,1,63.6,176,No,No,POS,Restaurant,0
341.96,14,5,0,41.58,561,Yes,No,POS,Jewellery,0
2483.33,13,3,0,69.33,1208,Yes,No,POS,Other,0
6133.32,5,4,0,16.55,1982,Yes,No,ATM,Restaurant,0
2205.9,13,3,0,13.69,2965,Yes,No,POS,Jewellery,0
48721.05,1,15,4,386.97,98,No,Yes,Online,Jewellery,1
5764.67,1,3,0,26.77,1582,Yes,No,POS,Travel,0
7880.21,16,3,1,59.11,892,Yes,No,Online,Fuel,0
56722.8,0,14,5,394.69,45,No,Yes,Online,Jewellery,1
1532.06,0,3,0,3.13,1858,Yes,No,Online,Electronics,1
1343.08,18,2,3,49.86,565,Yes,No,Online,Restaurant,0
4932.27,9,3,1,22.2,244,Yes,No,POS,Other,0
784.85,9,1,0,33.68,2252,Yes,No,Online,Restaurant,0
836.74,14,1,0,24.3,2949,Yes,Yes,POS,Grocery,0
2102.81,13,3,0,15.18,2791,Yes,No,Online,Electronics,0
3995.84,14,3,0,33.43,2022,No,Yes,Transfer,Grocery,0
29813.6,3,18,6,224.41,73,No,Yes,Online,Electronics,1
7036.04,15,1,0,22.58,2275,Yes,No,POS,Grocery,0
7954.22,1,0,0,12.17,204,Yes,No,Transfer,Jewellery,0
200.82,5,2,1,8.74,1176,Yes,No,Transfer,Travel,0
4687.81,10,4,0,108.02,236,Yes,Yes,Online,Fuel,1
2214.52,11,2,0,17.37,786,No,Yes,POS,Travel,0
6320.65,8,3,0,22.6,2971,No,No,Online,Fuel,0
4799.42,4,2,0,62.86,2478,Yes,No,Online,Fuel,0
3862.45,2,4,0,28.97,2860,No,Yes,POS,Grocery,0
3100.72,3,1,2,11.68,1448,Yes,No,Online,Travel,0
840.82,22,2,0,11.79,666,Yes,Yes,POS,Other,0
13289.54,9,4,0,10.93,1143,Yes,No,Online,Fuel,0
1185.76,23,3,1,84.2,601,Yes,No,Online,Travel,1
9910.31,8,3,1,2.61,2896,Yes,No,POS,Electronics,0
5449.45,7,7,0,9.61,1772,Yes,Yes,POS,Fuel,0
2304.19,11,1,1,17.82,155,No,No,Online,Electronics,0
2037.18,22,2,1,17.74,958,Yes,No,POS,Fuel,0
805.59,13,1,1,16.16,1498,No,No,POS,Jewellery,0
3507.61,0,1,0,38.25,2157,Yes,No,Online,Other,1
772.69,6,1,0,31.36,2690,Yes,No,Online,Electronics,0
7303.9,23,3,0,13.57,625,Yes,No,POS,Jewellery,0
20297.97,0,22,4,349.43,20,No,Yes,Online,Travel,1
3339.05,20,2,0,130.19,2420,Yes,Yes,POS,Electronics,0
3661.67,22,2,0,32.36,2344,Yes,No,POS,Travel,1
4261.76,5,6,1,0.64,854,Yes,No,Transfer,Restaurant,0
2637.05,13,4,0,11.75,1023,Yes,No,Online,Jewellery,0
41159.63,0,21,4,163.72,16,No,Yes,Online,Travel,1
10601.57,19,5,0,106.16,1749,Yes,No,POS,Restaurant,0
6828.96,19,3,0,17.23,1033,Yes,No,POS,Restaurant,0
5291.22,1,5,0,18.36,1246,Yes,No,Online,Travel,0
2304.67,7,2,1,4.33,69,Yes,No,Online,Travel,0
520.44,22,1,0,26.5,2833,Yes,Yes,Online,Jewellery,1
4877.37,8,7,0,45.78,1938,Yes,No,ATM,Electronics,0
63717.54,3,11,2,388.43,160,No,Yes,Online,Electronics,1
2867.0,15,3,0,17.09,212,Yes,No,Online,Jewellery,0
3221.85,4,2,0,21.66,1176,No,No,ATM,Fuel,0
1250.45,3,3,0,44.24,451,Yes,No,Online,Grocery,0
1596.47,19,2,0,20.03,573,Yes,No,POS,Fuel,1
6838.1,2,5,1,20.37,2382,No,No,Online,Electronics,1
382.87,21,4,0,35.31,168,No,Yes,ATM,Other,0
6198.88,5,5,0,14.54,1521,No,No,Online,Other,1
8603.24,2,6,1,10.83,2320,Yes,No,Online,Travel,0
4806.29,17,4,0,4.59,1782,Yes,No,Online,Grocery,0
4643.2,4,5,1,22.74,403,Yes,No,POS,Grocery,0
1584.32,8,3,0,14.16,851,Yes,Yes,Online,Grocery,0
1794.27,8,2,1,49.91,525,Yes,No,POS,Electronics,0
2459.01,12,2,1,20.37,2917,Yes,No,Transfer,Jewellery,0
1024.02,11,2,1,45.57,2036,Yes,Yes,POS,Other,0
83151.54,1,20,3,115.49,167,No,Yes,Transfer,Travel,1
3644.45,5,4,2,3.95,417,No,No,POS,Grocery,0
2342.28,4,3,0,8.08,1103,Yes,No,POS,Fuel,0
35253.41,1,18,2,379.3,178,No,Yes,Online,Jewellery,1
6821.13,15,6,1,14.75,2365,Yes,No,POS,Grocery,0
3858.09,11,5,0,33.24,227,Yes,Yes,Online,Restaurant,0
4679.59,2,3,1,22.5,2408,Yes,No,Online,Travel,0
759.47,7,2,0,4.11,1409,Yes,No,ATM,Restaurant,0
53521.91,23,21,2,283.57,92,No,Yes,Online,Travel,1
739.16,6,3,0,9.62,995,No,No,POS,Restaurant,0
2213.76,9,0,0,42.89,2586,Yes,No,Online,Restaurant,0
1307.67,17,5,0,11.66,2684,Yes,No,Transfer,Jewellery,0
523.72,16,4,0,36.0,1323,Yes,No,POS,Fuel,0
3714.17,16,3,1,6.86,2694,Yes,No,POS,Grocery,0
4964.43,9,6,0,1.24,1089,Yes,No,POS,Other,0
8748.99,11,2,0,26.98,1985,Yes,No,Transfer,Electronics,0
4105.69,20,4,0,34.44,2805,No,No,Transfer,Electronics,1
1675.54,20,2,0,17.78,540,Yes,No,Online,Grocery,0
2298.03,1,2,1,25.99,1230,No,No,POS,Grocery,0
612.64,20,2,0,5.53,169,Yes,Yes,Online,Electronics,0
51341.23,2,18,6,162.02,109,No,Yes,Online,Electronics,1
3303.0,22,0,0,49.94,833,Yes,No,POS,Restaurant,0
4819.34,6,2,0,91.33,297,No,No,POS,Fuel,0
5743.19,12,0,0,23.34,2712,Yes,No,POS,Electronics,0
4709.3,1,7,1,32.01,889,Yes,No,ATM,Restaurant,0
1526.59,2,1,0,51.1,2193,No,No,Online,Restaurant,0
1171.06,13,3,0,27.73,497,No,No,Online,Fuel,0
72358.71,3,9,7,151.0,32,No,Yes,Online,Travel,1
504.19,5,1,0,71.85,256,Yes,No,POS,Grocery,0
11549.13,7,1,0,32.42,2127,Yes,No,Online,Jewellery,0
1810.77,11,2,0,18.3,1118,Yes,Yes,POS,Other,0
7370.37,3,2,0,70.91,2704,Yes,No,Online,Grocery,0
46010.31,1,11,3,472.04,151,No,Yes,Transfer,Travel,1
5046.12,16,4,1,7.62,579,Yes,No,POS,Fuel,0
1209.79,18,3,0,20.18,2340,No,No,Online,Electronics,0
3451.46,22,3,1,98.99,2603,Yes,No,POS,Fuel,0
655.9,14,3,0,53.99,1827,Yes,No,Online,Other,0
4263.31,8,2,0,15.09,2087,No,No,Online,Grocery,0
1190.65,23,1,1,59.12,2475,Yes,No,POS,Grocery,0
1366.51,13,2,0,19.99,337,Yes,Yes,POS,Grocery,0
2395.75,11,3,3,12.05,706,Yes,No,POS,Grocery,0
2795.56,9,2,0,50.76,2341,No,No,Transfer,Travel,0
4824.44,0,3,0,7.99,2387,Yes,No,Online,Fuel,0
4493.28,22,2,0,12.31,571,Yes,No,Online,Other,0
3720.58,19,1,0,27.31,164,Yes,No,Transfer,Restaurant,0
6185.7,16,3,0,31.19,1628,Yes,No,Online,Travel,0
4405.19,5,7,0,45.11,838,Yes,No,POS,Fuel,0
4631.27,22,3,0,9.87,502,Yes,No,ATM,Other,0
1355.64,4,2,1,27.71,1336,No,No,Transfer,Grocery,1
6509.2,5,3,0,1.97,805,No,No,Transfer,Other,0
5978.62,1,5,0,2.62,2871,Yes,No,POS,Fuel,0
3852.32,6,5,1,12.88,2441,Yes,No,Online,Restaurant,0
5832.19,7,2,1,45.08,281,Yes,No,POS,Restaurant,0
3257.16,19,4,0,37.05,2889,Yes,No,POS,Travel,0
9039.9,7,4,0,19.91,795,Yes,Yes,POS,Fuel,0
3599.59,22,2,0,3.71,499,Yes,No,POS,Fuel,0
3175.16,7,1,0,30.91,465,No,No,POS,Electronics,1
4427.87,12,3,0,149.48,1143,Yes,No,POS,Other,0
10282.0,14,2,0,24.37,1281,No,No,Online,Fuel,0
2148.01,19,1,0,8.03,2710,Yes,No,POS,Travel,0
4225.42,18,0,0,22.84,993,Yes,No,Online,Grocery,0
2278.22,20,6,0,4.62,2057,Yes,No,POS,Grocery,0
3172.15,22,5,1,14.95,285,Yes,Yes,Online,Grocery,0
80344.92,0,9,3,232.38,79,No,Yes,Transfer,Jewellery,1
4546.27,2,4,0,67.32,1448,Yes,No,Online,Travel,1
3385.4,10,4,0,18.73,1742,No,No,POS,Restaurant,0
5748.87,3,2,0,6.54,1461,Yes,No,POS,Restaurant,0
6846.91,11,4,0,44.5,2225,No,Yes,ATM,Grocery,0
7547.41,14,4,1,29.67,1894,Yes,No,POS,Electronics,0
2349.96,6,3,0,22.46,1101,No,No,Online,Other,0
4434.04,2,4,0,26.28,2524,No,No,Online,Restaurant,0
7870.42,23,5,0,19.47,334,No,No,POS,Restaurant,0
1658.76,8,1,1,24.32,2920,Yes,No,POS,Travel,0
3655.24,20,2,0,28.17,1870,Yes,No,Online,Fuel,0
1753.85,14,3,0,30.55,320,Yes,No,POS,Fuel,0
10193.06,15,5,0,25.85,1503,No,No,Online,Grocery,0
7810.93,18,2,0,10.92,1021,Yes,No,POS,Jewellery,0
76734.86,0,9,3,267.37,78,No,Yes,Transfer,Jewellery,1
4920.22,5,5,0,23.37,2917,Yes,No,Online,Fuel,0
1896.29,23,2,0,3.4,2628,Yes,No,Online,Grocery,1
8425.09,16,2,0,20.35,1707,Yes,No,POS,Restaurant,0
23521.04,23,16,2,119.46,20,No,Yes,Online,Electronics,1
2052.17,15,0,0,12.21,1196,Yes,No,POS,Electronics,0
24590.12,23,10,4,369.04,135,No,Yes,Online,Travel,1
2503.58,20,5,0,28.1,1310,Yes,Yes,POS,Grocery,0
2121.81,12,3,0,27.8,1630,No,No,Online,Restaurant,1
5975.24,7,2,0,7.65,2529,Yes,No,Online,Fuel,0
1263.46,16,4,0,28.38,554,No,No,POS,Fuel,0
5016.25,18,3,0,34.26,2592,Yes,No,POS,Restaurant,0
3685.51,8,1,0,6.82,2939,Yes,No,Online,Electronics,0
5642.86,18,2,0,19.66,892,Yes,Yes,Online,Travel,1
4642.66,5,1,1,86.95,2788,Yes,No,POS,Restaurant,0
14416.66,5,5,1,40.22,933,Yes,No,POS,Fuel,0
3935.97,19,2,1,40.34,2105,No,No,POS,Electronics,0
2497.62,14,4,2,40.79,2102,No,No,POS,Fuel,0
3399.38,0,2,1,57.44,2809,No,Yes,POS,Grocery,0
4608.14,16,5,1,12.61,211,Yes,No,POS,Jewellery,0
9826.3,7,1,0,4.15,1789,Yes,No,ATM,Electronics,0
5239.6,6,1,0,19.23,2539,Yes,Yes,POS,Grocery,0
1813.53,10,2,2,15.55,283,No,No,ATM,Other,0
27449.37,10,4,0,17.09,30,No,No,POS,Electronics,1
6659.68,21,3,0,42.74,203,Yes,No,Online,Grocery,0
19417.31,0,16,3,493.83,12,No,Yes,Online,Travel,1
1364.27,7,4,1,89.94,1685,No,Yes,POS,Restaurant,0
1150.39,18,4,0,2.82,2379,Yes,No,ATM,Fuel,0
3270.77,13,2,0,61.53,1270,Yes,No,ATM,Grocery,0
3372.26,0,1,1,5.2,2743,Yes,No,Online,Other,0
2015.7,15,8,1,41.42,348,No,Yes,Online,Travel,0
78322.91,4,17,4,397.7,78,No,Yes,Online,Travel,1
1390.62,13,1,0,19.78,1400,Yes,No,POS,Restaurant,0
5311.73,4,3,1,44.87,1596,No,No,POS,Fuel,0
2732.02,11,8,0,11.63,1514,No,No,Online,Jewellery,0
1529.15,15,4,0,9.69,2094,Yes,No,POS,Grocery,0
3676.24,16,4,0,42.1,2152,No,No,Transfer,Fuel,0
4190.27,16,3,1,15.71,2527,Yes,No,Online,Grocery,0
4516.05,23,3,0,82.68,1106,No,No,POS,Grocery,0
3576.88,12,3,0,42.06,48,No,Yes,POS,Restaurant,0
3189.5,10,3,0,32.54,487,Yes,No,POS,Electronics,0
7487.98,13,5,0,16.91,1822,Yes,No,Online,Grocery,0
1440.7,7,2,1,7.82,490,Yes,Yes,Transfer,Other,0
2886.3,7,1,1,53.69,2302,Yes,No,Transfer,Electronics,0
592.56,16,4,0,53.24,10,Yes,No,Online,Grocery,0
2607.52,7,5,0,12.91,2777,Yes,No,POS,Fuel,0
3864.3,17,2,0,6.59,2976,No,No,Transfer,Grocery,0
5935.63,17,4,1,26.48,1204,No,No,Transfer,Electronics,0
612.03,22,1,0,25.12,2574,Yes,No,Online,Fuel,0
3783.03,3,4,1,47.31,2706,Yes,No,POS,Other,0
66107.56,1,20,7,479.3,78,No,Yes,Online,Travel,1
28841.72,3,22,6,400.67,142,No,Yes,Transfer,Jewellery,1
1219.43,10,3,0,36.74,629,Yes,No,POS,Other,0
2611.19,15,3,1,84.5,1006,Yes,No,Online,Grocery,0
4859.9,17,3,0,6.26,1080,No,Yes,Online,Electronics,0
2091.68,21,2,1,28.69,2950,Yes,No,Transfer,Jewellery,0
4099.52,5,4,1,70.98,1930,No,No,POS,Electronics,0
3931.54,6,1,0,7.11,185,Yes,No,POS,Grocery,0
3235.56,11,1,0,50.47,489,No,No,POS,Fuel,0
1106.28,12,1,1,3.98,2610,Yes,No,POS,Grocery,0
1914.86,21,3,0,7.78,1463,No,No,POS,Fuel,0
11477.68,0,3,0,6.73,1589,Yes,No,Online,Travel,0
2481.36,5,4,0,8.44,2757,Yes,No,Online,Restaurant,0
2717.87,21,4,0,45.34,1758,Yes,No,ATM,Jewellery,0
2706.99,14,6,1,19.39,1248,Yes,No,POS,Other,0
5837.94,16,5,0,23.57,2498,No,No,Online,Other,0
2820.84,5,2,1,11.61,1011,Yes,No,Online,Fuel,0
47204.16,4,20,5,191.4,40,No,Yes,Transfer,Jewellery,1
3784.63,8,3,1,68.88,225,No,No,Online,Restaurant,0
6279.75,17,2,0,7.27,2687,Yes,No,POS,Grocery,1
3300.89,2,0,1,207.38,375,Yes,No,POS,Electronics,0
3565.52,6,3,0,21.18,1404,Yes,No,POS,Restaurant,0
2172.96,15,1,1,10.76,649,No,No,Online,Electronics,1
4166.37,14,1,1,6.65,2139,Yes,No,Online,Electronics,0
5021.85,20,5,1,33.72,1400,Yes,No,Online,Travel,0
5259.64,19,2,0,30.12,2259,Yes,No,POS,Grocery,0
10359.06,0,7,0,8.2,1694,Yes,Yes,POS,Grocery,0
1806.22,2,4,0,59.98,1045,Yes,No,Online,Grocery,0
3400.96,8,0,0,38.22,2201,Yes,No,POS,Electronics,0
2834.81,23,4,1,57.76,917,Yes,No,Online,Electronics,0
9179.77,11,1,0,64.34,683,Yes,Yes,POS,Other,0
5396.48,21,1,1,6.51,2466,Yes,No,Online,Other,0
830.65,1,2,0,63.9,2984,No,No,ATM,Electronics,0
2029.56,23,3,0,42.82,1612,Yes,No,Online,Other,0
2585.78,1,1,1,37.62,2877,Yes,No,Online,Grocery,0
948.97,19,2,0,20.42,676,Yes,No,POS,Fuel,0
3588.15,21,3,0,61.22,24,Yes,No,POS,Electronics,0
2248.11,7,5,0,68.26,2642,No,No,ATM,Electronics,0
10650.26,7,1,0,35.41,2496,Yes,No,Transfer,Travel,0
4142.91,13,5,0,37.74,1489,Yes,No,POS,Grocery,0
2509.17,17,1,0,106.62,2567,Yes,No,POS,Jewellery,0
1521.74,2,2,0,0.69,2617,Yes,Yes,POS,Fuel,0
20875.64,0,20,2,257.0,176,No,Yes,Online,Electronics,1
8674.38,18,3,0,26.5,502,Yes,No,Online,Other,0
2859.15,19,8,1,78.54,1847,Yes,Yes,Transfer,Other,1
3213.37,3,3,0,11.2,2674,No,No,POS,Electronics,0
6858.75,21,3,0,34.65,1740,Yes,No,ATM,Electronics,0
4059.95,20,5,0,34.07,1219,Yes,No,ATM,Restaurant,0
5759.74,20,4,0,40.59,708,Yes,No,Online,Restaurant,0
4347.32,5,5,0,21.33,884,Yes,No,Online,Grocery,0
33781.17,1,15,2,392.98,128,No,Yes,Transfer,Electronics,1
788.44,3,4,1,40.52,1113,No,No,Online,Electronics,1
1347.41,4,4,1,44.44,1522,Yes,No,POS,Electronics,0
3762.08,1,2,1,24.21,1812,Yes,No,Online,Grocery,0
1640.92,11,5,0,38.96,912,Yes,No,Transfer,Jewellery,0
3195.29,17,4,0,88.46,908,Yes,No,POS,Jewellery,0
1242.95,4,3,0,28.15,2165,Yes,No,Online,Restaurant,0
6895.44,4,2,1,2.3,1934,Yes,No,POS,Travel,0
1805.92,6,7,0,35.84,2332,Yes,No,POS,Grocery,0
1517.9,4,1,0,7.81,1517,Yes,No,POS,Fuel,0
56062.18,0,14,5,303.03,154,No,Yes,Online,Travel,1
5219.96,4,3,0,53.25,1969,Yes,No,ATM,Electronics,0
3192.06,6,3,0,23.28,50,Yes,Yes,POS,Travel,0
6730.1,7,1,0,48.68,1018,Yes,No,Online,Grocery,0
2184.63,4,5,0,49.77,2221,Yes,No,Online,Fuel,0
1317.1,22,3,0,64.79,785,Yes,Yes,POS,Grocery,0
3088.56,5,2,3,98.39,2614,Yes,No,POS,Travel,0
7620.56,11,0,0,78.86,2024,Yes,No,ATM,Grocery,0
36932.23,3,8,5,224.05,43,No,Yes,Online,Travel,1
3996.04,6,3,0,15.75,1592,Yes,No,Transfer,Restaurant,0
4282.0,11,6,1,10.84,1385,Yes,Yes,ATM,Restaurant,0
8443.31,4,3,2,43.16,435,Yes,No,ATM,Electronics,0
28609.11,0,15,2,436.22,117,No,Yes,Transfer,Travel,1
720.87,0,3,1,12.51,1961,No,No,POS,Grocery,0
2357.16,10,4,1,16.13,2449,Yes,Yes,POS,Restaurant,0
5704.94,8,3,0,18.17,837,Yes,No,POS,Fuel,0
3343.16,8,4,0,48.49,627,Yes,No,Transfer,Fuel,0
4597.29,2,2,0,4.64,1099,Yes,No,Online,Fuel,0
1389.46,23,2,0,12.58,1431,Yes,No,POS,Grocery,0
2732.44,0,2,0,47.96,2566,No,No,POS,Restaurant,1
3433.01,3,3,0,60.47,808,Yes,No,POS,Grocery,0
882.1,2,5,0,38.48,614,No,No,POS,Electronics,0
3418.41,23,2,0,43.24,368,Yes,No,POS,Jewellery,0
2544.02,7,3,1,31.33,1298,Yes,Yes,POS,Grocery,0
16275.53,10,5,1,38.06,321,Yes,No,POS,Electronics,0
3246.41,18,1,0,3.0,266,Yes,Yes,POS,Electronics,0
8743.95,1,3,0,36.93,1078,No,No,POS,Restaurant,0
4573.67,1,4,1,11.52,1356,Yes,Yes,POS,Other,0
70242.8,3,14,7,157.77,28,No,Yes,Online,Travel,1
7913.73,16,2,0,21.77,2763,No,No,POS,Fuel,0
1220.1,23,2,0,72.44,2754,Yes,Yes,POS,Jewellery,0
2316.43,14,2,0,32.52,1680,Yes,No,Online,Other,0
5933.12,20,4,0,10.48,2820,Yes,No,POS,Other,0
385.82,21,4,1,7.1,2606,Yes,No,POS,Other,0
3168.59,6,3,1,11.74,153,Yes,No,POS,Restaurant,0
3148.83,4,3,0,25.65,1630,Yes,No,POS,Grocery,0
49725.34,2,9,6,256.22,49,No,Yes,Online,Jewellery,1
2754.93,19,2,0,17.59,185,No,No,Transfer,Grocery,0
5772.96,16,3,0,35.81,1966,No,Yes,POS,Electronics,0
1770.54,20,1,0,6.5,1518,Yes,No,POS,Travel,0
6317.91,12,1,1,42.6,1838,Yes,No,Online,Travel,0
1354.37,23,4,0,22.75,705,No,No,POS,Grocery,0
4123.6,21,4,0,35.41,2526,Yes,No,Online,Restaurant,0
7306.8,19,4,0,77.01,1303,Yes,No,Online,Grocery,0
1646.08,19,2,0,28.51,721,Yes,No,Online,Other,0
1989.47,2,5,0,7.51,719,Yes,Yes,POS,Electronics,0
6464.89,17,1,0,30.37,836,No,No,POS,Fuel,0
3716.35,22,7,0,29.49,348,Yes,No,POS,Grocery,0
729.34,7,4,0,48.73,2603,Yes,Yes,Online,Other,0
3818.86,19,0,0,28.19,643,No,Yes,Transfer,Restaurant,0
5130.9,8,1,1,74.59,2225,Yes,No,POS,Travel,0
6642.12,5,3,0,50.43,1209,Yes,Yes,POS,Restaurant,0
4055.21,17,2,1,28.75,370,Yes,Yes,Online,Restaurant,0
4678.32,3,3,0,25.94,2470,Yes,No,POS,Electronics,0
9308.65,11,3,0,9.28,2429,Yes,No,POS,Other,0
6050.08,22,4,1,19.26,2310,Yes,No,Online,Fuel,1
2679.61,3,1,0,4.82,1105,Yes,No,Online,Restaurant,0
62089.17,4,20,3,230.81,97,No,Yes,Transfer,Jewellery,1
7112.29,22,6,0,3.57,2354,Yes,No,Online,Other,0
3997.33,18,2,0,29.33,2332,No,No,Online,Restaurant,0
3591.54,11,2,0,8.42,2612,Yes,No,POS,Other,0
36199.96,23,21,6,390.12,102,No,Yes,Transfer,Jewellery,1
6935.08,23,4,2,27.39,2545,Yes,No,Online,Travel,0
1726.4,17,5,0,16.21,236,Yes,No,POS,Electronics,0
2320.66,21,3,0,6.12,93,Yes,No,POS,Electronics,0
6920.74,2,2,0,25.49,2287,Yes,No,POS,Restaurant,0
6865.33,12,4,2,23.84,2226,Yes,No,Online,Grocery,0
12991.64,17,2,0,94.78,1185,Yes,No,Online,Fuel,0
3177.24,0,1,1,18.37,2193,No,No,POS,Electronics,0
2647.2,12,3,0,46.23,971,Yes,No,Online,Restaurant,0
2852.53,1,7,0,13.59,365,Yes,No,Online,Grocery,0
818.35,21,0,0,10.04,1132,Yes,No,POS,Grocery,0
459.2,16,2,0,38.91,2691,Yes,Yes,POS,Restaurant,0
4045.38,4,4,1,17.39,1577,Yes,No,Transfer,Electronics,1
2497.07,12,8,0,24.91,2198,Yes,No,POS,Electronics,0
1827.11,2,4,0,1.38,1823,Yes,No,Transfer,Grocery,0
3554.88,19,3,0,14.23,1975,Yes,No,ATM,Travel,0
4112.28,4,3,3,16.07,2014,No,No,Online,Jewellery,1
3017.6,14,5,1,8.94,331,Yes,No,Online,Grocery,0
3075.72,1,3,0,19.08,297,No,No,POS,Jewellery,0
2474.59,3,5,0,4.14,373,Yes,No,POS,Other,0
5394.82,23,1,1,29.33,501,Yes,No,POS,Travel,0
2197.86,9,4,0,19.14,2071,Yes,No,Online,Fuel,0
1523.2,2,2,1,17.96,1308,Yes,No,ATM,Restaurant,0
2395.25,16,2,1,39.19,1102,Yes,No,POS,Grocery,0
3918.08,4,4,0,9.34,2593,No,No,POS,Grocery,0
5615.83,14,7,0,76.71,1438,Yes,No,POS,Restaurant,0
10492.16,19,3,1,9.04,2290,Yes,No,Online,Restaurant,0
3567.52,16,4,1,51.22,1869,Yes,No,Online,Fuel,0
8816.08,5,4,0,68.44,568,Yes,No,ATM,Travel,0
2054.58,5,2,0,2.72,1115,No,No,POS,Travel,0
1775.83,5,2,0,12.71,869,Yes,No,Online,Restaurant,0
4533.96,15,4,0,6.41,2154,Yes,No,POS,Grocery,0
5002.41,16,2,0,38.18,1142,No,No,Transfer,Grocery,0
3826.91,12,7,0,14.47,1700,Yes,No,Online,Restaurant,0
16508.81,9,5,0,9.65,2581,Yes,No,POS,Other,0
2146.37,1,3,0,21.56,1111,Yes,Yes,POS,Other,0
7751.34,20,4,0,25.69,2935,No,No,Online,Restaurant,0
1815.41,15,1,0,61.76,616,Yes,No,Online,Other,0
82283.54,23,10,5,206.54,78,No,Yes,Online,Jewellery,1
3458.81,2,4,0,12.34,586,Yes,No,POS,Grocery,0
4013.56,6,3,0,4.97,1465,Yes,No,POS,Grocery,0
4566.97,7,3,0,34.13,98,Yes,No,POS,Travel,0
64564.35,4,14,6,428.57,88,No,Yes,Transfer,Electronics,1
60301.3,1,9,4,276.91,100,No,Yes,Transfer,Electronics,1
653.23,20,6,2,66.96,972,Yes,No,POS,Grocery,0
6212.01,12,2,0,35.85,600,Yes,No,POS,Grocery,0
61057.18,1,12,6,268.84,104,No,Yes,Transfer,Jewellery,1
2520.08,9,2,1,30.86,837,Yes,No,POS,Fuel,0
19071.58,1,20,7,441.08,162,No,Yes,Online,Travel,1
1356.38,7,4,0,30.35,1747,Yes,No,Online,Fuel,0
3065.01,9,2,1,16.26,1775,Yes,No,ATM,Grocery,0
69677.96,0,10,6,447.9,10,No,Yes,Online,Jewellery,1
2475.73,13,3,0,17.58,1278,Yes,No,POS,Fuel,0
3102.85,11,3,0,90.57,509,Yes,No,POS,Grocery,0
1597.55,17,4,0,1.44,2169,Yes,No,Online,Electronics,0
2704.28,6,4,0,14.57,2831,Yes,No,Online,Other,0
1189.13,1,4,1,17.32,1240,Yes,No,POS,Other,0
3878.55,18,1,1,34.14,2150,Yes,No,Online,Grocery,0
954.23,10,5,0,13.78,1958,Yes,No,Online,Grocery,0
2083.44,7,2,1,69.96,148,Yes,No,Online,Jewellery,1
3480.5,2,4,0,58.28,512,No,No,Online,Other,0
2916.24,22,2,0,72.7,2054,Yes,No,POS,Travel,0
4382.04,17,2,1,28.91,1025,No,No,Online,Travel,1
3110.23,6,1,1,66.05,795,Yes,No,POS,Travel,0
650.77,14,1,0,12.32,1710,Yes,No,ATM,Jewellery,0
1336.77,11,4,0,25.41,1672,Yes,Yes,POS,Other,0
3362.51,7,3,0,2.96,2754,No,Yes,Online,Jewellery,1
6775.72,7,2,1,37.84,2940,Yes,No,ATM,Grocery,0
6001.18,1,2,0,37.31,67,Yes,No,POS,Other,0
19788.69,0,21,5,438.5,68,No,Yes,Transfer,Jewellery,1
2272.05,22,5,0,20.49,2183,Yes,No,POS,Grocery,0
84240.97,1,14,7,178.27,59,No,Yes,Online,Travel,1
5359.45,7,1,0,64.05,1456,Yes,No,POS,Restaurant,0
9029.91,23,2,1,93.58,2082,Yes,No,Online,Jewellery,1
7499.71,6,1,3,36.29,2236,Yes,Yes,Online,Grocery,0
4081.29,19,2,1,24.04,2835,Yes,No,POS,Electronics,1
5022.53,2,6,0,15.98,353,No,No,Online,Restaurant,0
